You are an expert in linguistics. Imagine a language that is the same as English only except that it uses the verb-subject-object order instead of the subject-verb-object order. Your task is to reconstruct the original sentence in English. You should only use the words in the same form as they appear in the given sentence.\nSentence: knows alice mia.\nShow the original sentence the prefix 'Original sentence: '.\n	 Original sentence: Alice knows Mia.	False	claude-v1.3	None	None	None	0	1
You are an expert in linguistics. Imagine a language that is the same as English only except that it uses the verb-subject-object order instead of the subject-verb-object order. Your task is to reconstruct the original sentence in English. You should only use the words in the same form as they appear in the given sentence.\nSentence: loves tim olivia.\nShow the original sentence the prefix 'Original sentence: '.\n	 Original sentence: Olivia loves Tim.	False	claude-v1.3	None	None	None	0	1
You are an expert in linguistics. Imagine a language that is the same as English only except that it uses the verb-subject-object order instead of the subject-verb-object order. Your task is to reconstruct the original sentence in English. You should only use the words in the same form as they appear in the given sentence.\nSentence: calls tom olivia.\nShow the original sentence the prefix 'Original sentence: '.\n	 Original sentence: Tom calls Olivia.	False	claude-v1.3	None	None	None	0	1
You are an expert in linguistics. Imagine a language that is the same as English only except that it uses the verb-subject-object order instead of the subject-verb-object order. Your task is to reconstruct the original sentence in English. You should only use the words in the same form as they appear in the given sentence.\nSentence: knows alice noah.\nShow the original sentence the prefix 'Original sentence: '.\n	 Original sentence: Noah knows Alice.	False	claude-v1.3	None	None	None	0	1
You are an expert in linguistics. Imagine a language that is the same as English only except that it uses the verb-subject-object order instead of the subject-verb-object order. Your task is to reconstruct the original sentence in English. You should only use the words in the same form as they appear in the given sentence.\nSentence: sees mary lucas.\nShow the original sentence the prefix 'Original sentence: '.\n	 Original sentence: Mary sees Lucas.	False	claude-v1.3	None	None	None	0	1
You are an expert in linguistics. Imagine a language that is the same as English only except that it uses the verb-subject-object order instead of the subject-verb-object order. Your task is to reconstruct the original sentence in English. You should only use the words in the same form as they appear in the given sentence.\nSentence: saw john ethan.\nShow the original sentence the prefix 'Original sentence: '.\n	 Original sentence: John saw Ethan.	False	claude-v1.3	None	None	None	0	1
You are an expert in linguistics. Imagine a language that is the same as English only except that it uses the verb-subject-object order instead of the subject-verb-object order. Your task is to reconstruct the original sentence in English. You should only use the words in the same form as they appear in the given sentence.\nSentence: calls tom noah.\nShow the original sentence the prefix 'Original sentence: '.\n	 Original sentence: Noah calls Tom.	False	claude-v1.3	None	None	None	0	1
You are an expert in linguistics. Imagine a language that is the same as English only except that it uses the verb-subject-object order instead of the subject-verb-object order. Your task is to reconstruct the original sentence in English. You should only use the words in the same form as they appear in the given sentence.\nSentence: calls mary lucas.\nShow the original sentence the prefix 'Original sentence: '.\n	 Original sentence: Mary calls Lucas.	False	claude-v1.3	None	None	None	0	1
You are an expert in linguistics. Imagine a language that is the same as English only except that it uses the verb-subject-object order instead of the subject-verb-object order. Your task is to reconstruct the original sentence in English. You should only use the words in the same form as they appear in the given sentence.\nSentence: calls sophie jacob.\nShow the original sentence the prefix 'Original sentence: '.\n	 Original sentence: Sophie calls Jacob.	False	claude-v1.3	None	None	None	0	1
You are an expert in linguistics. Imagine a language that is the same as English only except that it uses the verb-subject-object order instead of the subject-verb-object order. Your task is to reconstruct the original sentence in English. You should only use the words in the same form as they appear in the given sentence.\nSentence: knows tim ava.\nShow the original sentence the prefix 'Original sentence: '.\n	 Original sentence: Tim knows Ava.	False	claude-v1.3	None	None	None	0	1
You are an expert in linguistics. Imagine a language that is the same as English only except that it uses the verb-subject-object order instead of the subject-verb-object order. Your task is to reconstruct the original sentence in English. You should only use the words in the same form as they appear in the given sentence.\nSentence: loves jim emily.\nShow the original sentence the prefix 'Original sentence: '.\n	 Original sentence: Emily loves Jim.	False	claude-v1.3	None	None	None	0	1
You are an expert in linguistics. Imagine a language that is the same as English only except that it uses the verb-subject-object order instead of the subject-verb-object order. Your task is to reconstruct the original sentence in English. You should only use the words in the same form as they appear in the given sentence.\nSentence: loves tim ethan.\nShow the original sentence the prefix 'Original sentence: '.\n	 Original sentence: Ethan loves Tim.	False	claude-v1.3	None	None	None	0	1
You are an expert in linguistics. Imagine a language that is the same as English only except that it uses the verb-subject-object order instead of the subject-verb-object order. Your task is to reconstruct the original sentence in English. You should only use the words in the same form as they appear in the given sentence.\nSentence: saw jim ava.\nShow the original sentence the prefix 'Original sentence: '.\n	 Original sentence: Ava saw Jim.	False	claude-v1.3	None	None	None	0	1
You are an expert in linguistics. Imagine a language that is the same as English only except that it uses the verb-subject-object order instead of the subject-verb-object order. Your task is to reconstruct the original sentence in English. You should only use the words in the same form as they appear in the given sentence.\nSentence: knows anna emily.\nShow the original sentence the prefix 'Original sentence: '.\n	 Original sentence: Emily knows Anna.	False	claude-v1.3	None	None	None	0	1
You are an expert in linguistics. Imagine a language that is the same as English only except that it uses the verb-subject-object order instead of the subject-verb-object order. Your task is to reconstruct the original sentence in English. You should only use the words in the same form as they appear in the given sentence.\nSentence: calls anna mia.\nShow the original sentence the prefix 'Original sentence: '.\n	 Original sentence: Anna calls Mia.	False	claude-v1.3	None	None	None	0	1
You are an expert in linguistics. Imagine a language that is the same as English only except that it uses the verb-subject-object order instead of the subject-verb-object order. Your task is to reconstruct the original sentence in English. You should only use the words in the same form as they appear in the given sentence.\nSentence: sees alice mia.\nShow the original sentence the prefix 'Original sentence: '.\n	 Original sentence: Alice sees Mia.	False	claude-v1.3	None	None	None	0	1
You are an expert in linguistics. Imagine a language that is the same as English only except that it uses the verb-subject-object order instead of the subject-verb-object order. Your task is to reconstruct the original sentence in English. You should only use the words in the same form as they appear in the given sentence.\nSentence: knows sophie emily.\nShow the original sentence the prefix 'Original sentence: '.\n	 Original sentence: Emily knows Sophie.	False	claude-v1.3	None	None	None	0	1
You are an expert in linguistics. Imagine a language that is the same as English only except that it uses the verb-subject-object order instead of the subject-verb-object order. Your task is to reconstruct the original sentence in English. You should only use the words in the same form as they appear in the given sentence.\nSentence: saw mary ava.\nShow the original sentence the prefix 'Original sentence: '.\n	 Original sentence: Mary saw Ava.	False	claude-v1.3	None	None	None	0	1
You are an expert in linguistics. Imagine a language that is the same as English only except that it uses the verb-subject-object order instead of the subject-verb-object order. Your task is to reconstruct the original sentence in English. You should only use the words in the same form as they appear in the given sentence.\nSentence: sees mary liam.\nShow the original sentence the prefix 'Original sentence: '.\n	 Original sentence: Mary sees Liam.	False	claude-v1.3	None	None	None	0	1
You are an expert in linguistics. Imagine a language that is the same as English only except that it uses the verb-subject-object order instead of the subject-verb-object order. Your task is to reconstruct the original sentence in English. You should only use the words in the same form as they appear in the given sentence.\nSentence: sees jim emily.\nShow the original sentence the prefix 'Original sentence: '.\n	 Original sentence: Emily sees Jim.	False	claude-v1.3	None	None	None	0	1
You are an expert in linguistics. Imagine a language that is the same as English only except that it uses the verb-subject-object order instead of the subject-verb-object order. Your task is to reconstruct the original sentence in English. You should only use the words in the same form as they appear in the given sentence.\nSentence: loves alice noah.\nShow the original sentence the prefix 'Original sentence: '.\n	 Original sentence: Noah loves Alice.	False	claude-v1.3	None	None	None	0	1
You are an expert in linguistics. Imagine a language that is the same as English only except that it uses the verb-subject-object order instead of the subject-verb-object order. Your task is to reconstruct the original sentence in English. You should only use the words in the same form as they appear in the given sentence.\nSentence: knows mary emma.\nShow the original sentence the prefix 'Original sentence: '.\n	 Original sentence: Mary knows Emma.	False	claude-v1.3	None	None	None	0	1
You are an expert in linguistics. Imagine a language that is the same as English only except that it uses the verb-subject-object order instead of the subject-verb-object order. Your task is to reconstruct the original sentence in English. You should only use the words in the same form as they appear in the given sentence.\nSentence: loves anna jacob.\nShow the original sentence the prefix 'Original sentence: '.\n	 Original sentence: Jacob loves anna.	False	claude-v1.3	None	None	None	0	1
You are an expert in linguistics. Imagine a language that is the same as English only except that it uses the verb-subject-object order instead of the subject-verb-object order. Your task is to reconstruct the original sentence in English. You should only use the words in the same form as they appear in the given sentence.\nSentence: sees john ethan.\nShow the original sentence the prefix 'Original sentence: '.\n	 Original sentence: John sees Ethan.	False	claude-v1.3	None	None	None	0	1
You are an expert in linguistics. Imagine a language that is the same as English only except that it uses the verb-subject-object order instead of the subject-verb-object order. Your task is to reconstruct the original sentence in English. You should only use the words in the same form as they appear in the given sentence.\nSentence: knows tim emma.\nShow the original sentence the prefix 'Original sentence: '.\n	 Original sentence: Emma knows Tim.	False	claude-v1.3	None	None	None	0	1
You are an expert in linguistics. Imagine a language that is the same as English only except that it uses the verb-subject-object order instead of the subject-verb-object order. Your task is to reconstruct the original sentence in English. You should only use the words in the same form as they appear in the given sentence.\nSentence: saw alice liam.\nShow the original sentence the prefix 'Original sentence: '.\n	 Original sentence: Alice saw Liam.	False	claude-v1.3	None	None	None	0	1
You are an expert in linguistics. Imagine a language that is the same as English only except that it uses the verb-subject-object order instead of the subject-verb-object order. Your task is to reconstruct the original sentence in English. You should only use the words in the same form as they appear in the given sentence.\nSentence: knows sophie olivia.\nShow the original sentence the prefix 'Original sentence: '.\n	 Original sentence: Sophie knows Olivia.	False	claude-v1.3	None	None	None	0	1
You are an expert in linguistics. Imagine a language that is the same as English only except that it uses the verb-subject-object order instead of the subject-verb-object order. Your task is to reconstruct the original sentence in English. You should only use the words in the same form as they appear in the given sentence.\nSentence: knows anna ethan.\nShow the original sentence the prefix 'Original sentence: '.\n	 Original sentence: Anna knows Ethan.	False	claude-v1.3	None	None	None	0	1
You are an expert in linguistics. Imagine a language that is the same as English only except that it uses the verb-subject-object order instead of the subject-verb-object order. Your task is to reconstruct the original sentence in English. You should only use the words in the same form as they appear in the given sentence.\nSentence: calls tom emma.\nShow the original sentence the prefix 'Original sentence: '.\n	 Original sentence: Emma calls Tom.	False	claude-v1.3	None	None	None	0	1
You are an expert in linguistics. Imagine a language that is the same as English only except that it uses the verb-subject-object order instead of the subject-verb-object order. Your task is to reconstruct the original sentence in English. You should only use the words in the same form as they appear in the given sentence.\nSentence: calls sophie emily.\nShow the original sentence the prefix 'Original sentence: '.\n	 Original sentence: Emily calls Sophie.	False	claude-v1.3	None	None	None	0	1
You are an expert in linguistics. Imagine a language that is the same as English only except that it uses the verb-subject-object order instead of the subject-verb-object order. Your task is to reconstruct the original sentence in English. You should only use the words in the same form as they appear in the given sentence.\nSentence: sees sue emily.\nShow the original sentence the prefix 'Original sentence: '.\n	 Original sentence: Emily sees Sue.	False	claude-v1.3	None	None	None	0	1
You are an expert in linguistics. Imagine a language that is the same as English only except that it uses the verb-subject-object order instead of the subject-verb-object order. Your task is to reconstruct the original sentence in English. You should only use the words in the same form as they appear in the given sentence.\nSentence: loves sophie emily.\nShow the original sentence the prefix 'Original sentence: '.\n	 Original sentence: Emily loves Sophie.	False	claude-v1.3	None	None	None	0	1
You are an expert in linguistics. Imagine a language that is the same as English only except that it uses the verb-subject-object order instead of the subject-verb-object order. Your task is to reconstruct the original sentence in English. You should only use the words in the same form as they appear in the given sentence.\nSentence: saw alice lucas.\nShow the original sentence the prefix 'Original sentence: '.\n	 Original sentence: Alice saw Lucas.	False	claude-v1.3	None	None	None	0	1
You are an expert in linguistics. Imagine a language that is the same as English only except that it uses the verb-subject-object order instead of the subject-verb-object order. Your task is to reconstruct the original sentence in English. You should only use the words in the same form as they appear in the given sentence.\nSentence: saw sophie emily.\nShow the original sentence the prefix 'Original sentence: '.\n	 Original sentence: Emily saw Sophie.	False	claude-v1.3	None	None	None	0	1
You are an expert in linguistics. Imagine a language that is the same as English only except that it uses the verb-subject-object order instead of the subject-verb-object order. Your task is to reconstruct the original sentence in English. You should only use the words in the same form as they appear in the given sentence.\nSentence: sees jim ava.\nShow the original sentence the prefix 'Original sentence: '.\n	 Original sentence: Ava sees Jim.	False	claude-v1.3	None	None	None	0	1
You are an expert in linguistics. Imagine a language that is the same as English only except that it uses the verb-subject-object order instead of the subject-verb-object order. Your task is to reconstruct the original sentence in English. You should only use the words in the same form as they appear in the given sentence.\nSentence: knows tom mia.\nShow the original sentence the prefix 'Original sentence: '.\n	 Original sentence: Tom knows Mia.	False	claude-v1.3	None	None	None	0	1
You are an expert in linguistics. Imagine a language that is the same as English only except that it uses the verb-subject-object order instead of the subject-verb-object order. Your task is to reconstruct the original sentence in English. You should only use the words in the same form as they appear in the given sentence.\nSentence: sees bob liam.\nShow the original sentence the prefix 'Original sentence: '.\n	 Original sentence: Bob sees Liam.	False	claude-v1.3	None	None	None	0	1
You are an expert in linguistics. Imagine a language that is the same as English only except that it uses the verb-subject-object order instead of the subject-verb-object order. Your task is to reconstruct the original sentence in English. You should only use the words in the same form as they appear in the given sentence.\nSentence: calls anna ava.\nShow the original sentence the prefix 'Original sentence: '.\n	 Original sentence: Anna calls Ava.	False	claude-v1.3	None	None	None	0	1
You are an expert in linguistics. Imagine a language that is the same as English only except that it uses the verb-subject-object order instead of the subject-verb-object order. Your task is to reconstruct the original sentence in English. You should only use the words in the same form as they appear in the given sentence.\nSentence: knows tim liam.\nShow the original sentence the prefix 'Original sentence: '.\n	 Original sentence: Tim knows Liam.	False	claude-v1.3	None	None	None	0	1
You are an expert in linguistics. Imagine a language that is the same as English only except that it uses the verb-subject-object order instead of the subject-verb-object order. Your task is to reconstruct the original sentence in English. You should only use the words in the same form as they appear in the given sentence.\nSentence: knows jim olivia.\nShow the original sentence the prefix 'Original sentence: '.\n	 Original sentence: Jim knows Olivia.	False	claude-v1.3	None	None	None	0	1
You are an expert in linguistics. Imagine a language that is the same as English only except that it uses the verb-subject-object order instead of the subject-verb-object order. Your task is to reconstruct the original sentence in English. You should only use the words in the same form as they appear in the given sentence.\nSentence: knows alice jacob.\nShow the original sentence the prefix 'Original sentence: '.\n	 Original sentence: Alice knows Jacob.	False	claude-v1.3	None	None	None	0	1
You are an expert in linguistics. Imagine a language that is the same as English only except that it uses the verb-subject-object order instead of the subject-verb-object order. Your task is to reconstruct the original sentence in English. You should only use the words in the same form as they appear in the given sentence.\nSentence: sees mary ethan.\nShow the original sentence the prefix 'Original sentence: '.\n	 Original sentence: Mary sees Ethan.	False	claude-v1.3	None	None	None	0	1
You are an expert in linguistics. Imagine a language that is the same as English only except that it uses the verb-subject-object order instead of the subject-verb-object order. Your task is to reconstruct the original sentence in English. You should only use the words in the same form as they appear in the given sentence.\nSentence: calls jim emma.\nShow the original sentence the prefix 'Original sentence: '.\n	 Original sentence: Emma calls Jim.	False	claude-v1.3	None	None	None	0	1
You are an expert in linguistics. Imagine a language that is the same as English only except that it uses the verb-subject-object order instead of the subject-verb-object order. Your task is to reconstruct the original sentence in English. You should only use the words in the same form as they appear in the given sentence.\nSentence: calls tim ava.\nShow the original sentence the prefix 'Original sentence: '.\n	 Original sentence: Tim calls Ava.	False	claude-v1.3	None	None	None	0	1
You are an expert in linguistics. Imagine a language that is the same as English only except that it uses the verb-subject-object order instead of the subject-verb-object order. Your task is to reconstruct the original sentence in English. You should only use the words in the same form as they appear in the given sentence.\nSentence: calls sue noah.\nShow the original sentence the prefix 'Original sentence: '.\n	 Original sentence: Noah calls Sue.	False	claude-v1.3	None	None	None	0	1
You are an expert in linguistics. Imagine a language that is the same as English only except that it uses the verb-subject-object order instead of the subject-verb-object order. Your task is to reconstruct the original sentence in English. You should only use the words in the same form as they appear in the given sentence.\nSentence: loves bob olivia.\nShow the original sentence the prefix 'Original sentence: '.\n	 Original sentence: Olivia loves Bob.	False	claude-v1.3	None	None	None	0	1
You are an expert in linguistics. Imagine a language that is the same as English only except that it uses the verb-subject-object order instead of the subject-verb-object order. Your task is to reconstruct the original sentence in English. You should only use the words in the same form as they appear in the given sentence.\nSentence: sees anna liam.\nShow the original sentence the prefix 'Original sentence: '.\n	 Original sentence: Anna sees Liam.	False	claude-v1.3	None	None	None	0	1
You are an expert in linguistics. Imagine a language that is the same as English only except that it uses the verb-subject-object order instead of the subject-verb-object order. Your task is to reconstruct the original sentence in English. You should only use the words in the same form as they appear in the given sentence.\nSentence: calls john ethan.\nShow the original sentence the prefix 'Original sentence: '.\n	 Original sentence: John calls Ethan.	False	claude-v1.3	None	None	None	0	1
You are an expert in linguistics. Imagine a language that is the same as English only except that it uses the verb-subject-object order instead of the subject-verb-object order. Your task is to reconstruct the original sentence in English. You should only use the words in the same form as they appear in the given sentence.\nSentence: loves bob noah.\nShow the original sentence the prefix 'Original sentence: '.\n	 Original sentence: Noah loves Bob.	False	claude-v1.3	None	None	None	0	1
You are an expert in linguistics. Imagine a language that is the same as English only except that it uses the verb-subject-object order instead of the subject-verb-object order. Your task is to reconstruct the original sentence in English. You should only use the words in the same form as they appear in the given sentence.\nSentence: calls alice emma.\nShow the original sentence the prefix 'Original sentence: '.\n	 Original sentence: Emma calls Alice.	False	claude-v1.3	None	None	None	0	1
You are an expert in linguistics. Imagine a language that is the same as English only except that it uses the verb-subject-object order instead of the subject-verb-object order. Your task is to reconstruct the original sentence in English. You should only use the words in the same form as they appear in the given sentence.\nSentence: loves sophie jacob.\nShow the original sentence the prefix 'Original sentence: '.\n	 Original sentence: Jacob loves Sophie.	False	claude-v1.3	None	None	None	0	1
You are an expert in linguistics. Imagine a language that is the same as English only except that it uses the verb-subject-object order instead of the subject-verb-object order. Your task is to reconstruct the original sentence in English. You should only use the words in the same form as they appear in the given sentence.\nSentence: calls mary emma.\nShow the original sentence the prefix 'Original sentence: '.\n	 Original sentence: Mary calls Emma.	False	claude-v1.3	None	None	None	0	1
You are an expert in linguistics. Imagine a language that is the same as English only except that it uses the verb-subject-object order instead of the subject-verb-object order. Your task is to reconstruct the original sentence in English. You should only use the words in the same form as they appear in the given sentence.\nSentence: saw sue lucas.\nShow the original sentence the prefix 'Original sentence: '.\n	 Original sentence: Sue saw Lucas.	False	claude-v1.3	None	None	None	0	1
You are an expert in linguistics. Imagine a language that is the same as English only except that it uses the verb-subject-object order instead of the subject-verb-object order. Your task is to reconstruct the original sentence in English. You should only use the words in the same form as they appear in the given sentence.\nSentence: loves sophie mia.\nShow the original sentence the prefix 'Original sentence: '.\n	 Original sentence: Mia loves Sophie.	False	claude-v1.3	None	None	None	0	1
You are an expert in linguistics. Imagine a language that is the same as English only except that it uses the verb-subject-object order instead of the subject-verb-object order. Your task is to reconstruct the original sentence in English. You should only use the words in the same form as they appear in the given sentence.\nSentence: loves sue emily.\nShow the original sentence the prefix 'Original sentence: '.\n	 Original sentence: Emily loves Sue.	False	claude-v1.3	None	None	None	0	1
You are an expert in linguistics. Imagine a language that is the same as English only except that it uses the verb-subject-object order instead of the subject-verb-object order. Your task is to reconstruct the original sentence in English. You should only use the words in the same form as they appear in the given sentence.\nSentence: saw sue jacob.\nShow the original sentence the prefix 'Original sentence: '.\n	 Original sentence: Sue saw Jacob.	False	claude-v1.3	None	None	None	0	1
You are an expert in linguistics. Imagine a language that is the same as English only except that it uses the verb-subject-object order instead of the subject-verb-object order. Your task is to reconstruct the original sentence in English. You should only use the words in the same form as they appear in the given sentence.\nSentence: knows bob noah.\nShow the original sentence the prefix 'Original sentence: '.\n	 Original sentence: Noah knows Bob.	False	claude-v1.3	None	None	None	0	1
You are an expert in linguistics. Imagine a language that is the same as English only except that it uses the verb-subject-object order instead of the subject-verb-object order. Your task is to reconstruct the original sentence in English. You should only use the words in the same form as they appear in the given sentence.\nSentence: saw sophie liam.\nShow the original sentence the prefix 'Original sentence: '.\n	 Original sentence: Sophie saw Liam.	False	claude-v1.3	None	None	None	0	1
You are an expert in linguistics. Imagine a language that is the same as English only except that it uses the verb-subject-object order instead of the subject-verb-object order. Your task is to reconstruct the original sentence in English. You should only use the words in the same form as they appear in the given sentence.\nSentence: loves mary liam.\nShow the original sentence the prefix 'Original sentence: '.\n	 Original sentence: Mary loves Liam.	False	claude-v1.3	None	None	None	0	1
You are an expert in linguistics. Imagine a language that is the same as English only except that it uses the verb-subject-object order instead of the subject-verb-object order. Your task is to reconstruct the original sentence in English. You should only use the words in the same form as they appear in the given sentence.\nSentence: loves sue lucas.\nShow the original sentence the prefix 'Original sentence: '.\n	 Original sentence: Lucas loves Sue.	False	claude-v1.3	None	None	None	0	1
You are an expert in linguistics. Imagine a language that is the same as English only except that it uses the verb-subject-object order instead of the subject-verb-object order. Your task is to reconstruct the original sentence in English. You should only use the words in the same form as they appear in the given sentence.\nSentence: sees alice lucas.\nShow the original sentence the prefix 'Original sentence: '.\n	 Original sentence: Alice sees Lucas.	False	claude-v1.3	None	None	None	0	1
You are an expert in linguistics. Imagine a language that is the same as English only except that it uses the verb-subject-object order instead of the subject-verb-object order. Your task is to reconstruct the original sentence in English. You should only use the words in the same form as they appear in the given sentence.\nSentence: calls tim liam.\nShow the original sentence the prefix 'Original sentence: '.\n	 Original sentence: Tim calls Liam.	False	claude-v1.3	None	None	None	0	1
You are an expert in linguistics. Imagine a language that is the same as English only except that it uses the verb-subject-object order instead of the subject-verb-object order. Your task is to reconstruct the original sentence in English. You should only use the words in the same form as they appear in the given sentence.\nSentence: knows tim mia.\nShow the original sentence the prefix 'Original sentence: '.\n	 Original sentence: Tim knows Mia.	False	claude-v1.3	None	None	None	0	1
You are an expert in linguistics. Imagine a language that is the same as English only except that it uses the verb-subject-object order instead of the subject-verb-object order. Your task is to reconstruct the original sentence in English. You should only use the words in the same form as they appear in the given sentence.\nSentence: knows tom emma.\nShow the original sentence the prefix 'Original sentence: '.\n	 Original sentence: Emma knows Tom.	False	claude-v1.3	None	None	None	0	1
You are an expert in linguistics. Imagine a language that is the same as English only except that it uses the verb-subject-object order instead of the subject-verb-object order. Your task is to reconstruct the original sentence in English. You should only use the words in the same form as they appear in the given sentence.\nSentence: calls jim emily.\nShow the original sentence the prefix 'Original sentence: '.\n	 Original sentence: Emily calls Jim.	False	claude-v1.3	None	None	None	0	1
You are an expert in linguistics. Imagine a language that is the same as English only except that it uses the verb-subject-object order instead of the subject-verb-object order. Your task is to reconstruct the original sentence in English. You should only use the words in the same form as they appear in the given sentence.\nSentence: saw bob noah.\nShow the original sentence the prefix 'Original sentence: '.\n	 Original sentence: Noah saw Bob.	False	claude-v1.3	None	None	None	0	1
You are an expert in linguistics. Imagine a language that is the same as English only except that it uses the verb-subject-object order instead of the subject-verb-object order. Your task is to reconstruct the original sentence in English. You should only use the words in the same form as they appear in the given sentence.\nSentence: saw alice ethan.\nShow the original sentence the prefix 'Original sentence: '.\n	 Original sentence: Alice saw Ethan.	False	claude-v1.3	None	None	None	0	1
You are an expert in linguistics. Imagine a language that is the same as English only except that it uses the verb-subject-object order instead of the subject-verb-object order. Your task is to reconstruct the original sentence in English. You should only use the words in the same form as they appear in the given sentence.\nSentence: calls john ava.\nShow the original sentence the prefix 'Original sentence: '.\n	 Original sentence: John calls Ava.	False	claude-v1.3	None	None	None	0	1
You are an expert in linguistics. Imagine a language that is the same as English only except that it uses the verb-subject-object order instead of the subject-verb-object order. Your task is to reconstruct the original sentence in English. You should only use the words in the same form as they appear in the given sentence.\nSentence: calls tom ethan.\nShow the original sentence the prefix 'Original sentence: '.\n	 Original sentence: Tom calls Ethan.	False	claude-v1.3	None	None	None	0	1
You are an expert in linguistics. Imagine a language that is the same as English only except that it uses the verb-subject-object order instead of the subject-verb-object order. Your task is to reconstruct the original sentence in English. You should only use the words in the same form as they appear in the given sentence.\nSentence: calls john olivia.\nShow the original sentence the prefix 'Original sentence: '.\n	 Original sentence: John calls Olivia.	False	claude-v1.3	None	None	None	0	1
You are an expert in linguistics. Imagine a language that is the same as English only except that it uses the verb-subject-object order instead of the subject-verb-object order. Your task is to reconstruct the original sentence in English. You should only use the words in the same form as they appear in the given sentence.\nSentence: calls mary ava.\nShow the original sentence the prefix 'Original sentence: '.\n	 Original sentence: Mary calls Ava.	False	claude-v1.3	None	None	None	0	1
You are an expert in linguistics. Imagine a language that is the same as English only except that it uses the verb-subject-object order instead of the subject-verb-object order. Your task is to reconstruct the original sentence in English. You should only use the words in the same form as they appear in the given sentence.\nSentence: saw sophie liam.\nShow the original sentence the prefix 'Original sentence: '.\n	 Original sentence: Sophie saw Liam.	False	claude-v1.3	None	None	None	0	1
You are an expert in linguistics. Imagine a language that is the same as English only except that it uses the verb-subject-object order instead of the subject-verb-object order. Your task is to reconstruct the original sentence in English. You should only use the words in the same form as they appear in the given sentence.\nSentence: loves bob ethan.\nShow the original sentence the prefix 'Original sentence: '.\n	 Original sentence: Ethan loves bob.	False	claude-v1.3	None	None	None	0	1
You are an expert in linguistics. Imagine a language that is the same as English only except that it uses the verb-subject-object order instead of the subject-verb-object order. Your task is to reconstruct the original sentence in English. You should only use the words in the same form as they appear in the given sentence.\nSentence: knows sophie lucas.\nShow the original sentence the prefix 'Original sentence: '.\n	 Original sentence: Sophie knows Lucas.	False	claude-v1.3	None	None	None	0	1
You are an expert in linguistics. Imagine a language that is the same as English only except that it uses the verb-subject-object order instead of the subject-verb-object order. Your task is to reconstruct the original sentence in English. You should only use the words in the same form as they appear in the given sentence.\nSentence: knows john mia.\nShow the original sentence the prefix 'Original sentence: '.\n	 Original sentence: John knows Mia.	False	claude-v1.3	None	None	None	0	1
You are an expert in linguistics. Imagine a language that is the same as English only except that it uses the verb-subject-object order instead of the subject-verb-object order. Your task is to reconstruct the original sentence in English. You should only use the words in the same form as they appear in the given sentence.\nSentence: loves sue noah.\nShow the original sentence the prefix 'Original sentence: '.\n	 Original sentence: Noah loves Sue.	False	claude-v1.3	None	None	None	0	1
You are an expert in linguistics. Imagine a language that is the same as English only except that it uses the verb-subject-object order instead of the subject-verb-object order. Your task is to reconstruct the original sentence in English. You should only use the words in the same form as they appear in the given sentence.\nSentence: calls mary noah.\nShow the original sentence the prefix 'Original sentence: '.\n	 Original sentence: Mary calls Noah.	False	claude-v1.3	None	None	None	0	1
You are an expert in linguistics. Imagine a language that is the same as English only except that it uses the verb-subject-object order instead of the subject-verb-object order. Your task is to reconstruct the original sentence in English. You should only use the words in the same form as they appear in the given sentence.\nSentence: sees tom ethan.\nShow the original sentence the prefix 'Original sentence: '.\n	 Original sentence: Tom sees Ethan.	False	claude-v1.3	None	None	None	0	1
You are an expert in linguistics. Imagine a language that is the same as English only except that it uses the verb-subject-object order instead of the subject-verb-object order. Your task is to reconstruct the original sentence in English. You should only use the words in the same form as they appear in the given sentence.\nSentence: knows sophie liam.\nShow the original sentence the prefix 'Original sentence: '.\n	 Original sentence: Sophie knows Liam.	False	claude-v1.3	None	None	None	0	1
You are an expert in linguistics. Imagine a language that is the same as English only except that it uses the verb-subject-object order instead of the subject-verb-object order. Your task is to reconstruct the original sentence in English. You should only use the words in the same form as they appear in the given sentence.\nSentence: saw sue jacob.\nShow the original sentence the prefix 'Original sentence: '.\n	 Original sentence: Sue saw Jacob.	False	claude-v1.3	None	None	None	0	1
You are an expert in linguistics. Imagine a language that is the same as English only except that it uses the verb-subject-object order instead of the subject-verb-object order. Your task is to reconstruct the original sentence in English. You should only use the words in the same form as they appear in the given sentence.\nSentence: loves sophie noah.\nShow the original sentence the prefix 'Original sentence: '.\n	 Original sentence: Noah loves Sophie.	False	claude-v1.3	None	None	None	0	1
You are an expert in linguistics. Imagine a language that is the same as English only except that it uses the verb-subject-object order instead of the subject-verb-object order. Your task is to reconstruct the original sentence in English. You should only use the words in the same form as they appear in the given sentence.\nSentence: calls alice liam.\nShow the original sentence the prefix 'Original sentence: '.\n	 Original sentence: Alice calls Liam.	False	claude-v1.3	None	None	None	0	1
You are an expert in linguistics. Imagine a language that is the same as English only except that it uses the verb-subject-object order instead of the subject-verb-object order. Your task is to reconstruct the original sentence in English. You should only use the words in the same form as they appear in the given sentence.\nSentence: knows bob noah.\nShow the original sentence the prefix 'Original sentence: '.\n	 Original sentence: Noah knows Bob.	False	claude-v1.3	None	None	None	0	1
You are an expert in linguistics. Imagine a language that is the same as English only except that it uses the verb-subject-object order instead of the subject-verb-object order. Your task is to reconstruct the original sentence in English. You should only use the words in the same form as they appear in the given sentence.\nSentence: sees john lucas.\nShow the original sentence the prefix 'Original sentence: '.\n	 Original sentence: John sees lucas.	False	claude-v1.3	None	None	None	0	1
You are an expert in linguistics. Imagine a language that is the same as English only except that it uses the verb-subject-object order instead of the subject-verb-object order. Your task is to reconstruct the original sentence in English. You should only use the words in the same form as they appear in the given sentence.\nSentence: knows sophie mia.\nShow the original sentence the prefix 'Original sentence: '.\n	 Original sentence: Sophie knows Mia.	False	claude-v1.3	None	None	None	0	1
You are an expert in linguistics. Imagine a language that is the same as English only except that it uses the verb-subject-object order instead of the subject-verb-object order. Your task is to reconstruct the original sentence in English. You should only use the words in the same form as they appear in the given sentence.\nSentence: calls mary mia.\nShow the original sentence the prefix 'Original sentence: '.\n	 Original sentence: Mary calls Mia.	False	claude-v1.3	None	None	None	0	1
You are an expert in linguistics. Imagine a language that is the same as English only except that it uses the verb-subject-object order instead of the subject-verb-object order. Your task is to reconstruct the original sentence in English. You should only use the words in the same form as they appear in the given sentence.\nSentence: sees anna mia.\nShow the original sentence the prefix 'Original sentence: '.\n	 Original sentence: Anna sees Mia.	False	claude-v1.3	None	None	None	0	1
You are an expert in linguistics. Imagine a language that is the same as English only except that it uses the verb-subject-object order instead of the subject-verb-object order. Your task is to reconstruct the original sentence in English. You should only use the words in the same form as they appear in the given sentence.\nSentence: loves sue ethan.\nShow the original sentence the prefix 'Original sentence: '.\n	 Original sentence: Ethan loves Sue.	False	claude-v1.3	None	None	None	0	1
You are an expert in linguistics. Imagine a language that is the same as English only except that it uses the verb-subject-object order instead of the subject-verb-object order. Your task is to reconstruct the original sentence in English. You should only use the words in the same form as they appear in the given sentence.\nSentence: sees jim ethan.\nShow the original sentence the prefix 'Original sentence: '.\n	 Original sentence: Ethan sees Jim.	False	claude-v1.3	None	None	None	0	1
You are an expert in linguistics. Imagine a language that is the same as English only except that it uses the verb-subject-object order instead of the subject-verb-object order. Your task is to reconstruct the original sentence in English. You should only use the words in the same form as they appear in the given sentence.\nSentence: sees tim olivia.\nShow the original sentence the prefix 'Original sentence: '.\n	 Original sentence: Olivia sees Tim.	False	claude-v1.3	None	None	None	0	1
You are an expert in linguistics. Imagine a language that is the same as English only except that it uses the verb-subject-object order instead of the subject-verb-object order. Your task is to reconstruct the original sentence in English. You should only use the words in the same form as they appear in the given sentence.\nSentence: knows sophie olivia.\nShow the original sentence the prefix 'Original sentence: '.\n	 Original sentence: Sophie knows Olivia.	False	claude-v1.3	None	None	None	0	1
You are an expert in linguistics. Imagine a language that is the same as English only except that it uses the verb-subject-object order instead of the subject-verb-object order. Your task is to reconstruct the original sentence in English. You should only use the words in the same form as they appear in the given sentence.\nSentence: saw john ethan.\nShow the original sentence the prefix 'Original sentence: '.\n	 Original sentence: John saw Ethan.	False	claude-v1.3	None	None	None	0	1
You are an expert in linguistics. Imagine a language that is the same as English only except that it uses the verb-subject-object order instead of the subject-verb-object order. Your task is to reconstruct the original sentence in English. You should only use the words in the same form as they appear in the given sentence.\nSentence: sees john lucas.\nShow the original sentence the prefix 'Original sentence: '.\n	 Original sentence: John sees lucas.	False	claude-v1.3	None	None	None	0	1
You are an expert in linguistics. Imagine a language that is the same as English only except that it uses the verb-subject-object order instead of the subject-verb-object order. Your task is to reconstruct the original sentence in English. You should only use the words in the same form as they appear in the given sentence.\nSentence: calls anna mia.\nShow the original sentence the prefix 'Original sentence: '.\n	 Original sentence: Anna calls Mia.	False	claude-v1.3	None	None	None	0	1
You are an expert in linguistics. Imagine a language that is the same as English only except that it uses the verb-subject-object order instead of the subject-verb-object order. Your task is to reconstruct the original sentence in English. You should only use the words in the same form as they appear in the given sentence.\nSentence: sees tim jacob.\nShow the original sentence the prefix 'Original sentence: '.\n	 Original sentence: Tim sees Jacob.	False	claude-v1.3	None	None	None	0	1
You are an expert in linguistics. Imagine a language that is the same as English only except that it uses the verb-subject-object order instead of the subject-verb-object order. Your task is to reconstruct the original sentence in English. You should only use the words in the same form as they appear in the given sentence.\nSentence: loves sue jacob.\nShow the original sentence the prefix 'Original sentence: '.\n	 Original sentence: Jacob loves Sue.	False	claude-v1.3	None	None	None	0	1
You are an expert in linguistics. Imagine a language that is the same as English only except that it uses the verb-subject-object order instead of the subject-verb-object order. Your task is to reconstruct the original sentence in English. You should only use the words in the same form as they appear in the given sentence.\nSentence: calls john emily.\nShow the original sentence the prefix 'Original sentence: '.\n	 Original sentence: John calls Emily.	False	claude-v1.3	None	None	None	0	1
You are an expert in linguistics. Imagine a language that is the same as English only except that it uses the verb-subject-object order instead of the subject-verb-object order. Your task is to reconstruct the original sentence in English. You should only use the words in the same form as they appear in the given sentence.\nSentence: calls anna lucas.\nShow the original sentence the prefix 'Original sentence: '.\n	 Original sentence: Anna calls Lucas.	False	claude-v1.3	None	None	None	0	1
You are an expert in linguistics. Imagine a language that is the same as English only except that it uses the verb-subject-object order instead of the subject-verb-object order. Your task is to reconstruct the original sentence in English. You should only use the words in the same form as they appear in the given sentence.\nSentence: saw anna ethan.\nShow the original sentence the prefix 'Original sentence: '.\n	 Original sentence: Ethan saw Anna.	False	claude-v1.3	None	None	None	0	1
You are an expert in linguistics. Imagine a language that is the same as English only except that it uses the verb-subject-object order instead of the subject-verb-object order. Your task is to reconstruct the original sentence in English. You should only use the words in the same form as they appear in the given sentence.\nSentence: calls tom lucas.\nShow the original sentence the prefix 'Original sentence: '.\n	 Original sentence: Tom calls Lucas.	False	claude-v1.3	None	None	None	0	1
