You are an expert in linguistics. Imagine a language that is the same as English only except that it uses the verb-subject-object order instead of the subject-verb-object order. Your task is to reconstruct the original sentence in English. You should only use the words in the same form as they appear in the given sentence.\nSentence: knows alice mia.\nLet's think step by step. Show the original sentence at the end with the prefix 'Original sentence: '.\n	The given sentence is in the verb-subject-object order. In English, we use the subject-verb-object order. So, we need to rearrange the words accordingly. \n\nThe verb in the sentence is 'knows', the subject is 'Alice', and the object is 'Mia'. \n\nSo, the original sentence in English would be: "Alice knows Mia."\n\nOriginal sentence: Alice knows Mia.	False	gpt-4-0314	None	None	None	0	1
You are an expert in linguistics. Imagine a language that is the same as English only except that it uses the verb-subject-object order instead of the subject-verb-object order. Your task is to reconstruct the original sentence in English. You should only use the words in the same form as they appear in the given sentence.\nSentence: loves tim olivia.\nLet's think step by step. Show the original sentence at the end with the prefix 'Original sentence: '.\n	The given sentence is in verb-subject-object order. In English, we use subject-verb-object order. So, we need to rearrange the words accordingly.\n\nOriginal sentence: Tim loves Olivia.	False	gpt-4-0314	None	None	None	0	1
You are an expert in linguistics. Imagine a language that is the same as English only except that it uses the verb-subject-object order instead of the subject-verb-object order. Your task is to reconstruct the original sentence in English. You should only use the words in the same form as they appear in the given sentence.\nSentence: calls tom olivia.\nLet's think step by step. Show the original sentence at the end with the prefix 'Original sentence: '.\n	The given sentence is in the verb-subject-object order. To convert it into the subject-verb-object order, we need to rearrange the words. The subject is 'Tom', the verb is 'calls', and the object is 'Olivia'. \n\nOriginal sentence: Tom calls Olivia.	False	gpt-4-0314	None	None	None	0	1
You are an expert in linguistics. Imagine a language that is the same as English only except that it uses the verb-subject-object order instead of the subject-verb-object order. Your task is to reconstruct the original sentence in English. You should only use the words in the same form as they appear in the given sentence.\nSentence: knows alice noah.\nLet's think step by step. Show the original sentence at the end with the prefix 'Original sentence: '.\n	The given sentence is in the verb-subject-object order. To convert it into the subject-verb-object order, we need to rearrange the words. \n\nThe verb in the sentence is 'knows', the subject is 'Alice', and the object is 'Noah'. \n\nSo, the original sentence in English would be: \n\nOriginal sentence: Alice knows Noah.	False	gpt-4-0314	None	None	None	0	1
You are an expert in linguistics. Imagine a language that is the same as English only except that it uses the verb-subject-object order instead of the subject-verb-object order. Your task is to reconstruct the original sentence in English. You should only use the words in the same form as they appear in the given sentence.\nSentence: sees mary lucas.\nLet's think step by step. Show the original sentence at the end with the prefix 'Original sentence: '.\n	Original sentence: Lucas sees Mary.	False	gpt-4-0314	None	None	None	0	1
You are an expert in linguistics. Imagine a language that is the same as English only except that it uses the verb-subject-object order instead of the subject-verb-object order. Your task is to reconstruct the original sentence in English. You should only use the words in the same form as they appear in the given sentence.\nSentence: saw john ethan.\nLet's think step by step. Show the original sentence at the end with the prefix 'Original sentence: '.\n	Original sentence: John saw Ethan.	False	gpt-4-0314	None	None	None	0	1
You are an expert in linguistics. Imagine a language that is the same as English only except that it uses the verb-subject-object order instead of the subject-verb-object order. Your task is to reconstruct the original sentence in English. You should only use the words in the same form as they appear in the given sentence.\nSentence: calls tom noah.\nLet's think step by step. Show the original sentence at the end with the prefix 'Original sentence: '.\n	The given sentence is in verb-subject-object order. To convert it into subject-verb-object order, we need to rearrange the words. The verb in the sentence is 'calls', the subject is 'tom', and the object is 'noah'. \n\nOriginal sentence: Tom calls Noah.	False	gpt-4-0314	None	None	None	0	1
You are an expert in linguistics. Imagine a language that is the same as English only except that it uses the verb-subject-object order instead of the subject-verb-object order. Your task is to reconstruct the original sentence in English. You should only use the words in the same form as they appear in the given sentence.\nSentence: calls mary lucas.\nLet's think step by step. Show the original sentence at the end with the prefix 'Original sentence: '.\n	In the given sentence, the verb is 'calls', the subject is 'mary', and the object is 'lucas'. In English, we use the subject-verb-object order. So, the subject 'mary' comes first, followed by the verb 'calls', and then the object 'lucas'.\n\nOriginal sentence: Mary calls Lucas.	False	gpt-4-0314	None	None	None	0	1
You are an expert in linguistics. Imagine a language that is the same as English only except that it uses the verb-subject-object order instead of the subject-verb-object order. Your task is to reconstruct the original sentence in English. You should only use the words in the same form as they appear in the given sentence.\nSentence: calls sophie jacob.\nLet's think step by step. Show the original sentence at the end with the prefix 'Original sentence: '.\n	The given sentence is in the verb-subject-object order. To convert it into the subject-verb-object order, we need to rearrange the words. The subject is 'Sophie', the verb is 'calls', and the object is 'Jacob'. \n\nOriginal sentence: Sophie calls Jacob.	False	gpt-4-0314	None	None	None	0	1
You are an expert in linguistics. Imagine a language that is the same as English only except that it uses the verb-subject-object order instead of the subject-verb-object order. Your task is to reconstruct the original sentence in English. You should only use the words in the same form as they appear in the given sentence.\nSentence: knows tim ava.\nLet's think step by step. Show the original sentence at the end with the prefix 'Original sentence: '.\n	The given sentence is in the verb-subject-object order. To convert it into the subject-verb-object order, we need to rearrange the words. The verb 'knows' should be placed after the subject 'tim'. The object 'ava' remains in its place.\n\nOriginal sentence: Tim knows Ava.	False	gpt-4-0314	None	None	None	0	1
You are an expert in linguistics. Imagine a language that is the same as English only except that it uses the verb-subject-object order instead of the subject-verb-object order. Your task is to reconstruct the original sentence in English. You should only use the words in the same form as they appear in the given sentence.\nSentence: loves jim emily.\nLet's think step by step. Show the original sentence at the end with the prefix 'Original sentence: '.\n	The given sentence is in verb-subject-object order. To convert it into subject-verb-object order, we need to rearrange the words. The verb 'loves' should be in the middle, the subject 'Jim' should be at the beginning, and the object 'Emily' should be at the end. \n\nOriginal sentence: Jim loves Emily.	False	gpt-4-0314	None	None	None	0	1
You are an expert in linguistics. Imagine a language that is the same as English only except that it uses the verb-subject-object order instead of the subject-verb-object order. Your task is to reconstruct the original sentence in English. You should only use the words in the same form as they appear in the given sentence.\nSentence: loves tim ethan.\nLet's think step by step. Show the original sentence at the end with the prefix 'Original sentence: '.\n	The given sentence is in the verb-subject-object order. In English, we use the subject-verb-object order. So, we need to rearrange the words accordingly. \n\nOriginal sentence: Ethan loves Tim.	False	gpt-4-0314	None	None	None	0	1
You are an expert in linguistics. Imagine a language that is the same as English only except that it uses the verb-subject-object order instead of the subject-verb-object order. Your task is to reconstruct the original sentence in English. You should only use the words in the same form as they appear in the given sentence.\nSentence: saw jim ava.\nLet's think step by step. Show the original sentence at the end with the prefix 'Original sentence: '.\n	The given sentence is in verb-subject-object order. To convert it into subject-verb-object order, we need to rearrange the words. The verb 'saw' should be in the middle, 'jim' should be at the beginning as the subject, and 'ava' should be at the end as the object.\n\nOriginal sentence: Jim saw Ava.	False	gpt-4-0314	None	None	None	0	1
You are an expert in linguistics. Imagine a language that is the same as English only except that it uses the verb-subject-object order instead of the subject-verb-object order. Your task is to reconstruct the original sentence in English. You should only use the words in the same form as they appear in the given sentence.\nSentence: knows anna emily.\nLet's think step by step. Show the original sentence at the end with the prefix 'Original sentence: '.\n	The given sentence is in the verb-subject-object order. To convert it into the subject-verb-object order, we need to rearrange the words. The verb 'knows' should be placed after the subject 'anna'. The object 'emily' remains in its place.\n\nOriginal sentence: Anna knows Emily.	False	gpt-4-0314	None	None	None	0	1
You are an expert in linguistics. Imagine a language that is the same as English only except that it uses the verb-subject-object order instead of the subject-verb-object order. Your task is to reconstruct the original sentence in English. You should only use the words in the same form as they appear in the given sentence.\nSentence: calls anna mia.\nLet's think step by step. Show the original sentence at the end with the prefix 'Original sentence: '.\n	The given sentence is in verb-subject-object order. In English, we use subject-verb-object order. So, we need to rearrange the words accordingly.\n\nOriginal sentence: Anna calls Mia.	False	gpt-4-0314	None	None	None	0	1
You are an expert in linguistics. Imagine a language that is the same as English only except that it uses the verb-subject-object order instead of the subject-verb-object order. Your task is to reconstruct the original sentence in English. You should only use the words in the same form as they appear in the given sentence.\nSentence: sees alice mia.\nLet's think step by step. Show the original sentence at the end with the prefix 'Original sentence: '.\n	The given sentence is in the verb-subject-object order. In English, we use the subject-verb-object order. So, we need to rearrange the words accordingly. \n\nOriginal sentence: Alice sees Mia.	False	gpt-4-0314	None	None	None	0	1
You are an expert in linguistics. Imagine a language that is the same as English only except that it uses the verb-subject-object order instead of the subject-verb-object order. Your task is to reconstruct the original sentence in English. You should only use the words in the same form as they appear in the given sentence.\nSentence: knows sophie emily.\nLet's think step by step. Show the original sentence at the end with the prefix 'Original sentence: '.\n	The given sentence is in the verb-subject-object order. To convert it into the subject-verb-object order, we need to rearrange the words. The subject is 'Sophie', the verb is 'knows', and the object is 'Emily'. \n\nOriginal sentence: Sophie knows Emily.	False	gpt-4-0314	None	None	None	0	1
You are an expert in linguistics. Imagine a language that is the same as English only except that it uses the verb-subject-object order instead of the subject-verb-object order. Your task is to reconstruct the original sentence in English. You should only use the words in the same form as they appear in the given sentence.\nSentence: saw mary ava.\nLet's think step by step. Show the original sentence at the end with the prefix 'Original sentence: '.\n	The given sentence is in the verb-subject-object order. To convert it into the subject-verb-object order, we need to move the verb 'saw' to the middle of the sentence. \n\nOriginal sentence: Mary saw Ava.	False	gpt-4-0314	None	None	None	0	1
You are an expert in linguistics. Imagine a language that is the same as English only except that it uses the verb-subject-object order instead of the subject-verb-object order. Your task is to reconstruct the original sentence in English. You should only use the words in the same form as they appear in the given sentence.\nSentence: sees mary liam.\nLet's think step by step. Show the original sentence at the end with the prefix 'Original sentence: '.\n	The given sentence is in verb-subject-object order. In English, we use subject-verb-object order. So, we need to rearrange the words accordingly.\n\nOriginal sentence: Mary sees Liam.	False	gpt-4-0314	None	None	None	0	1
You are an expert in linguistics. Imagine a language that is the same as English only except that it uses the verb-subject-object order instead of the subject-verb-object order. Your task is to reconstruct the original sentence in English. You should only use the words in the same form as they appear in the given sentence.\nSentence: sees jim emily.\nLet's think step by step. Show the original sentence at the end with the prefix 'Original sentence: '.\n	The given sentence is in the verb-subject-object order. To convert it into the subject-verb-object order, we need to rearrange the words. The subject is 'Jim', the verb is 'sees', and the object is 'Emily'. \n\nOriginal sentence: Jim sees Emily.	False	gpt-4-0314	None	None	None	0	1
You are an expert in linguistics. Imagine a language that is the same as English only except that it uses the verb-subject-object order instead of the subject-verb-object order. Your task is to reconstruct the original sentence in English. You should only use the words in the same form as they appear in the given sentence.\nSentence: loves alice noah.\nLet's think step by step. Show the original sentence at the end with the prefix 'Original sentence: '.\n	The given sentence is in verb-subject-object order. In English, we use subject-verb-object order. So, we need to rearrange the words accordingly.\n\nOriginal sentence: Noah loves Alice.	False	gpt-4-0314	None	None	None	0	1
You are an expert in linguistics. Imagine a language that is the same as English only except that it uses the verb-subject-object order instead of the subject-verb-object order. Your task is to reconstruct the original sentence in English. You should only use the words in the same form as they appear in the given sentence.\nSentence: knows mary emma.\nLet's think step by step. Show the original sentence at the end with the prefix 'Original sentence: '.\n	The given sentence is in the verb-subject-object order. To convert it into the subject-verb-object order, we need to rearrange the words. \n\nThe verb in the sentence is 'knows', the subject is 'mary', and the object is 'emma'. \n\nSo, the original sentence in English would be: \n\nOriginal sentence: Mary knows Emma.	False	gpt-4-0314	None	None	None	0	1
You are an expert in linguistics. Imagine a language that is the same as English only except that it uses the verb-subject-object order instead of the subject-verb-object order. Your task is to reconstruct the original sentence in English. You should only use the words in the same form as they appear in the given sentence.\nSentence: loves anna jacob.\nLet's think step by step. Show the original sentence at the end with the prefix 'Original sentence: '.\n	The given sentence is in the verb-subject-object order. In English, we use the subject-verb-object order. So, we need to rearrange the words accordingly. \n\nOriginal sentence: Anna loves Jacob.	False	gpt-4-0314	None	None	None	0	1
You are an expert in linguistics. Imagine a language that is the same as English only except that it uses the verb-subject-object order instead of the subject-verb-object order. Your task is to reconstruct the original sentence in English. You should only use the words in the same form as they appear in the given sentence.\nSentence: sees john ethan.\nLet's think step by step. Show the original sentence at the end with the prefix 'Original sentence: '.\n	Original sentence: John sees Ethan.	False	gpt-4-0314	None	None	None	0	1
You are an expert in linguistics. Imagine a language that is the same as English only except that it uses the verb-subject-object order instead of the subject-verb-object order. Your task is to reconstruct the original sentence in English. You should only use the words in the same form as they appear in the given sentence.\nSentence: knows tim emma.\nLet's think step by step. Show the original sentence at the end with the prefix 'Original sentence: '.\n	The given sentence is in the verb-subject-object order. To convert it into the subject-verb-object order, we need to rearrange the words. The verb 'knows' should be placed after the subject 'tim'. The object 'emma' remains in its place. \n\nOriginal sentence: Tim knows Emma.	False	gpt-4-0314	None	None	None	0	1
You are an expert in linguistics. Imagine a language that is the same as English only except that it uses the verb-subject-object order instead of the subject-verb-object order. Your task is to reconstruct the original sentence in English. You should only use the words in the same form as they appear in the given sentence.\nSentence: saw alice liam.\nLet's think step by step. Show the original sentence at the end with the prefix 'Original sentence: '.\n	Original sentence: Alice saw Liam.	False	gpt-4-0314	None	None	None	0	1
You are an expert in linguistics. Imagine a language that is the same as English only except that it uses the verb-subject-object order instead of the subject-verb-object order. Your task is to reconstruct the original sentence in English. You should only use the words in the same form as they appear in the given sentence.\nSentence: knows sophie olivia.\nLet's think step by step. Show the original sentence at the end with the prefix 'Original sentence: '.\n	Original sentence: Sophie knows Olivia.	False	gpt-4-0314	None	None	None	0	1
You are an expert in linguistics. Imagine a language that is the same as English only except that it uses the verb-subject-object order instead of the subject-verb-object order. Your task is to reconstruct the original sentence in English. You should only use the words in the same form as they appear in the given sentence.\nSentence: knows anna ethan.\nLet's think step by step. Show the original sentence at the end with the prefix 'Original sentence: '.\n	The given sentence is in the verb-subject-object order. To convert it into the subject-verb-object order, we need to rearrange the words. The subject is 'anna', the verb is 'knows', and the object is 'ethan'. \n\nOriginal sentence: Anna knows Ethan.	False	gpt-4-0314	None	None	None	0	1
You are an expert in linguistics. Imagine a language that is the same as English only except that it uses the verb-subject-object order instead of the subject-verb-object order. Your task is to reconstruct the original sentence in English. You should only use the words in the same form as they appear in the given sentence.\nSentence: calls tom emma.\nLet's think step by step. Show the original sentence at the end with the prefix 'Original sentence: '.\n	The given sentence is in the verb-subject-object order. To convert it into the subject-verb-object order, we need to rearrange the words. The subject is 'Tom', the verb is 'calls', and the object is 'Emma'. \n\nOriginal sentence: Tom calls Emma.	False	gpt-4-0314	None	None	None	0	1
You are an expert in linguistics. Imagine a language that is the same as English only except that it uses the verb-subject-object order instead of the subject-verb-object order. Your task is to reconstruct the original sentence in English. You should only use the words in the same form as they appear in the given sentence.\nSentence: calls sophie emily.\nLet's think step by step. Show the original sentence at the end with the prefix 'Original sentence: '.\n	The given sentence is in the verb-subject-object order. In English, we use the subject-verb-object order. So, we need to rearrange the words accordingly.\n\nOriginal sentence: Sophie calls Emily.	False	gpt-4-0314	None	None	None	0	1
You are an expert in linguistics. Imagine a language that is the same as English only except that it uses the verb-subject-object order instead of the subject-verb-object order. Your task is to reconstruct the original sentence in English. You should only use the words in the same form as they appear in the given sentence.\nSentence: sees sue emily.\nLet's think step by step. Show the original sentence at the end with the prefix 'Original sentence: '.\n	The given sentence is in the verb-subject-object order. To convert it into the subject-verb-object order, we need to rearrange the words. The verb 'sees' should be placed after the subject 'Sue'. The object 'Emily' remains in its place. \n\nOriginal sentence: Sue sees Emily.	False	gpt-4-0314	None	None	None	0	1
You are an expert in linguistics. Imagine a language that is the same as English only except that it uses the verb-subject-object order instead of the subject-verb-object order. Your task is to reconstruct the original sentence in English. You should only use the words in the same form as they appear in the given sentence.\nSentence: loves sophie emily.\nLet's think step by step. Show the original sentence at the end with the prefix 'Original sentence: '.\n	The given sentence is in the verb-subject-object order. In English, we use the subject-verb-object order. So, we need to rearrange the words accordingly. \n\nOriginal sentence: Sophie loves Emily.	False	gpt-4-0314	None	None	None	0	1
You are an expert in linguistics. Imagine a language that is the same as English only except that it uses the verb-subject-object order instead of the subject-verb-object order. Your task is to reconstruct the original sentence in English. You should only use the words in the same form as they appear in the given sentence.\nSentence: saw alice lucas.\nLet's think step by step. Show the original sentence at the end with the prefix 'Original sentence: '.\n	Original sentence: Alice saw Lucas.	False	gpt-4-0314	None	None	None	0	1
You are an expert in linguistics. Imagine a language that is the same as English only except that it uses the verb-subject-object order instead of the subject-verb-object order. Your task is to reconstruct the original sentence in English. You should only use the words in the same form as they appear in the given sentence.\nSentence: saw sophie emily.\nLet's think step by step. Show the original sentence at the end with the prefix 'Original sentence: '.\n	Original sentence: Sophie saw Emily.	False	gpt-4-0314	None	None	None	0	1
You are an expert in linguistics. Imagine a language that is the same as English only except that it uses the verb-subject-object order instead of the subject-verb-object order. Your task is to reconstruct the original sentence in English. You should only use the words in the same form as they appear in the given sentence.\nSentence: sees jim ava.\nLet's think step by step. Show the original sentence at the end with the prefix 'Original sentence: '.\n	The given sentence is in verb-subject-object order. In English, we use subject-verb-object order. So, we need to rearrange the words accordingly.\n\nOriginal sentence: Jim sees Ava.	False	gpt-4-0314	None	None	None	0	1
You are an expert in linguistics. Imagine a language that is the same as English only except that it uses the verb-subject-object order instead of the subject-verb-object order. Your task is to reconstruct the original sentence in English. You should only use the words in the same form as they appear in the given sentence.\nSentence: knows tom mia.\nLet's think step by step. Show the original sentence at the end with the prefix 'Original sentence: '.\n	The given sentence is in the verb-subject-object order. To convert it into the subject-verb-object order, we need to rearrange the words. The subject is 'Tom', the verb is 'knows', and the object is 'Mia'. \n\nOriginal sentence: Tom knows Mia.	False	gpt-4-0314	None	None	None	0	1
You are an expert in linguistics. Imagine a language that is the same as English only except that it uses the verb-subject-object order instead of the subject-verb-object order. Your task is to reconstruct the original sentence in English. You should only use the words in the same form as they appear in the given sentence.\nSentence: sees bob liam.\nLet's think step by step. Show the original sentence at the end with the prefix 'Original sentence: '.\n	The given sentence is in the verb-subject-object order. To convert it into the subject-verb-object order, we need to rearrange the words. \n\nOriginal sentence: Bob sees Liam.	False	gpt-4-0314	None	None	None	0	1
You are an expert in linguistics. Imagine a language that is the same as English only except that it uses the verb-subject-object order instead of the subject-verb-object order. Your task is to reconstruct the original sentence in English. You should only use the words in the same form as they appear in the given sentence.\nSentence: calls anna ava.\nLet's think step by step. Show the original sentence at the end with the prefix 'Original sentence: '.\n	In the given sentence, "calls" is the verb, "anna" is the subject, and "ava" is the object. In English, we use the subject-verb-object order. So, the subject "anna" comes first, followed by the verb "calls", and then the object "ava".\n\nOriginal sentence: Anna calls Ava.	False	gpt-4-0314	None	None	None	0	1
You are an expert in linguistics. Imagine a language that is the same as English only except that it uses the verb-subject-object order instead of the subject-verb-object order. Your task is to reconstruct the original sentence in English. You should only use the words in the same form as they appear in the given sentence.\nSentence: knows tim liam.\nLet's think step by step. Show the original sentence at the end with the prefix 'Original sentence: '.\n	The given sentence is in the verb-subject-object order. To convert it into the subject-verb-object order, we need to rearrange the words. \n\nThe verb in the sentence is 'knows', the subject is 'tim', and the object is 'liam'. \n\nSo, the original sentence in English would be: \n\nOriginal sentence: Tim knows Liam.	False	gpt-4-0314	None	None	None	0	1
You are an expert in linguistics. Imagine a language that is the same as English only except that it uses the verb-subject-object order instead of the subject-verb-object order. Your task is to reconstruct the original sentence in English. You should only use the words in the same form as they appear in the given sentence.\nSentence: knows jim olivia.\nLet's think step by step. Show the original sentence at the end with the prefix 'Original sentence: '.\n	The given sentence is in verb-subject-object order. To convert it into subject-verb-object order, we need to rearrange the words. The verb is 'knows', the subject is 'jim', and the object is 'olivia'. \n\nOriginal sentence: Jim knows Olivia.	False	gpt-4-0314	None	None	None	0	1
You are an expert in linguistics. Imagine a language that is the same as English only except that it uses the verb-subject-object order instead of the subject-verb-object order. Your task is to reconstruct the original sentence in English. You should only use the words in the same form as they appear in the given sentence.\nSentence: knows alice jacob.\nLet's think step by step. Show the original sentence at the end with the prefix 'Original sentence: '.\n	The given sentence is in the verb-subject-object order. To convert it into the subject-verb-object order, we need to rearrange the words. The subject is 'Alice', the verb is 'knows', and the object is 'Jacob'. \n\nOriginal sentence: Alice knows Jacob.	False	gpt-4-0314	None	None	None	0	1
You are an expert in linguistics. Imagine a language that is the same as English only except that it uses the verb-subject-object order instead of the subject-verb-object order. Your task is to reconstruct the original sentence in English. You should only use the words in the same form as they appear in the given sentence.\nSentence: sees mary ethan.\nLet's think step by step. Show the original sentence at the end with the prefix 'Original sentence: '.\n	The given sentence is in the verb-subject-object order. To convert it into the subject-verb-object order, we need to rearrange the words. The verb 'sees' should be placed after the subject 'mary'. The object 'ethan' remains at the end. \n\nOriginal sentence: Mary sees Ethan.	False	gpt-4-0314	None	None	None	0	1
You are an expert in linguistics. Imagine a language that is the same as English only except that it uses the verb-subject-object order instead of the subject-verb-object order. Your task is to reconstruct the original sentence in English. You should only use the words in the same form as they appear in the given sentence.\nSentence: calls jim emma.\nLet's think step by step. Show the original sentence at the end with the prefix 'Original sentence: '.\n	The given sentence is in verb-subject-object order. To convert it into subject-verb-object order, we need to rearrange the words. The verb 'calls' should be in the middle, the subject 'Jim' should be at the beginning, and the object 'Emma' should be at the end. \n\nOriginal sentence: Jim calls Emma.	False	gpt-4-0314	None	None	None	0	1
You are an expert in linguistics. Imagine a language that is the same as English only except that it uses the verb-subject-object order instead of the subject-verb-object order. Your task is to reconstruct the original sentence in English. You should only use the words in the same form as they appear in the given sentence.\nSentence: calls tim ava.\nLet's think step by step. Show the original sentence at the end with the prefix 'Original sentence: '.\n	The given sentence is in verb-subject-object order. In English, we use subject-verb-object order. So, we need to rearrange the words accordingly.\n\nOriginal sentence: Tim calls Ava.	False	gpt-4-0314	None	None	None	0	1
You are an expert in linguistics. Imagine a language that is the same as English only except that it uses the verb-subject-object order instead of the subject-verb-object order. Your task is to reconstruct the original sentence in English. You should only use the words in the same form as they appear in the given sentence.\nSentence: calls sue noah.\nLet's think step by step. Show the original sentence at the end with the prefix 'Original sentence: '.\n	The given sentence is in the verb-subject-object order. To convert it into the subject-verb-object order, we need to rearrange the words. The verb in the sentence is 'calls', the subject is 'sue', and the object is 'noah'. \n\nOriginal sentence: Sue calls Noah.	False	gpt-4-0314	None	None	None	0	1
You are an expert in linguistics. Imagine a language that is the same as English only except that it uses the verb-subject-object order instead of the subject-verb-object order. Your task is to reconstruct the original sentence in English. You should only use the words in the same form as they appear in the given sentence.\nSentence: loves bob olivia.\nLet's think step by step. Show the original sentence at the end with the prefix 'Original sentence: '.\n	The given sentence is in the verb-subject-object order. In English, we use the subject-verb-object order. So, we need to rearrange the words accordingly. \n\nThe verb in the sentence is 'loves', the subject is 'bob', and the object is 'olivia'. \n\nSo, if we rearrange the words in the subject-verb-object order, we get 'bob loves olivia'.\n\nOriginal sentence: Bob loves Olivia.	False	gpt-4-0314	None	None	None	0	1
You are an expert in linguistics. Imagine a language that is the same as English only except that it uses the verb-subject-object order instead of the subject-verb-object order. Your task is to reconstruct the original sentence in English. You should only use the words in the same form as they appear in the given sentence.\nSentence: sees anna liam.\nLet's think step by step. Show the original sentence at the end with the prefix 'Original sentence: '.\n	The verb in the sentence is "sees", the subject is "anna", and the object is "liam". In English, we use the subject-verb-object order. So, the original sentence should be "Anna sees Liam."\n\nOriginal sentence: Anna sees Liam.	False	gpt-4-0314	None	None	None	0	1
You are an expert in linguistics. Imagine a language that is the same as English only except that it uses the verb-subject-object order instead of the subject-verb-object order. Your task is to reconstruct the original sentence in English. You should only use the words in the same form as they appear in the given sentence.\nSentence: calls john ethan.\nLet's think step by step. Show the original sentence at the end with the prefix 'Original sentence: '.\n	The given sentence is in the verb-subject-object order. To convert it into the subject-verb-object order, we need to move the verb 'calls' to the middle of the sentence, after the subject 'john'. \n\nOriginal sentence: John calls Ethan.	False	gpt-4-0314	None	None	None	0	1
You are an expert in linguistics. Imagine a language that is the same as English only except that it uses the verb-subject-object order instead of the subject-verb-object order. Your task is to reconstruct the original sentence in English. You should only use the words in the same form as they appear in the given sentence.\nSentence: loves bob noah.\nLet's think step by step. Show the original sentence at the end with the prefix 'Original sentence: '.\n	The given sentence is in verb-subject-object order. In English, we use subject-verb-object order. So, we need to rearrange the words accordingly.\n\nOriginal sentence: Bob loves Noah.	False	gpt-4-0314	None	None	None	0	1
You are an expert in linguistics. Imagine a language that is the same as English only except that it uses the verb-subject-object order instead of the subject-verb-object order. Your task is to reconstruct the original sentence in English. You should only use the words in the same form as they appear in the given sentence.\nSentence: calls alice emma.\nLet's think step by step. Show the original sentence at the end with the prefix 'Original sentence: '.\n	The given sentence is in the verb-subject-object order. In English, we use the subject-verb-object order. So, we need to rearrange the words accordingly. \n\nThe verb in the sentence is 'calls', the subject is 'Alice', and the object is 'Emma'. \n\nSo, the original sentence in English would be: "Alice calls Emma."\n\nOriginal sentence: Alice calls Emma.	False	gpt-4-0314	None	None	None	0	1
You are an expert in linguistics. Imagine a language that is the same as English only except that it uses the verb-subject-object order instead of the subject-verb-object order. Your task is to reconstruct the original sentence in English. You should only use the words in the same form as they appear in the given sentence.\nSentence: loves sophie jacob.\nLet's think step by step. Show the original sentence at the end with the prefix 'Original sentence: '.\n	The given sentence is in the verb-subject-object order. To convert it into the subject-verb-object order, we need to rearrange the words. The subject is 'Sophie', the verb is 'loves', and the object is 'Jacob'. \n\nOriginal sentence: Sophie loves Jacob.	False	gpt-4-0314	None	None	None	0	1
You are an expert in linguistics. Imagine a language that is the same as English only except that it uses the verb-subject-object order instead of the subject-verb-object order. Your task is to reconstruct the original sentence in English. You should only use the words in the same form as they appear in the given sentence.\nSentence: calls mary emma.\nLet's think step by step. Show the original sentence at the end with the prefix 'Original sentence: '.\n	The given sentence is in verb-subject-object order. To convert it into subject-verb-object order, we need to move the verb 'calls' to the middle of the sentence, after the subject 'mary'. \n\nOriginal sentence: Mary calls Emma.	False	gpt-4-0314	None	None	None	0	1
You are an expert in linguistics. Imagine a language that is the same as English only except that it uses the verb-subject-object order instead of the subject-verb-object order. Your task is to reconstruct the original sentence in English. You should only use the words in the same form as they appear in the given sentence.\nSentence: saw sue lucas.\nLet's think step by step. Show the original sentence at the end with the prefix 'Original sentence: '.\n	Original sentence: Sue saw Lucas.	False	gpt-4-0314	None	None	None	0	1
You are an expert in linguistics. Imagine a language that is the same as English only except that it uses the verb-subject-object order instead of the subject-verb-object order. Your task is to reconstruct the original sentence in English. You should only use the words in the same form as they appear in the given sentence.\nSentence: loves sophie mia.\nLet's think step by step. Show the original sentence at the end with the prefix 'Original sentence: '.\n	The given sentence is in the verb-subject-object order. To convert it into the subject-verb-object order, we need to move the verb 'loves' to the middle of the sentence. \n\nOriginal sentence: Sophie loves Mia.	False	gpt-4-0314	None	None	None	0	1
You are an expert in linguistics. Imagine a language that is the same as English only except that it uses the verb-subject-object order instead of the subject-verb-object order. Your task is to reconstruct the original sentence in English. You should only use the words in the same form as they appear in the given sentence.\nSentence: loves sue emily.\nLet's think step by step. Show the original sentence at the end with the prefix 'Original sentence: '.\n	Original sentence: Emily loves Sue.	False	gpt-4-0314	None	None	None	0	1
You are an expert in linguistics. Imagine a language that is the same as English only except that it uses the verb-subject-object order instead of the subject-verb-object order. Your task is to reconstruct the original sentence in English. You should only use the words in the same form as they appear in the given sentence.\nSentence: saw sue jacob.\nLet's think step by step. Show the original sentence at the end with the prefix 'Original sentence: '.\n	Original sentence: Sue saw Jacob.	False	gpt-4-0314	None	None	None	0	1
You are an expert in linguistics. Imagine a language that is the same as English only except that it uses the verb-subject-object order instead of the subject-verb-object order. Your task is to reconstruct the original sentence in English. You should only use the words in the same form as they appear in the given sentence.\nSentence: knows bob noah.\nLet's think step by step. Show the original sentence at the end with the prefix 'Original sentence: '.\n	The given sentence is in the verb-subject-object order. To convert it into the subject-verb-object order, we need to rearrange the words. \n\nThe verb in the sentence is 'knows', the subject is 'bob', and the object is 'noah'. \n\nSo, the original sentence in English would be: \n\nOriginal sentence: Bob knows Noah.	False	gpt-4-0314	None	None	None	0	1
You are an expert in linguistics. Imagine a language that is the same as English only except that it uses the verb-subject-object order instead of the subject-verb-object order. Your task is to reconstruct the original sentence in English. You should only use the words in the same form as they appear in the given sentence.\nSentence: saw sophie liam.\nLet's think step by step. Show the original sentence at the end with the prefix 'Original sentence: '.\n	Original sentence: Sophie saw Liam.	False	gpt-4-0314	None	None	None	0	1
You are an expert in linguistics. Imagine a language that is the same as English only except that it uses the verb-subject-object order instead of the subject-verb-object order. Your task is to reconstruct the original sentence in English. You should only use the words in the same form as they appear in the given sentence.\nSentence: loves mary liam.\nLet's think step by step. Show the original sentence at the end with the prefix 'Original sentence: '.\n	The given sentence is in verb-subject-object order. In English, we use subject-verb-object order. So, we need to rearrange the words accordingly.\n\nThe verb in the sentence is 'loves', the subject is 'mary', and the object is 'liam'. \n\nSo, if we rearrange the sentence in subject-verb-object order, we get:\n\nOriginal sentence: Mary loves Liam.	False	gpt-4-0314	None	None	None	0	1
You are an expert in linguistics. Imagine a language that is the same as English only except that it uses the verb-subject-object order instead of the subject-verb-object order. Your task is to reconstruct the original sentence in English. You should only use the words in the same form as they appear in the given sentence.\nSentence: loves sue lucas.\nLet's think step by step. Show the original sentence at the end with the prefix 'Original sentence: '.\n	The given sentence is in verb-subject-object order. To convert it into subject-verb-object order, we need to rearrange the words. The subject is 'Sue', the verb is 'loves', and the object is 'Lucas'. \n\nOriginal sentence: Sue loves Lucas.	False	gpt-4-0314	None	None	None	0	1
You are an expert in linguistics. Imagine a language that is the same as English only except that it uses the verb-subject-object order instead of the subject-verb-object order. Your task is to reconstruct the original sentence in English. You should only use the words in the same form as they appear in the given sentence.\nSentence: sees alice lucas.\nLet's think step by step. Show the original sentence at the end with the prefix 'Original sentence: '.\n	The given sentence is in the verb-subject-object order. In English, we use the subject-verb-object order. So, we need to rearrange the words accordingly.\n\nOriginal sentence: Alice sees Lucas.	False	gpt-4-0314	None	None	None	0	1
You are an expert in linguistics. Imagine a language that is the same as English only except that it uses the verb-subject-object order instead of the subject-verb-object order. Your task is to reconstruct the original sentence in English. You should only use the words in the same form as they appear in the given sentence.\nSentence: calls tim liam.\nLet's think step by step. Show the original sentence at the end with the prefix 'Original sentence: '.\n	The given sentence is in the verb-subject-object order. To convert it into the subject-verb-object order, we need to rearrange the words. The verb in the sentence is 'calls', the subject is 'tim', and the object is 'liam'. \n\nOriginal sentence: Tim calls Liam.	False	gpt-4-0314	None	None	None	0	1
You are an expert in linguistics. Imagine a language that is the same as English only except that it uses the verb-subject-object order instead of the subject-verb-object order. Your task is to reconstruct the original sentence in English. You should only use the words in the same form as they appear in the given sentence.\nSentence: knows tim mia.\nLet's think step by step. Show the original sentence at the end with the prefix 'Original sentence: '.\n	The given sentence is in the verb-subject-object order. To convert it into the subject-verb-object order, we need to rearrange the words. The verb 'knows' should be placed after the subject 'tim'. The object 'mia' remains in its place. \n\nOriginal sentence: Tim knows Mia.	False	gpt-4-0314	None	None	None	0	1
You are an expert in linguistics. Imagine a language that is the same as English only except that it uses the verb-subject-object order instead of the subject-verb-object order. Your task is to reconstruct the original sentence in English. You should only use the words in the same form as they appear in the given sentence.\nSentence: knows tom emma.\nLet's think step by step. Show the original sentence at the end with the prefix 'Original sentence: '.\n	The given sentence is in the verb-subject-object order. To convert it into the subject-verb-object order, we need to rearrange the words. The subject is 'Tom', the verb is 'knows', and the object is 'Emma'. \n\nOriginal sentence: Tom knows Emma.	False	gpt-4-0314	None	None	None	0	1
You are an expert in linguistics. Imagine a language that is the same as English only except that it uses the verb-subject-object order instead of the subject-verb-object order. Your task is to reconstruct the original sentence in English. You should only use the words in the same form as they appear in the given sentence.\nSentence: calls jim emily.\nLet's think step by step. Show the original sentence at the end with the prefix 'Original sentence: '.\n	The given sentence is in verb-subject-object order. To convert it into subject-verb-object order, we need to rearrange the words. The verb 'calls' should be in the middle, the subject 'Jim' should be at the beginning, and the object 'Emily' should be at the end. \n\nOriginal sentence: Jim calls Emily.	False	gpt-4-0314	None	None	None	0	1
You are an expert in linguistics. Imagine a language that is the same as English only except that it uses the verb-subject-object order instead of the subject-verb-object order. Your task is to reconstruct the original sentence in English. You should only use the words in the same form as they appear in the given sentence.\nSentence: saw bob noah.\nLet's think step by step. Show the original sentence at the end with the prefix 'Original sentence: '.\n	Original sentence: Bob saw Noah.	False	gpt-4-0314	None	None	None	0	1
You are an expert in linguistics. Imagine a language that is the same as English only except that it uses the verb-subject-object order instead of the subject-verb-object order. Your task is to reconstruct the original sentence in English. You should only use the words in the same form as they appear in the given sentence.\nSentence: saw alice ethan.\nLet's think step by step. Show the original sentence at the end with the prefix 'Original sentence: '.\n	Original sentence: Alice saw Ethan.	False	gpt-4-0314	None	None	None	0	1
You are an expert in linguistics. Imagine a language that is the same as English only except that it uses the verb-subject-object order instead of the subject-verb-object order. Your task is to reconstruct the original sentence in English. You should only use the words in the same form as they appear in the given sentence.\nSentence: calls john ava.\nLet's think step by step. Show the original sentence at the end with the prefix 'Original sentence: '.\n	The given sentence is in the verb-subject-object order. In English, we use the subject-verb-object order. So, we need to rearrange the words accordingly. \n\nOriginal sentence: John calls Ava.	False	gpt-4-0314	None	None	None	0	1
You are an expert in linguistics. Imagine a language that is the same as English only except that it uses the verb-subject-object order instead of the subject-verb-object order. Your task is to reconstruct the original sentence in English. You should only use the words in the same form as they appear in the given sentence.\nSentence: calls tom ethan.\nLet's think step by step. Show the original sentence at the end with the prefix 'Original sentence: '.\n	The given sentence is in verb-subject-object order. To convert it into subject-verb-object order, we need to rearrange the words. The verb in the sentence is 'calls', the subject is 'tom', and the object is 'ethan'. \n\nOriginal sentence: Tom calls Ethan.	False	gpt-4-0314	None	None	None	0	1
You are an expert in linguistics. Imagine a language that is the same as English only except that it uses the verb-subject-object order instead of the subject-verb-object order. Your task is to reconstruct the original sentence in English. You should only use the words in the same form as they appear in the given sentence.\nSentence: calls john olivia.\nLet's think step by step. Show the original sentence at the end with the prefix 'Original sentence: '.\n	The given sentence is in the verb-subject-object order. In English, we use the subject-verb-object order. So, we need to rearrange the words accordingly.\n\nOriginal sentence: John calls Olivia.	False	gpt-4-0314	None	None	None	0	1
You are an expert in linguistics. Imagine a language that is the same as English only except that it uses the verb-subject-object order instead of the subject-verb-object order. Your task is to reconstruct the original sentence in English. You should only use the words in the same form as they appear in the given sentence.\nSentence: calls mary ava.\nLet's think step by step. Show the original sentence at the end with the prefix 'Original sentence: '.\n	In the given sentence, the verb is 'calls', the subject is 'mary', and the object is 'ava'. In English, we use the subject-verb-object order. So, the subject 'mary' comes first, then the verb 'calls', and finally the object 'ava'.\n\nOriginal sentence: Mary calls Ava.	False	gpt-4-0314	None	None	None	0	1
You are an expert in linguistics. Imagine a language that is the same as English only except that it uses the verb-subject-object order instead of the subject-verb-object order. Your task is to reconstruct the original sentence in English. You should only use the words in the same form as they appear in the given sentence.\nSentence: saw sophie liam.\nLet's think step by step. Show the original sentence at the end with the prefix 'Original sentence: '.\n	Original sentence: Sophie saw Liam.	False	gpt-4-0314	None	None	None	0	1
You are an expert in linguistics. Imagine a language that is the same as English only except that it uses the verb-subject-object order instead of the subject-verb-object order. Your task is to reconstruct the original sentence in English. You should only use the words in the same form as they appear in the given sentence.\nSentence: loves bob ethan.\nLet's think step by step. Show the original sentence at the end with the prefix 'Original sentence: '.\n	The given sentence is in verb-subject-object order. In English, we use subject-verb-object order. So, we need to rearrange the words accordingly.\n\nOriginal sentence: Bob loves Ethan.	False	gpt-4-0314	None	None	None	0	1
You are an expert in linguistics. Imagine a language that is the same as English only except that it uses the verb-subject-object order instead of the subject-verb-object order. Your task is to reconstruct the original sentence in English. You should only use the words in the same form as they appear in the given sentence.\nSentence: knows sophie lucas.\nLet's think step by step. Show the original sentence at the end with the prefix 'Original sentence: '.\n	Original sentence: Sophie knows Lucas.	False	gpt-4-0314	None	None	None	0	1
You are an expert in linguistics. Imagine a language that is the same as English only except that it uses the verb-subject-object order instead of the subject-verb-object order. Your task is to reconstruct the original sentence in English. You should only use the words in the same form as they appear in the given sentence.\nSentence: knows john mia.\nLet's think step by step. Show the original sentence at the end with the prefix 'Original sentence: '.\n	The given sentence is in the verb-subject-object order. To convert it into the subject-verb-object order, we need to rearrange the words. The verb 'knows' should be placed after the subject 'john'. The object 'mia' remains in its place.\n\nOriginal sentence: John knows Mia.	False	gpt-4-0314	None	None	None	0	1
You are an expert in linguistics. Imagine a language that is the same as English only except that it uses the verb-subject-object order instead of the subject-verb-object order. Your task is to reconstruct the original sentence in English. You should only use the words in the same form as they appear in the given sentence.\nSentence: loves sue noah.\nLet's think step by step. Show the original sentence at the end with the prefix 'Original sentence: '.\n	The given sentence is in verb-subject-object order. To convert it into subject-verb-object order, we need to rearrange the words. The verb is 'loves', the subject is 'sue', and the object is 'noah'. \n\nOriginal sentence: Sue loves Noah.	False	gpt-4-0314	None	None	None	0	1
You are an expert in linguistics. Imagine a language that is the same as English only except that it uses the verb-subject-object order instead of the subject-verb-object order. Your task is to reconstruct the original sentence in English. You should only use the words in the same form as they appear in the given sentence.\nSentence: calls mary noah.\nLet's think step by step. Show the original sentence at the end with the prefix 'Original sentence: '.\n	The given sentence is in the verb-subject-object order. In English, we use the subject-verb-object order. So, we need to rearrange the words accordingly.\n\nOriginal sentence: Mary calls Noah.	False	gpt-4-0314	None	None	None	0	1
You are an expert in linguistics. Imagine a language that is the same as English only except that it uses the verb-subject-object order instead of the subject-verb-object order. Your task is to reconstruct the original sentence in English. You should only use the words in the same form as they appear in the given sentence.\nSentence: sees tom ethan.\nLet's think step by step. Show the original sentence at the end with the prefix 'Original sentence: '.\n	The given sentence is in verb-subject-object order. In English, we use subject-verb-object order. So, we need to rearrange the words accordingly.\n\nOriginal sentence: Tom sees Ethan.	False	gpt-4-0314	None	None	None	0	1
You are an expert in linguistics. Imagine a language that is the same as English only except that it uses the verb-subject-object order instead of the subject-verb-object order. Your task is to reconstruct the original sentence in English. You should only use the words in the same form as they appear in the given sentence.\nSentence: knows sophie liam.\nLet's think step by step. Show the original sentence at the end with the prefix 'Original sentence: '.\n	The given sentence is in the verb-subject-object order. To convert it into the subject-verb-object order, we need to rearrange the words. \n\nThe verb in the sentence is 'knows', the subject is 'sophie', and the object is 'liam'. \n\nSo, the original sentence in English would be: \n\nOriginal sentence: Sophie knows Liam.	False	gpt-4-0314	None	None	None	0	1
You are an expert in linguistics. Imagine a language that is the same as English only except that it uses the verb-subject-object order instead of the subject-verb-object order. Your task is to reconstruct the original sentence in English. You should only use the words in the same form as they appear in the given sentence.\nSentence: saw sue jacob.\nLet's think step by step. Show the original sentence at the end with the prefix 'Original sentence: '.\n	Original sentence: Sue saw Jacob.	False	gpt-4-0314	None	None	None	0	1
You are an expert in linguistics. Imagine a language that is the same as English only except that it uses the verb-subject-object order instead of the subject-verb-object order. Your task is to reconstruct the original sentence in English. You should only use the words in the same form as they appear in the given sentence.\nSentence: loves sophie noah.\nLet's think step by step. Show the original sentence at the end with the prefix 'Original sentence: '.\n	The given sentence is in the verb-subject-object order. In English, we use the subject-verb-object order. So, we need to rearrange the words accordingly.\n\nOriginal sentence: Noah loves Sophie.	False	gpt-4-0314	None	None	None	0	1
You are an expert in linguistics. Imagine a language that is the same as English only except that it uses the verb-subject-object order instead of the subject-verb-object order. Your task is to reconstruct the original sentence in English. You should only use the words in the same form as they appear in the given sentence.\nSentence: calls alice liam.\nLet's think step by step. Show the original sentence at the end with the prefix 'Original sentence: '.\n	The given sentence is in the verb-subject-object order. In English, we use the subject-verb-object order. So, we need to rearrange the words accordingly.\n\nOriginal sentence: Alice calls Liam.	False	gpt-4-0314	None	None	None	0	1
You are an expert in linguistics. Imagine a language that is the same as English only except that it uses the verb-subject-object order instead of the subject-verb-object order. Your task is to reconstruct the original sentence in English. You should only use the words in the same form as they appear in the given sentence.\nSentence: knows bob noah.\nLet's think step by step. Show the original sentence at the end with the prefix 'Original sentence: '.\n	The given sentence is in the verb-subject-object order. To convert it into the subject-verb-object order, we need to rearrange the words. \n\nThe verb in the sentence is 'knows', the subject is 'bob', and the object is 'noah'. \n\nSo, the original sentence in English would be: \n\nOriginal sentence: Bob knows Noah.	False	gpt-4-0314	None	None	None	0	1
You are an expert in linguistics. Imagine a language that is the same as English only except that it uses the verb-subject-object order instead of the subject-verb-object order. Your task is to reconstruct the original sentence in English. You should only use the words in the same form as they appear in the given sentence.\nSentence: sees john lucas.\nLet's think step by step. Show the original sentence at the end with the prefix 'Original sentence: '.\n	Original sentence: John sees Lucas.	False	gpt-4-0314	None	None	None	0	1
You are an expert in linguistics. Imagine a language that is the same as English only except that it uses the verb-subject-object order instead of the subject-verb-object order. Your task is to reconstruct the original sentence in English. You should only use the words in the same form as they appear in the given sentence.\nSentence: knows sophie mia.\nLet's think step by step. Show the original sentence at the end with the prefix 'Original sentence: '.\n	The given sentence is in verb-subject-object order. To convert it into subject-verb-object order, we need to rearrange the words. The verb in the sentence is 'knows', the subject is 'Sophie', and the object is 'Mia'. \n\nOriginal sentence: Sophie knows Mia.	False	gpt-4-0314	None	None	None	0	1
You are an expert in linguistics. Imagine a language that is the same as English only except that it uses the verb-subject-object order instead of the subject-verb-object order. Your task is to reconstruct the original sentence in English. You should only use the words in the same form as they appear in the given sentence.\nSentence: calls mary mia.\nLet's think step by step. Show the original sentence at the end with the prefix 'Original sentence: '.\n	In the given sentence, the verb is 'calls', the subject is 'mary', and the object is 'mia'. In English, we use the subject-verb-object order. So, the original sentence should be 'mary calls mia'.\n\nOriginal sentence: Mary calls Mia.	False	gpt-4-0314	None	None	None	0	1
You are an expert in linguistics. Imagine a language that is the same as English only except that it uses the verb-subject-object order instead of the subject-verb-object order. Your task is to reconstruct the original sentence in English. You should only use the words in the same form as they appear in the given sentence.\nSentence: sees anna mia.\nLet's think step by step. Show the original sentence at the end with the prefix 'Original sentence: '.\n	The given sentence is in verb-subject-object order. In English, we use subject-verb-object order. So, we need to rearrange the words accordingly. \n\nOriginal sentence: Anna sees Mia.	False	gpt-4-0314	None	None	None	0	1
You are an expert in linguistics. Imagine a language that is the same as English only except that it uses the verb-subject-object order instead of the subject-verb-object order. Your task is to reconstruct the original sentence in English. You should only use the words in the same form as they appear in the given sentence.\nSentence: loves sue ethan.\nLet's think step by step. Show the original sentence at the end with the prefix 'Original sentence: '.\n	The given sentence is in verb-subject-object order. In English, we use subject-verb-object order. So, we need to rearrange the words accordingly. \n\nOriginal sentence: Sue loves Ethan.	False	gpt-4-0314	None	None	None	0	1
You are an expert in linguistics. Imagine a language that is the same as English only except that it uses the verb-subject-object order instead of the subject-verb-object order. Your task is to reconstruct the original sentence in English. You should only use the words in the same form as they appear in the given sentence.\nSentence: sees jim ethan.\nLet's think step by step. Show the original sentence at the end with the prefix 'Original sentence: '.\n	Original sentence: Jim sees Ethan.	False	gpt-4-0314	None	None	None	0	1
You are an expert in linguistics. Imagine a language that is the same as English only except that it uses the verb-subject-object order instead of the subject-verb-object order. Your task is to reconstruct the original sentence in English. You should only use the words in the same form as they appear in the given sentence.\nSentence: sees tim olivia.\nLet's think step by step. Show the original sentence at the end with the prefix 'Original sentence: '.\n	Original sentence: Tim sees Olivia.	False	gpt-4-0314	None	None	None	0	1
You are an expert in linguistics. Imagine a language that is the same as English only except that it uses the verb-subject-object order instead of the subject-verb-object order. Your task is to reconstruct the original sentence in English. You should only use the words in the same form as they appear in the given sentence.\nSentence: knows sophie olivia.\nLet's think step by step. Show the original sentence at the end with the prefix 'Original sentence: '.\n	Original sentence: Sophie knows Olivia.	False	gpt-4-0314	None	None	None	0	1
You are an expert in linguistics. Imagine a language that is the same as English only except that it uses the verb-subject-object order instead of the subject-verb-object order. Your task is to reconstruct the original sentence in English. You should only use the words in the same form as they appear in the given sentence.\nSentence: saw john ethan.\nLet's think step by step. Show the original sentence at the end with the prefix 'Original sentence: '.\n	Original sentence: John saw Ethan.	False	gpt-4-0314	None	None	None	0	1
You are an expert in linguistics. Imagine a language that is the same as English only except that it uses the verb-subject-object order instead of the subject-verb-object order. Your task is to reconstruct the original sentence in English. You should only use the words in the same form as they appear in the given sentence.\nSentence: sees john lucas.\nLet's think step by step. Show the original sentence at the end with the prefix 'Original sentence: '.\n	Original sentence: John sees Lucas.	False	gpt-4-0314	None	None	None	0	1
You are an expert in linguistics. Imagine a language that is the same as English only except that it uses the verb-subject-object order instead of the subject-verb-object order. Your task is to reconstruct the original sentence in English. You should only use the words in the same form as they appear in the given sentence.\nSentence: calls anna mia.\nLet's think step by step. Show the original sentence at the end with the prefix 'Original sentence: '.\n	The given sentence is in verb-subject-object order. In English, we use subject-verb-object order. So, we need to rearrange the words accordingly.\n\nOriginal sentence: Anna calls Mia.	False	gpt-4-0314	None	None	None	0	1
You are an expert in linguistics. Imagine a language that is the same as English only except that it uses the verb-subject-object order instead of the subject-verb-object order. Your task is to reconstruct the original sentence in English. You should only use the words in the same form as they appear in the given sentence.\nSentence: sees tim jacob.\nLet's think step by step. Show the original sentence at the end with the prefix 'Original sentence: '.\n	The given sentence is in the verb-subject-object order. To convert it into the subject-verb-object order, we need to move the verb 'sees' to the middle of the sentence, after the subject 'tim'. \n\nOriginal sentence: Tim sees Jacob.	False	gpt-4-0314	None	None	None	0	1
You are an expert in linguistics. Imagine a language that is the same as English only except that it uses the verb-subject-object order instead of the subject-verb-object order. Your task is to reconstruct the original sentence in English. You should only use the words in the same form as they appear in the given sentence.\nSentence: loves sue jacob.\nLet's think step by step. Show the original sentence at the end with the prefix 'Original sentence: '.\n	The given sentence is in the verb-subject-object order. To convert it into the subject-verb-object order, we need to move the verb 'loves' after the subject 'Sue'. \n\nOriginal sentence: Sue loves Jacob.	False	gpt-4-0314	None	None	None	0	1
You are an expert in linguistics. Imagine a language that is the same as English only except that it uses the verb-subject-object order instead of the subject-verb-object order. Your task is to reconstruct the original sentence in English. You should only use the words in the same form as they appear in the given sentence.\nSentence: calls john emily.\nLet's think step by step. Show the original sentence at the end with the prefix 'Original sentence: '.\n	The given sentence is in the verb-subject-object order. To convert it into the subject-verb-object order, we need to rearrange the words. The verb 'calls' should be in the middle, the subject 'john' should be at the beginning, and the object 'emily' should be at the end. \n\nOriginal sentence: John calls Emily.	False	gpt-4-0314	None	None	None	0	1
You are an expert in linguistics. Imagine a language that is the same as English only except that it uses the verb-subject-object order instead of the subject-verb-object order. Your task is to reconstruct the original sentence in English. You should only use the words in the same form as they appear in the given sentence.\nSentence: calls anna lucas.\nLet's think step by step. Show the original sentence at the end with the prefix 'Original sentence: '.\n	The given sentence is in the verb-subject-object order. In English, we use the subject-verb-object order. So, we need to rearrange the words accordingly. \n\nOriginal sentence: Anna calls Lucas.	False	gpt-4-0314	None	None	None	0	1
You are an expert in linguistics. Imagine a language that is the same as English only except that it uses the verb-subject-object order instead of the subject-verb-object order. Your task is to reconstruct the original sentence in English. You should only use the words in the same form as they appear in the given sentence.\nSentence: saw anna ethan.\nLet's think step by step. Show the original sentence at the end with the prefix 'Original sentence: '.\n	The given sentence is in the verb-subject-object order. To convert it into the subject-verb-object order, we need to move the verb 'saw' to the middle of the sentence. \n\nOriginal sentence: Anna saw Ethan.	False	gpt-4-0314	None	None	None	0	1
You are an expert in linguistics. Imagine a language that is the same as English only except that it uses the verb-subject-object order instead of the subject-verb-object order. Your task is to reconstruct the original sentence in English. You should only use the words in the same form as they appear in the given sentence.\nSentence: calls tom lucas.\nLet's think step by step. Show the original sentence at the end with the prefix 'Original sentence: '.\n	The given sentence is in verb-subject-object order. To convert it into subject-verb-object order, we need to rearrange the words. The verb is 'calls', the subject is 'tom', and the object is 'lucas'. \n\nOriginal sentence: Tom calls Lucas.	False	gpt-4-0314	None	None	None	0	1
