You are an expert in linguistics. Imagine a language that is the same as English only except that it uses the verb-object-subject order instead of the subject-verb-object order. Your task is to reconstruct the original sentence in English. You should only use the words in the same form as they appear in the given sentence.\nSentence: sees noah mary.\nLet's think step by step. Show the original sentence at the end with the prefix 'Original sentence: '.\n	 sees noah mary.\n\nnoah sees mary.\n\nOriginal sentence: Noah sees Mary.	False	claude-v1.3	None	None	None	0	1
You are an expert in linguistics. Imagine a language that is the same as English only except that it uses the verb-object-subject order instead of the subject-verb-object order. Your task is to reconstruct the original sentence in English. You should only use the words in the same form as they appear in the given sentence.\nSentence: loves noah bob.\nLet's think step by step. Show the original sentence at the end with the prefix 'Original sentence: '.\n	 loves noah bob.\n\nverb: loves\nobject: noah\nsubject: bob\n\nOriginal sentence: Bob loves Noah.	False	claude-v1.3	None	None	None	0	1
You are an expert in linguistics. Imagine a language that is the same as English only except that it uses the verb-object-subject order instead of the subject-verb-object order. Your task is to reconstruct the original sentence in English. You should only use the words in the same form as they appear in the given sentence.\nSentence: calls ethan tom.\nLet's think step by step. Show the original sentence at the end with the prefix 'Original sentence: '.\n	 calls ethan tom.\n\nverb: calls\nobject: ethan \nsubject: tom\n\nOriginal sentence: Tom calls Ethan.	False	claude-v1.3	None	None	None	0	1
You are an expert in linguistics. Imagine a language that is the same as English only except that it uses the verb-object-subject order instead of the subject-verb-object order. Your task is to reconstruct the original sentence in English. You should only use the words in the same form as they appear in the given sentence.\nSentence: sees jacob alice.\nLet's think step by step. Show the original sentence at the end with the prefix 'Original sentence: '.\n	 sees jacob alice.\n\nAlice sees jacob.\nOriginal sentence: Alice sees jacob.	False	claude-v1.3	None	None	None	0	1
You are an expert in linguistics. Imagine a language that is the same as English only except that it uses the verb-object-subject order instead of the subject-verb-object order. Your task is to reconstruct the original sentence in English. You should only use the words in the same form as they appear in the given sentence.\nSentence: calls jacob alice.\nLet's think step by step. Show the original sentence at the end with the prefix 'Original sentence: '.\n	 calls jacob alice.\n\nverb: calls\nobject: jacob\nsubject: alice\n\nOriginal sentence: Alice calls Jacob.	False	claude-v1.3	None	None	None	0	1
You are an expert in linguistics. Imagine a language that is the same as English only except that it uses the verb-object-subject order instead of the subject-verb-object order. Your task is to reconstruct the original sentence in English. You should only use the words in the same form as they appear in the given sentence.\nSentence: loves emma mary.\nLet's think step by step. Show the original sentence at the end with the prefix 'Original sentence: '.\n	 loves emma mary.\n\nemma mary loves.\n\nmary emma loves.\n\nOriginal sentence: Mary loves Emma.	False	claude-v1.3	None	None	None	0	1
You are an expert in linguistics. Imagine a language that is the same as English only except that it uses the verb-object-subject order instead of the subject-verb-object order. Your task is to reconstruct the original sentence in English. You should only use the words in the same form as they appear in the given sentence.\nSentence: sees noah mary.\nLet's think step by step. Show the original sentence at the end with the prefix 'Original sentence: '.\n	 sees noah mary.\n\nnoah sees mary.\n\nOriginal sentence: Noah sees Mary.	False	claude-v1.3	None	None	None	0	1
You are an expert in linguistics. Imagine a language that is the same as English only except that it uses the verb-object-subject order instead of the subject-verb-object order. Your task is to reconstruct the original sentence in English. You should only use the words in the same form as they appear in the given sentence.\nSentence: knows jacob sophie.\nLet's think step by step. Show the original sentence at the end with the prefix 'Original sentence: '.\n	 knows jacob sophie.\n\nStep 1) Identify the verb - knows\nStep 2) Identify the object - sophie\nStep 3) Identify the subject - jacob\n\nOriginal sentence: Jacob knows Sophie.	False	claude-v1.3	None	None	None	0	1
You are an expert in linguistics. Imagine a language that is the same as English only except that it uses the verb-object-subject order instead of the subject-verb-object order. Your task is to reconstruct the original sentence in English. You should only use the words in the same form as they appear in the given sentence.\nSentence: loves emma jim.\nLet's think step by step. Show the original sentence at the end with the prefix 'Original sentence: '.\n	 loves emma jim.\n\nemma jim loves.\n\njim emma loves.\n\nOriginal sentence: Jim loves Emma.	False	claude-v1.3	None	None	None	0	1
You are an expert in linguistics. Imagine a language that is the same as English only except that it uses the verb-object-subject order instead of the subject-verb-object order. Your task is to reconstruct the original sentence in English. You should only use the words in the same form as they appear in the given sentence.\nSentence: loves mia tom.\nLet's think step by step. Show the original sentence at the end with the prefix 'Original sentence: '.\n	 loves mia tom.\n\nverb: loves\nobject: mia \nsubject: tom\n\nOriginal sentence: Tom loves Mia.	False	claude-v1.3	None	None	None	0	1
You are an expert in linguistics. Imagine a language that is the same as English only except that it uses the verb-object-subject order instead of the subject-verb-object order. Your task is to reconstruct the original sentence in English. You should only use the words in the same form as they appear in the given sentence.\nSentence: calls emily mary.\nLet's think step by step. Show the original sentence at the end with the prefix 'Original sentence: '.\n	 calls emily mary.\n\nemily calls mary.\n\nOriginal sentence: Mary calls Emily.	False	claude-v1.3	None	None	None	0	1
You are an expert in linguistics. Imagine a language that is the same as English only except that it uses the verb-object-subject order instead of the subject-verb-object order. Your task is to reconstruct the original sentence in English. You should only use the words in the same form as they appear in the given sentence.\nSentence: saw mia tom.\nLet's think step by step. Show the original sentence at the end with the prefix 'Original sentence: '.\n	 saw - verb\nmia - object \ntom - subject\n\nSo the original sentence with subject-verb-object order would be:\n\nOriginal sentence: Tom saw Mia.	False	claude-v1.3	None	None	None	0	1
You are an expert in linguistics. Imagine a language that is the same as English only except that it uses the verb-object-subject order instead of the subject-verb-object order. Your task is to reconstruct the original sentence in English. You should only use the words in the same form as they appear in the given sentence.\nSentence: knows emily sophie.\nLet's think step by step. Show the original sentence at the end with the prefix 'Original sentence: '.\n	 knows emily sophie.\n\nStep 1) Identify the verb - knows\nStep 2) Identify the object - emily \nStep 3) Identify the subject - sophie\n\nOriginal sentence: Sophie knows Emily.	False	claude-v1.3	None	None	None	0	1
You are an expert in linguistics. Imagine a language that is the same as English only except that it uses the verb-object-subject order instead of the subject-verb-object order. Your task is to reconstruct the original sentence in English. You should only use the words in the same form as they appear in the given sentence.\nSentence: saw noah sue.\nLet's think step by step. Show the original sentence at the end with the prefix 'Original sentence: '.\n	 saw - verb\nnoah - object \nsue - subject\n\nSo the original sentence with subject-verb-object order would be:\n\nOriginal sentence: Sue saw Noah.	False	claude-v1.3	None	None	None	0	1
You are an expert in linguistics. Imagine a language that is the same as English only except that it uses the verb-object-subject order instead of the subject-verb-object order. Your task is to reconstruct the original sentence in English. You should only use the words in the same form as they appear in the given sentence.\nSentence: sees liam jim.\nLet's think step by step. Show the original sentence at the end with the prefix 'Original sentence: '.\n	 sees liam jim.\n\nverb: sees\nobject: liam \nsubject: jim\n\nOriginal sentence: Jim sees Liam.	False	claude-v1.3	None	None	None	0	1
You are an expert in linguistics. Imagine a language that is the same as English only except that it uses the verb-object-subject order instead of the subject-verb-object order. Your task is to reconstruct the original sentence in English. You should only use the words in the same form as they appear in the given sentence.\nSentence: calls noah mary.\nLet's think step by step. Show the original sentence at the end with the prefix 'Original sentence: '.\n	 calls noah mary.\n\nnoah calls mary.\n\nOriginal sentence: Noah calls Mary.	False	claude-v1.3	None	None	None	0	1
You are an expert in linguistics. Imagine a language that is the same as English only except that it uses the verb-object-subject order instead of the subject-verb-object order. Your task is to reconstruct the original sentence in English. You should only use the words in the same form as they appear in the given sentence.\nSentence: loves ava mary.\nLet's think step by step. Show the original sentence at the end with the prefix 'Original sentence: '.\n	 loves ava mary.\n\nloves - verb\nava - object \nmary - subject\n\nSo the original sentence with subject-verb-object order would be:\n\nOriginal sentence: Mary loves Ava.	False	claude-v1.3	None	None	None	0	1
You are an expert in linguistics. Imagine a language that is the same as English only except that it uses the verb-object-subject order instead of the subject-verb-object order. Your task is to reconstruct the original sentence in English. You should only use the words in the same form as they appear in the given sentence.\nSentence: knows liam anna.\nLet's think step by step. Show the original sentence at the end with the prefix 'Original sentence: '.\n	 knows liam anna.\n\nStep 1) Identify the verb: knows\nStep 2) Identify the object: anna \nStep 3) Identify the subject: liam\n\nOriginal sentence: Liam knows Anna.	False	claude-v1.3	None	None	None	0	1
You are an expert in linguistics. Imagine a language that is the same as English only except that it uses the verb-object-subject order instead of the subject-verb-object order. Your task is to reconstruct the original sentence in English. You should only use the words in the same form as they appear in the given sentence.\nSentence: sees mia sue.\nLet's think step by step. Show the original sentence at the end with the prefix 'Original sentence: '.\n	 sees mia sue.\n\nmia - object \nsees - verb\nsue - subject\n\nOriginal sentence: Sue sees Mia.	False	claude-v1.3	None	None	None	0	1
You are an expert in linguistics. Imagine a language that is the same as English only except that it uses the verb-object-subject order instead of the subject-verb-object order. Your task is to reconstruct the original sentence in English. You should only use the words in the same form as they appear in the given sentence.\nSentence: calls ava john.\nLet's think step by step. Show the original sentence at the end with the prefix 'Original sentence: '.\n	 calls ava john.\n\nStep 1) Identify the verb - calls\nStep 2) Identify the object - ava \nStep 3) Identify the subject - john\n\nOriginal sentence: John calls Ava.	False	claude-v1.3	None	None	None	0	1
You are an expert in linguistics. Imagine a language that is the same as English only except that it uses the verb-object-subject order instead of the subject-verb-object order. Your task is to reconstruct the original sentence in English. You should only use the words in the same form as they appear in the given sentence.\nSentence: knows noah tom.\nLet's think step by step. Show the original sentence at the end with the prefix 'Original sentence: '.\n	 knows noah tom.\n\nStep 1) Identify the verb - knows\nStep 2) Identify the object - noah \nStep 3) Identify the subject - tom\n\nOriginal sentence: Tom knows Noah.	False	claude-v1.3	None	None	None	0	1
You are an expert in linguistics. Imagine a language that is the same as English only except that it uses the verb-object-subject order instead of the subject-verb-object order. Your task is to reconstruct the original sentence in English. You should only use the words in the same form as they appear in the given sentence.\nSentence: knows noah sue.\nLet's think step by step. Show the original sentence at the end with the prefix 'Original sentence: '.\n	 knows noah sue.\n\nStep 1) Identify the verb: knows\nStep 2) Identify the object: sue \nStep 3) Identify the subject: noah\n\nOriginal sentence: Noah knows Sue.	False	claude-v1.3	None	None	None	0	1
You are an expert in linguistics. Imagine a language that is the same as English only except that it uses the verb-object-subject order instead of the subject-verb-object order. Your task is to reconstruct the original sentence in English. You should only use the words in the same form as they appear in the given sentence.\nSentence: loves emily sophie.\nLet's think step by step. Show the original sentence at the end with the prefix 'Original sentence: '.\n	 loves emily sophie.\n\nemily loves sophie.\n\nOriginal sentence: Sophie loves Emily.	False	claude-v1.3	None	None	None	0	1
You are an expert in linguistics. Imagine a language that is the same as English only except that it uses the verb-object-subject order instead of the subject-verb-object order. Your task is to reconstruct the original sentence in English. You should only use the words in the same form as they appear in the given sentence.\nSentence: calls noah john.\nLet's think step by step. Show the original sentence at the end with the prefix 'Original sentence: '.\n	 calls noah john.\n\nnoah calls john.\n\nOriginal sentence: John calls Noah.	False	claude-v1.3	None	None	None	0	1
You are an expert in linguistics. Imagine a language that is the same as English only except that it uses the verb-object-subject order instead of the subject-verb-object order. Your task is to reconstruct the original sentence in English. You should only use the words in the same form as they appear in the given sentence.\nSentence: knows emily alice.\nLet's think step by step. Show the original sentence at the end with the prefix 'Original sentence: '.\n	 knows emily alice.\n\nStep 1) Identify the verb - knows\nStep 2) Identify the object - alice \nStep 3) Identify the subject - emily\n\nOriginal sentence: Emily knows Alice.	False	claude-v1.3	None	None	None	0	1
You are an expert in linguistics. Imagine a language that is the same as English only except that it uses the verb-object-subject order instead of the subject-verb-object order. Your task is to reconstruct the original sentence in English. You should only use the words in the same form as they appear in the given sentence.\nSentence: calls emma bob.\nLet's think step by step. Show the original sentence at the end with the prefix 'Original sentence: '.\n	 calls emma bob.\n\nemma calls bob.\n\nOriginal sentence: Emma calls Bob.	False	claude-v1.3	None	None	None	0	1
You are an expert in linguistics. Imagine a language that is the same as English only except that it uses the verb-object-subject order instead of the subject-verb-object order. Your task is to reconstruct the original sentence in English. You should only use the words in the same form as they appear in the given sentence.\nSentence: sees ava john.\nLet's think step by step. Show the original sentence at the end with the prefix 'Original sentence: '.\n	 sees ava john.\n\nStep 1) Identify the verb: sees\nStep 2) Identify the object: ava \nStep 3) Identify the subject: john\n\nOriginal sentence: John sees Ava.	False	claude-v1.3	None	None	None	0	1
You are an expert in linguistics. Imagine a language that is the same as English only except that it uses the verb-object-subject order instead of the subject-verb-object order. Your task is to reconstruct the original sentence in English. You should only use the words in the same form as they appear in the given sentence.\nSentence: saw emily sue.\nLet's think step by step. Show the original sentence at the end with the prefix 'Original sentence: '.\n	 saw emily sue.\n\nsaw - verb\nemily - object \nsue - subject\n\nOriginal sentence: Sue saw Emily.	False	claude-v1.3	None	None	None	0	1
You are an expert in linguistics. Imagine a language that is the same as English only except that it uses the verb-object-subject order instead of the subject-verb-object order. Your task is to reconstruct the original sentence in English. You should only use the words in the same form as they appear in the given sentence.\nSentence: saw liam tim.\nLet's think step by step. Show the original sentence at the end with the prefix 'Original sentence: '.\n	 saw - verb\nliam - object \ntim - subject\n\nSo the original sentence with subject-verb-object order would be:\n\nTim saw Liam.\n\nOriginal sentence: Tim saw Liam.	False	claude-v1.3	None	None	None	0	1
You are an expert in linguistics. Imagine a language that is the same as English only except that it uses the verb-object-subject order instead of the subject-verb-object order. Your task is to reconstruct the original sentence in English. You should only use the words in the same form as they appear in the given sentence.\nSentence: saw liam tim.\nLet's think step by step. Show the original sentence at the end with the prefix 'Original sentence: '.\n	 saw - verb\nliam - object \ntim - subject\n\nSo the original sentence with subject-verb-object order would be:\n\nTim saw Liam.\n\nOriginal sentence: Tim saw Liam.	False	claude-v1.3	None	None	None	0	1
You are an expert in linguistics. Imagine a language that is the same as English only except that it uses the verb-object-subject order instead of the subject-verb-object order. Your task is to reconstruct the original sentence in English. You should only use the words in the same form as they appear in the given sentence.\nSentence: knows lucas mary.\nLet's think step by step. Show the original sentence at the end with the prefix 'Original sentence: '.\n	 knows lucas mary.\n\nStep 1) Identify the verb: knows\nStep 2) Identify the object: mary \nStep 3) Identify the subject: lucas\n\nOriginal sentence: Lucas knows Mary.	False	claude-v1.3	None	None	None	0	1
You are an expert in linguistics. Imagine a language that is the same as English only except that it uses the verb-object-subject order instead of the subject-verb-object order. Your task is to reconstruct the original sentence in English. You should only use the words in the same form as they appear in the given sentence.\nSentence: sees emma anna.\nLet's think step by step. Show the original sentence at the end with the prefix 'Original sentence: '.\n	 sees emma anna.\n\nemma - subject \nsees - verb\nanna - object\n\nOriginal sentence: Emma sees Anna.	False	claude-v1.3	None	None	None	0	1
You are an expert in linguistics. Imagine a language that is the same as English only except that it uses the verb-object-subject order instead of the subject-verb-object order. Your task is to reconstruct the original sentence in English. You should only use the words in the same form as they appear in the given sentence.\nSentence: sees liam mary.\nLet's think step by step. Show the original sentence at the end with the prefix 'Original sentence: '.\n	 sees liam mary.\n\nStep 1) Identify the verb: sees\nStep 2) Identify the object: liam \nStep 3) Identify the subject: mary\n\nOriginal sentence: Mary sees Liam.	False	claude-v1.3	None	None	None	0	1
You are an expert in linguistics. Imagine a language that is the same as English only except that it uses the verb-object-subject order instead of the subject-verb-object order. Your task is to reconstruct the original sentence in English. You should only use the words in the same form as they appear in the given sentence.\nSentence: loves ethan bob.\nLet's think step by step. Show the original sentence at the end with the prefix 'Original sentence: '.\n	 loves ethan bob.\n\nethan bob loves.\n\nbob ethan loves.\n\nOriginal sentence: Bob loves Ethan.	False	claude-v1.3	None	None	None	0	1
You are an expert in linguistics. Imagine a language that is the same as English only except that it uses the verb-object-subject order instead of the subject-verb-object order. Your task is to reconstruct the original sentence in English. You should only use the words in the same form as they appear in the given sentence.\nSentence: knows noah jim.\nLet's think step by step. Show the original sentence at the end with the prefix 'Original sentence: '.\n	 knows noah jim.\n\nStep 1) Identify the verb: knows\nStep 2) Identify the object: jim \nStep 3) Identify the subject: noah\n\nOriginal sentence: Noah knows Jim.	False	claude-v1.3	None	None	None	0	1
You are an expert in linguistics. Imagine a language that is the same as English only except that it uses the verb-object-subject order instead of the subject-verb-object order. Your task is to reconstruct the original sentence in English. You should only use the words in the same form as they appear in the given sentence.\nSentence: calls liam sophie.\nLet's think step by step. Show the original sentence at the end with the prefix 'Original sentence: '.\n	 calls liam sophie.\n\nStep 1) Identify the verb: calls\nStep 2) Identify the object: liam \nStep 3) Identify the subject: sophie\n\nOriginal sentence: Sophie calls Liam.	False	claude-v1.3	None	None	None	0	1
You are an expert in linguistics. Imagine a language that is the same as English only except that it uses the verb-object-subject order instead of the subject-verb-object order. Your task is to reconstruct the original sentence in English. You should only use the words in the same form as they appear in the given sentence.\nSentence: loves emma tim.\nLet's think step by step. Show the original sentence at the end with the prefix 'Original sentence: '.\n	 loves emma tim.\n\nemma tim loves.\n\ntim emma loves.\n\nOriginal sentence: Tim loves Emma.	False	claude-v1.3	None	None	None	0	1
You are an expert in linguistics. Imagine a language that is the same as English only except that it uses the verb-object-subject order instead of the subject-verb-object order. Your task is to reconstruct the original sentence in English. You should only use the words in the same form as they appear in the given sentence.\nSentence: sees lucas sue.\nLet's think step by step. Show the original sentence at the end with the prefix 'Original sentence: '.\n	 sees lucas sue.\n\nStep 1) Identify the verb: sees\nStep 2) Identify the object: lucas \nStep 3) Identify the subject: sue\n\nOriginal sentence: Sue sees Lucas.	False	claude-v1.3	None	None	None	0	1
You are an expert in linguistics. Imagine a language that is the same as English only except that it uses the verb-object-subject order instead of the subject-verb-object order. Your task is to reconstruct the original sentence in English. You should only use the words in the same form as they appear in the given sentence.\nSentence: sees jacob jim.\nLet's think step by step. Show the original sentence at the end with the prefix 'Original sentence: '.\n	 sees jacob jim.\n\nJim sees jacob.\n\nOriginal sentence: Jim sees jacob.	False	claude-v1.3	None	None	None	0	1
You are an expert in linguistics. Imagine a language that is the same as English only except that it uses the verb-object-subject order instead of the subject-verb-object order. Your task is to reconstruct the original sentence in English. You should only use the words in the same form as they appear in the given sentence.\nSentence: sees noah tim.\nLet's think step by step. Show the original sentence at the end with the prefix 'Original sentence: '.\n	 Okay, here is my step-by-step reconstruction of the original English sentence:\n\nGiven sentence: sees noah tim.\n\n1. Identify the verb: sees\n2. Identify the object: tim \n3. Identify the subject: noah\n\nOriginal sentence: Noah sees Tim.	False	claude-v1.3	None	None	None	0	1
You are an expert in linguistics. Imagine a language that is the same as English only except that it uses the verb-object-subject order instead of the subject-verb-object order. Your task is to reconstruct the original sentence in English. You should only use the words in the same form as they appear in the given sentence.\nSentence: loves mia tim.\nLet's think step by step. Show the original sentence at the end with the prefix 'Original sentence: '.\n	 loves mia tim.\n\nloves - verb\nmia - object \ntim - subject\n\nSo the original sentence with subject-verb-object order would be:\n\nOriginal sentence: Tim loves Mia.	False	claude-v1.3	None	None	None	0	1
You are an expert in linguistics. Imagine a language that is the same as English only except that it uses the verb-object-subject order instead of the subject-verb-object order. Your task is to reconstruct the original sentence in English. You should only use the words in the same form as they appear in the given sentence.\nSentence: sees olivia alice.\nLet's think step by step. Show the original sentence at the end with the prefix 'Original sentence: '.\n	 sees olivia alice.\n\nverb: sees\nobject: olivia \nsubject: alice\n\nOriginal sentence: Alice sees Olivia.	False	claude-v1.3	None	None	None	0	1
You are an expert in linguistics. Imagine a language that is the same as English only except that it uses the verb-object-subject order instead of the subject-verb-object order. Your task is to reconstruct the original sentence in English. You should only use the words in the same form as they appear in the given sentence.\nSentence: loves mia bob.\nLet's think step by step. Show the original sentence at the end with the prefix 'Original sentence: '.\n	 loves mia bob.\n\nloves - verb\nmia - object \nbob - subject\n\nSo the original sentence would be:\n\nOriginal sentence: Bob loves Mia.	False	claude-v1.3	None	None	None	0	1
You are an expert in linguistics. Imagine a language that is the same as English only except that it uses the verb-object-subject order instead of the subject-verb-object order. Your task is to reconstruct the original sentence in English. You should only use the words in the same form as they appear in the given sentence.\nSentence: sees olivia john.\nLet's think step by step. Show the original sentence at the end with the prefix 'Original sentence: '.\n	 sees olivia john.\n\nverb: sees\nobject: olivia \nsubject: john\n\nOriginal sentence: John sees Olivia.	False	claude-v1.3	None	None	None	0	1
You are an expert in linguistics. Imagine a language that is the same as English only except that it uses the verb-object-subject order instead of the subject-verb-object order. Your task is to reconstruct the original sentence in English. You should only use the words in the same form as they appear in the given sentence.\nSentence: loves emily sophie.\nLet's think step by step. Show the original sentence at the end with the prefix 'Original sentence: '.\n	 loves emily sophie.\n\nemily loves sophie.\n\nOriginal sentence: Sophie loves Emily.	False	claude-v1.3	None	None	None	0	1
You are an expert in linguistics. Imagine a language that is the same as English only except that it uses the verb-object-subject order instead of the subject-verb-object order. Your task is to reconstruct the original sentence in English. You should only use the words in the same form as they appear in the given sentence.\nSentence: loves olivia sue.\nLet's think step by step. Show the original sentence at the end with the prefix 'Original sentence: '.\n	 loves olivia sue.\n\nloves - verb\nolivia - object \nsue - subject\n\nOriginal sentence: Sue loves Olivia.	False	claude-v1.3	None	None	None	0	1
You are an expert in linguistics. Imagine a language that is the same as English only except that it uses the verb-object-subject order instead of the subject-verb-object order. Your task is to reconstruct the original sentence in English. You should only use the words in the same form as they appear in the given sentence.\nSentence: sees mia alice.\nLet's think step by step. Show the original sentence at the end with the prefix 'Original sentence: '.\n	 sees mia alice.\n\nAlice sees Mia.\nOriginal sentence: Alice sees Mia.	False	claude-v1.3	None	None	None	0	1
You are an expert in linguistics. Imagine a language that is the same as English only except that it uses the verb-object-subject order instead of the subject-verb-object order. Your task is to reconstruct the original sentence in English. You should only use the words in the same form as they appear in the given sentence.\nSentence: saw lucas john.\nLet's think step by step. Show the original sentence at the end with the prefix 'Original sentence: '.\n	 saw - verb \nlucas - object\njohn - subject\n\nTo reconstruct the English sentence with subject-verb-object order:\n\njohn - subject\nsaw - verb\nlucas - object\n\nOriginal sentence: John saw Lucas.	False	claude-v1.3	None	None	None	0	1
You are an expert in linguistics. Imagine a language that is the same as English only except that it uses the verb-object-subject order instead of the subject-verb-object order. Your task is to reconstruct the original sentence in English. You should only use the words in the same form as they appear in the given sentence.\nSentence: calls ethan anna.\nLet's think step by step. Show the original sentence at the end with the prefix 'Original sentence: '.\n	 calls ethan anna.\n\nverb: calls\nobject: ethan \nsubject: anna\n\nOriginal sentence: Anna calls Ethan.	False	claude-v1.3	None	None	None	0	1
You are an expert in linguistics. Imagine a language that is the same as English only except that it uses the verb-object-subject order instead of the subject-verb-object order. Your task is to reconstruct the original sentence in English. You should only use the words in the same form as they appear in the given sentence.\nSentence: sees lucas tom.\nLet's think step by step. Show the original sentence at the end with the prefix 'Original sentence: '.\n	 sees lucas tom.\n\nverb: sees\nobject: lucas \nsubject: tom\n\nOriginal sentence: Tom sees Lucas.	False	claude-v1.3	None	None	None	0	1
You are an expert in linguistics. Imagine a language that is the same as English only except that it uses the verb-object-subject order instead of the subject-verb-object order. Your task is to reconstruct the original sentence in English. You should only use the words in the same form as they appear in the given sentence.\nSentence: saw ava bob.\nLet's think step by step. Show the original sentence at the end with the prefix 'Original sentence: '.\n	 saw ava bob.\n\nStep 1) Identify the verb - saw\nStep 2) Identify the object - ava \nStep 3) Identify the subject - bob\n\nOriginal sentence: Bob saw Ava.	False	claude-v1.3	None	None	None	0	1
You are an expert in linguistics. Imagine a language that is the same as English only except that it uses the verb-object-subject order instead of the subject-verb-object order. Your task is to reconstruct the original sentence in English. You should only use the words in the same form as they appear in the given sentence.\nSentence: saw mia tom.\nLet's think step by step. Show the original sentence at the end with the prefix 'Original sentence: '.\n	 saw - verb\nmia - object \ntom - subject\n\nSo the original sentence with subject-verb-object order would be:\n\nOriginal sentence: Tom saw Mia.	False	claude-v1.3	None	None	None	0	1
You are an expert in linguistics. Imagine a language that is the same as English only except that it uses the verb-object-subject order instead of the subject-verb-object order. Your task is to reconstruct the original sentence in English. You should only use the words in the same form as they appear in the given sentence.\nSentence: calls olivia anna.\nLet's think step by step. Show the original sentence at the end with the prefix 'Original sentence: '.\n	 calls olivia anna.\n\nverb: calls\nobject: olivia\nsubject: anna\n\nOriginal sentence: Anna calls Olivia.	False	claude-v1.3	None	None	None	0	1
You are an expert in linguistics. Imagine a language that is the same as English only except that it uses the verb-object-subject order instead of the subject-verb-object order. Your task is to reconstruct the original sentence in English. You should only use the words in the same form as they appear in the given sentence.\nSentence: knows lucas tim.\nLet's think step by step. Show the original sentence at the end with the prefix 'Original sentence: '.\n	 Okay, here is my step-by-step reconstruction of the original English sentence:\n\n1. The given sentence is in verb-object-subject order: knows lucas tim.\n2. The verb in the sentence is 'knows'. \n3. The object in the sentence is 'lucas'.\n4. The subject in the sentence is 'tim'.\n5. To reconstruct the English sentence with subject-verb-object order, we rearrange the words as:\n\ntim knows lucas\n\nOriginal sentence: Tim knows Lucas.	False	claude-v1.3	None	None	None	0	1
You are an expert in linguistics. Imagine a language that is the same as English only except that it uses the verb-object-subject order instead of the subject-verb-object order. Your task is to reconstruct the original sentence in English. You should only use the words in the same form as they appear in the given sentence.\nSentence: knows jacob anna.\nLet's think step by step. Show the original sentence at the end with the prefix 'Original sentence: '.\n	 knows jacob anna.\n\nStep 1) Identify the verb - knows\nStep 2) Identify the object - anna \nStep 3) Identify the subject - jacob\n\nOriginal sentence: Jacob knows Anna.	False	claude-v1.3	None	None	None	0	1
You are an expert in linguistics. Imagine a language that is the same as English only except that it uses the verb-object-subject order instead of the subject-verb-object order. Your task is to reconstruct the original sentence in English. You should only use the words in the same form as they appear in the given sentence.\nSentence: loves lucas tim.\nLet's think step by step. Show the original sentence at the end with the prefix 'Original sentence: '.\n	 loves lucas tim.\n\nverb: loves\nobject: lucas \nsubject: tim\n\nOriginal sentence: Tim loves Lucas.	False	claude-v1.3	None	None	None	0	1
You are an expert in linguistics. Imagine a language that is the same as English only except that it uses the verb-object-subject order instead of the subject-verb-object order. Your task is to reconstruct the original sentence in English. You should only use the words in the same form as they appear in the given sentence.\nSentence: saw emma sophie.\nLet's think step by step. Show the original sentence at the end with the prefix 'Original sentence: '.\n	 saw - verb\nemma - object \nsophie - subject\n\nemma saw sophie\nOriginal sentence: Sophie saw Emma.	False	claude-v1.3	None	None	None	0	1
You are an expert in linguistics. Imagine a language that is the same as English only except that it uses the verb-object-subject order instead of the subject-verb-object order. Your task is to reconstruct the original sentence in English. You should only use the words in the same form as they appear in the given sentence.\nSentence: knows olivia john.\nLet's think step by step. Show the original sentence at the end with the prefix 'Original sentence: '.\n	 knows olivia john.\n\nStep 1) Identify the verb - knows\nStep 2) Identify the object - olivia \nStep 3) Identify the subject - john\n\nOriginal sentence: John knows Olivia.	False	claude-v1.3	None	None	None	0	1
You are an expert in linguistics. Imagine a language that is the same as English only except that it uses the verb-object-subject order instead of the subject-verb-object order. Your task is to reconstruct the original sentence in English. You should only use the words in the same form as they appear in the given sentence.\nSentence: saw mia mary.\nLet's think step by step. Show the original sentence at the end with the prefix 'Original sentence: '.\n	 saw - verb\nmia - object \nmary - subject\n\nSo the original sentence with subject-verb-object order would be:\n\nOriginal sentence: Mary saw Mia.	False	claude-v1.3	None	None	None	0	1
You are an expert in linguistics. Imagine a language that is the same as English only except that it uses the verb-object-subject order instead of the subject-verb-object order. Your task is to reconstruct the original sentence in English. You should only use the words in the same form as they appear in the given sentence.\nSentence: calls lucas tim.\nLet's think step by step. Show the original sentence at the end with the prefix 'Original sentence: '.\n	 Okay, here is my step-by-step reconstruction of the original English sentence:\n\n1. The given sentence is in verb-object-subject order: calls lucas tim.\n2. The verb in the sentence is 'calls'. \n3. The object in the sentence is 'lucas'.\n4. The subject in the sentence is 'tim'.\n5. To reconstruct the English sentence with subject-verb-object order, we place the subject first, followed by the verb and then the object.\n\nOriginal sentence: Tim calls Lucas.	False	claude-v1.3	None	None	None	0	1
You are an expert in linguistics. Imagine a language that is the same as English only except that it uses the verb-object-subject order instead of the subject-verb-object order. Your task is to reconstruct the original sentence in English. You should only use the words in the same form as they appear in the given sentence.\nSentence: calls emily jim.\nLet's think step by step. Show the original sentence at the end with the prefix 'Original sentence: '.\n	 calls emily jim.\n\nemily calls jim.\n\nOriginal sentence: Jim calls Emily.	False	claude-v1.3	None	None	None	0	1
You are an expert in linguistics. Imagine a language that is the same as English only except that it uses the verb-object-subject order instead of the subject-verb-object order. Your task is to reconstruct the original sentence in English. You should only use the words in the same form as they appear in the given sentence.\nSentence: loves mia bob.\nLet's think step by step. Show the original sentence at the end with the prefix 'Original sentence: '.\n	 loves mia bob.\n\nloves - verb\nmia - object \nbob - subject\n\nSo the original sentence would be:\n\nOriginal sentence: Bob loves Mia.	False	claude-v1.3	None	None	None	0	1
You are an expert in linguistics. Imagine a language that is the same as English only except that it uses the verb-object-subject order instead of the subject-verb-object order. Your task is to reconstruct the original sentence in English. You should only use the words in the same form as they appear in the given sentence.\nSentence: saw mia jim.\nLet's think step by step. Show the original sentence at the end with the prefix 'Original sentence: '.\n	 saw - verb\nmia - object \njim - subject\n\nSo the original sentence with subject-verb-object order would be:\n\nOriginal sentence: Jim saw Mia.	False	claude-v1.3	None	None	None	0	1
You are an expert in linguistics. Imagine a language that is the same as English only except that it uses the verb-object-subject order instead of the subject-verb-object order. Your task is to reconstruct the original sentence in English. You should only use the words in the same form as they appear in the given sentence.\nSentence: saw ethan sue.\nLet's think step by step. Show the original sentence at the end with the prefix 'Original sentence: '.\n	 saw - verb\nethan - object \nsue - subject\n\nEthan saw Sue.\nOriginal sentence: Sue saw Ethan.	False	claude-v1.3	None	None	None	0	1
You are an expert in linguistics. Imagine a language that is the same as English only except that it uses the verb-object-subject order instead of the subject-verb-object order. Your task is to reconstruct the original sentence in English. You should only use the words in the same form as they appear in the given sentence.\nSentence: saw emma mary.\nLet's think step by step. Show the original sentence at the end with the prefix 'Original sentence: '.\n	 saw - verb\nemma - object \nmary - subject\n\nSo the original sentence with subject-verb-object order would be:\n\nOriginal sentence: Mary saw Emma.	False	claude-v1.3	None	None	None	0	1
You are an expert in linguistics. Imagine a language that is the same as English only except that it uses the verb-object-subject order instead of the subject-verb-object order. Your task is to reconstruct the original sentence in English. You should only use the words in the same form as they appear in the given sentence.\nSentence: loves emily sue.\nLet's think step by step. Show the original sentence at the end with the prefix 'Original sentence: '.\n	 loves emily sue.\n\nemily loves sue.\n\nOriginal sentence: Sue loves Emily.	False	claude-v1.3	None	None	None	0	1
You are an expert in linguistics. Imagine a language that is the same as English only except that it uses the verb-object-subject order instead of the subject-verb-object order. Your task is to reconstruct the original sentence in English. You should only use the words in the same form as they appear in the given sentence.\nSentence: knows ava mary.\nLet's think step by step. Show the original sentence at the end with the prefix 'Original sentence: '.\n	 knows ava mary.\n\nStep 1) Identify the verb: knows\nStep 2) Identify the object: ava \nStep 3) Identify the subject: mary\n\nOriginal sentence: Mary knows Ava.	False	claude-v1.3	None	None	None	0	1
You are an expert in linguistics. Imagine a language that is the same as English only except that it uses the verb-object-subject order instead of the subject-verb-object order. Your task is to reconstruct the original sentence in English. You should only use the words in the same form as they appear in the given sentence.\nSentence: knows mia tim.\nLet's think step by step. Show the original sentence at the end with the prefix 'Original sentence: '.\n	 Okay, here is my step-by-step reconstruction of the original English sentence:\n\n1. The given sentence is in verb-object-subject order: knows mia tim.\n2. The verb in the sentence is 'knows'. \n3. The object in the sentence is 'mia'.\n4. The subject in the sentence is 'tim'.\n\nOriginal sentence: Tim knows Mia.	False	claude-v1.3	None	None	None	0	1
You are an expert in linguistics. Imagine a language that is the same as English only except that it uses the verb-object-subject order instead of the subject-verb-object order. Your task is to reconstruct the original sentence in English. You should only use the words in the same form as they appear in the given sentence.\nSentence: sees emily sophie.\nLet's think step by step. Show the original sentence at the end with the prefix 'Original sentence: '.\n	 sees emily sophie.\n\nemily sees sophie.\n\nOriginal sentence: Sophie sees Emily.	False	claude-v1.3	None	None	None	0	1
You are an expert in linguistics. Imagine a language that is the same as English only except that it uses the verb-object-subject order instead of the subject-verb-object order. Your task is to reconstruct the original sentence in English. You should only use the words in the same form as they appear in the given sentence.\nSentence: knows ethan tom.\nLet's think step by step. Show the original sentence at the end with the prefix 'Original sentence: '.\n	 knows ethan tom.\n\nStep 1) Identify the verb - knows\nStep 2) Identify the object - ethan \nStep 3) Identify the subject - tom\n\nOriginal sentence: Tom knows Ethan.	False	claude-v1.3	None	None	None	0	1
You are an expert in linguistics. Imagine a language that is the same as English only except that it uses the verb-object-subject order instead of the subject-verb-object order. Your task is to reconstruct the original sentence in English. You should only use the words in the same form as they appear in the given sentence.\nSentence: sees liam alice.\nLet's think step by step. Show the original sentence at the end with the prefix 'Original sentence: '.\n	 sees liam alice.\n\nAlice sees Liam.\nOriginal sentence: Alice sees Liam.	False	claude-v1.3	None	None	None	0	1
You are an expert in linguistics. Imagine a language that is the same as English only except that it uses the verb-object-subject order instead of the subject-verb-object order. Your task is to reconstruct the original sentence in English. You should only use the words in the same form as they appear in the given sentence.\nSentence: calls ethan sophie.\nLet's think step by step. Show the original sentence at the end with the prefix 'Original sentence: '.\n	 calls ethan sophie.\n\nethan calls sophie.\n\nOriginal sentence: Sophie calls Ethan.	False	claude-v1.3	None	None	None	0	1
You are an expert in linguistics. Imagine a language that is the same as English only except that it uses the verb-object-subject order instead of the subject-verb-object order. Your task is to reconstruct the original sentence in English. You should only use the words in the same form as they appear in the given sentence.\nSentence: knows mia anna.\nLet's think step by step. Show the original sentence at the end with the prefix 'Original sentence: '.\n	 knows mia anna.\n\nStep 1) The verb is 'knows'. The object is 'mia'. The subject is 'anna'.\nStep 2) In English, the normal word order is subject-verb-object.\nStep 3) So the original English sentence would be:\n\nOriginal sentence: Anna knows Mia.	False	claude-v1.3	None	None	None	0	1
You are an expert in linguistics. Imagine a language that is the same as English only except that it uses the verb-object-subject order instead of the subject-verb-object order. Your task is to reconstruct the original sentence in English. You should only use the words in the same form as they appear in the given sentence.\nSentence: saw mia tim.\nLet's think step by step. Show the original sentence at the end with the prefix 'Original sentence: '.\n	 saw - verb\nmia - object \ntim - subject\n\nSo the original sentence with subject-verb-object order would be:\n\nTim saw Mia.\n\nOriginal sentence: Tim saw Mia.	False	claude-v1.3	None	None	None	0	1
You are an expert in linguistics. Imagine a language that is the same as English only except that it uses the verb-object-subject order instead of the subject-verb-object order. Your task is to reconstruct the original sentence in English. You should only use the words in the same form as they appear in the given sentence.\nSentence: knows emma sophie.\nLet's think step by step. Show the original sentence at the end with the prefix 'Original sentence: '.\n	 knows emma sophie.\n\nStep 1) Identify the verb - knows\nStep 2) Identify the object - emma \nStep 3) Identify the subject - sophie\n\nOriginal sentence: Sophie knows Emma.	False	claude-v1.3	None	None	None	0	1
You are an expert in linguistics. Imagine a language that is the same as English only except that it uses the verb-object-subject order instead of the subject-verb-object order. Your task is to reconstruct the original sentence in English. You should only use the words in the same form as they appear in the given sentence.\nSentence: loves noah sophie.\nLet's think step by step. Show the original sentence at the end with the prefix 'Original sentence: '.\n	 loves noah sophie.\n\nnoah loves sophie.\n\nOriginal sentence: Sophie loves Noah.	False	claude-v1.3	None	None	None	0	1
You are an expert in linguistics. Imagine a language that is the same as English only except that it uses the verb-object-subject order instead of the subject-verb-object order. Your task is to reconstruct the original sentence in English. You should only use the words in the same form as they appear in the given sentence.\nSentence: loves ethan sophie.\nLet's think step by step. Show the original sentence at the end with the prefix 'Original sentence: '.\n	 loves ethan sophie.\n\nethan loves sophie.\n\nOriginal sentence: Sophie loves Ethan.	False	claude-v1.3	None	None	None	0	1
You are an expert in linguistics. Imagine a language that is the same as English only except that it uses the verb-object-subject order instead of the subject-verb-object order. Your task is to reconstruct the original sentence in English. You should only use the words in the same form as they appear in the given sentence.\nSentence: calls ethan tom.\nLet's think step by step. Show the original sentence at the end with the prefix 'Original sentence: '.\n	 calls ethan tom.\n\nverb: calls\nobject: ethan \nsubject: tom\n\nOriginal sentence: Tom calls Ethan.	False	claude-v1.3	None	None	None	0	1
You are an expert in linguistics. Imagine a language that is the same as English only except that it uses the verb-object-subject order instead of the subject-verb-object order. Your task is to reconstruct the original sentence in English. You should only use the words in the same form as they appear in the given sentence.\nSentence: loves ethan sophie.\nLet's think step by step. Show the original sentence at the end with the prefix 'Original sentence: '.\n	 loves ethan sophie.\n\nethan loves sophie.\n\nOriginal sentence: Sophie loves Ethan.	False	claude-v1.3	None	None	None	0	1
You are an expert in linguistics. Imagine a language that is the same as English only except that it uses the verb-object-subject order instead of the subject-verb-object order. Your task is to reconstruct the original sentence in English. You should only use the words in the same form as they appear in the given sentence.\nSentence: knows ethan sophie.\nLet's think step by step. Show the original sentence at the end with the prefix 'Original sentence: '.\n	 knows ethan sophie.\n\nStep 1) Identify the verb: knows\nStep 2) Identify the object: sophie\nStep 3) Identify the subject: ethan\n\nOriginal sentence: Ethan knows Sophie.	False	claude-v1.3	None	None	None	0	1
You are an expert in linguistics. Imagine a language that is the same as English only except that it uses the verb-object-subject order instead of the subject-verb-object order. Your task is to reconstruct the original sentence in English. You should only use the words in the same form as they appear in the given sentence.\nSentence: knows lucas alice.\nLet's think step by step. Show the original sentence at the end with the prefix 'Original sentence: '.\n	 knows lucas alice.\n\nStep 1) Identify the verb: knows\nStep 2) Identify the object: alice\nStep 3) Identify the subject: lucas\n\nOriginal sentence: Lucas knows Alice.	False	claude-v1.3	None	None	None	0	1
You are an expert in linguistics. Imagine a language that is the same as English only except that it uses the verb-object-subject order instead of the subject-verb-object order. Your task is to reconstruct the original sentence in English. You should only use the words in the same form as they appear in the given sentence.\nSentence: knows liam anna.\nLet's think step by step. Show the original sentence at the end with the prefix 'Original sentence: '.\n	 knows liam anna.\n\nStep 1) Identify the verb: knows\nStep 2) Identify the object: anna \nStep 3) Identify the subject: liam\n\nOriginal sentence: Liam knows Anna.	False	claude-v1.3	None	None	None	0	1
You are an expert in linguistics. Imagine a language that is the same as English only except that it uses the verb-object-subject order instead of the subject-verb-object order. Your task is to reconstruct the original sentence in English. You should only use the words in the same form as they appear in the given sentence.\nSentence: knows noah alice.\nLet's think step by step. Show the original sentence at the end with the prefix 'Original sentence: '.\n	 knows noah alice.\n\nStep 1) Identify the verb: knows\nStep 2) Identify the object: alice\nStep 3) Identify the subject: noah\n\nOriginal sentence: Noah knows Alice.	False	claude-v1.3	None	None	None	0	1
You are an expert in linguistics. Imagine a language that is the same as English only except that it uses the verb-object-subject order instead of the subject-verb-object order. Your task is to reconstruct the original sentence in English. You should only use the words in the same form as they appear in the given sentence.\nSentence: loves ethan alice.\nLet's think step by step. Show the original sentence at the end with the prefix 'Original sentence: '.\n	 loves ethan alice.\n\nethan loves alice.\n\nOriginal sentence: Alice loves Ethan.	False	claude-v1.3	None	None	None	0	1
You are an expert in linguistics. Imagine a language that is the same as English only except that it uses the verb-object-subject order instead of the subject-verb-object order. Your task is to reconstruct the original sentence in English. You should only use the words in the same form as they appear in the given sentence.\nSentence: sees mia alice.\nLet's think step by step. Show the original sentence at the end with the prefix 'Original sentence: '.\n	 sees mia alice.\n\nAlice sees Mia.\nOriginal sentence: Alice sees Mia.	False	claude-v1.3	None	None	None	0	1
You are an expert in linguistics. Imagine a language that is the same as English only except that it uses the verb-object-subject order instead of the subject-verb-object order. Your task is to reconstruct the original sentence in English. You should only use the words in the same form as they appear in the given sentence.\nSentence: knows emma tom.\nLet's think step by step. Show the original sentence at the end with the prefix 'Original sentence: '.\n	 knows emma tom.\n\nStep 1) Identify the verb - knows\nStep 2) Identify the object - emma \nStep 3) Identify the subject - tom\n\nOriginal sentence: Tom knows Emma.	False	claude-v1.3	None	None	None	0	1
You are an expert in linguistics. Imagine a language that is the same as English only except that it uses the verb-object-subject order instead of the subject-verb-object order. Your task is to reconstruct the original sentence in English. You should only use the words in the same form as they appear in the given sentence.\nSentence: saw emma tom.\nLet's think step by step. Show the original sentence at the end with the prefix 'Original sentence: '.\n	 saw - verb\nemma - object \ntom - subject\n\nSo the original sentence with subject-verb-object order would be:\n\nOriginal sentence: Tom saw Emma.	False	claude-v1.3	None	None	None	0	1
You are an expert in linguistics. Imagine a language that is the same as English only except that it uses the verb-object-subject order instead of the subject-verb-object order. Your task is to reconstruct the original sentence in English. You should only use the words in the same form as they appear in the given sentence.\nSentence: knows jacob tom.\nLet's think step by step. Show the original sentence at the end with the prefix 'Original sentence: '.\n	 knows jacob tom.\n\nStep 1) Identify the verb - knows\nStep 2) Identify the object - jacob \nStep 3) Identify the subject - tom\n\nOriginal sentence: Tom knows Jacob.	False	claude-v1.3	None	None	None	0	1
You are an expert in linguistics. Imagine a language that is the same as English only except that it uses the verb-object-subject order instead of the subject-verb-object order. Your task is to reconstruct the original sentence in English. You should only use the words in the same form as they appear in the given sentence.\nSentence: sees emily alice.\nLet's think step by step. Show the original sentence at the end with the prefix 'Original sentence: '.\n	 sees emily alice.\n\nemily sees alice.\n\nOriginal sentence: Alice sees Emily.	False	claude-v1.3	None	None	None	0	1
You are an expert in linguistics. Imagine a language that is the same as English only except that it uses the verb-object-subject order instead of the subject-verb-object order. Your task is to reconstruct the original sentence in English. You should only use the words in the same form as they appear in the given sentence.\nSentence: knows liam anna.\nLet's think step by step. Show the original sentence at the end with the prefix 'Original sentence: '.\n	 knows liam anna.\n\nStep 1) Identify the verb: knows\nStep 2) Identify the object: anna \nStep 3) Identify the subject: liam\n\nOriginal sentence: Liam knows Anna.	False	claude-v1.3	None	None	None	0	1
You are an expert in linguistics. Imagine a language that is the same as English only except that it uses the verb-object-subject order instead of the subject-verb-object order. Your task is to reconstruct the original sentence in English. You should only use the words in the same form as they appear in the given sentence.\nSentence: saw liam tom.\nLet's think step by step. Show the original sentence at the end with the prefix 'Original sentence: '.\n	 saw - verb\nliam - object \ntom - subject\n\nSo the original sentence with subject-verb-object order would be:\n\nOriginal sentence: Tom saw Liam.	False	claude-v1.3	None	None	None	0	1
You are an expert in linguistics. Imagine a language that is the same as English only except that it uses the verb-object-subject order instead of the subject-verb-object order. Your task is to reconstruct the original sentence in English. You should only use the words in the same form as they appear in the given sentence.\nSentence: sees noah john.\nLet's think step by step. Show the original sentence at the end with the prefix 'Original sentence: '.\n	 sees noah john.\n\nverb: sees\nobject: noah\nsubject: john\n\nTo reconstruct the original sentence in English subject-verb-object order:\n\njohn sees noah\n\nOriginal sentence: john sees noah	False	claude-v1.3	None	None	None	0	1
You are an expert in linguistics. Imagine a language that is the same as English only except that it uses the verb-object-subject order instead of the subject-verb-object order. Your task is to reconstruct the original sentence in English. You should only use the words in the same form as they appear in the given sentence.\nSentence: calls jacob sue.\nLet's think step by step. Show the original sentence at the end with the prefix 'Original sentence: '.\n	 calls jacob sue.\n\nStep 1) Identify the verb: calls\nStep 2) Identify the object: jacob \nStep 3) Identify the subject: sue\n\nOriginal sentence: Sue calls Jacob.	False	claude-v1.3	None	None	None	0	1
You are an expert in linguistics. Imagine a language that is the same as English only except that it uses the verb-object-subject order instead of the subject-verb-object order. Your task is to reconstruct the original sentence in English. You should only use the words in the same form as they appear in the given sentence.\nSentence: loves ava jim.\nLet's think step by step. Show the original sentence at the end with the prefix 'Original sentence: '.\n	 loves ava jim.\n\nloves - verb\nava - object \njim - subject\n\nSo the original sentence with subject-verb-object order would be:\n\nOriginal sentence: Jim loves Ava.	False	claude-v1.3	None	None	None	0	1
You are an expert in linguistics. Imagine a language that is the same as English only except that it uses the verb-object-subject order instead of the subject-verb-object order. Your task is to reconstruct the original sentence in English. You should only use the words in the same form as they appear in the given sentence.\nSentence: sees emma anna.\nLet's think step by step. Show the original sentence at the end with the prefix 'Original sentence: '.\n	 sees emma anna.\n\nemma - subject \nsees - verb\nanna - object\n\nOriginal sentence: Emma sees Anna.	False	claude-v1.3	None	None	None	0	1
You are an expert in linguistics. Imagine a language that is the same as English only except that it uses the verb-object-subject order instead of the subject-verb-object order. Your task is to reconstruct the original sentence in English. You should only use the words in the same form as they appear in the given sentence.\nSentence: loves olivia mary.\nLet's think step by step. Show the original sentence at the end with the prefix 'Original sentence: '.\n	 loves olivia mary.\n\nloves - verb\nolivia - object \nmary - subject\n\nSo the original sentence with subject-verb-object order would be:\n\nOriginal sentence: Mary loves Olivia.	False	claude-v1.3	None	None	None	0	1
You are an expert in linguistics. Imagine a language that is the same as English only except that it uses the verb-object-subject order instead of the subject-verb-object order. Your task is to reconstruct the original sentence in English. You should only use the words in the same form as they appear in the given sentence.\nSentence: sees emily mary.\nLet's think step by step. Show the original sentence at the end with the prefix 'Original sentence: '.\n	 sees emily mary.\n\nemily sees mary.\n\nmary emily sees.\n\nOriginal sentence: Mary sees Emily.	False	claude-v1.3	None	None	None	0	1
You are an expert in linguistics. Imagine a language that is the same as English only except that it uses the verb-object-subject order instead of the subject-verb-object order. Your task is to reconstruct the original sentence in English. You should only use the words in the same form as they appear in the given sentence.\nSentence: loves mia tim.\nLet's think step by step. Show the original sentence at the end with the prefix 'Original sentence: '.\n	 loves mia tim.\n\nloves - verb\nmia - object \ntim - subject\n\nSo the original sentence with subject-verb-object order would be:\n\nOriginal sentence: Tim loves Mia.	False	claude-v1.3	None	None	None	0	1
You are an expert in linguistics. Imagine a language that is the same as English only except that it uses the verb-object-subject order instead of the subject-verb-object order. Your task is to reconstruct the original sentence in English. You should only use the words in the same form as they appear in the given sentence.\nSentence: sees olivia tom.\nLet's think step by step. Show the original sentence at the end with the prefix 'Original sentence: '.\n	 sees olivia tom.\n\nverb: sees\nobject: olivia \nsubject: tom\n\nOriginal sentence: Tom sees Olivia.	False	claude-v1.3	None	None	None	0	1
You are an expert in linguistics. Imagine a language that is the same as English only except that it uses the verb-object-subject order instead of the subject-verb-object order. Your task is to reconstruct the original sentence in English. You should only use the words in the same form as they appear in the given sentence.\nSentence: sees ava tim.\nLet's think step by step. Show the original sentence at the end with the prefix 'Original sentence: '.\n	 Okay, here is my step-by-step reconstruction of the original English sentence:\n\n1. The given sentence is in verb-object-subject order: sees ava tim.\n2. The verb in the sentence is 'sees'. \n3. The object in the sentence is 'ava'.\n4. The subject in the sentence is 'tim'.\n\nOriginal sentence: Tim sees Ava.	False	claude-v1.3	None	None	None	0	1
