You are an expert in linguistics. Imagine a language that is the same as English only except that it uses the subject-object-verb order instead of the subject-verb-object order. Your task is to reconstruct the original sentence in English. You should only use the words in the same form as they appear in the given sentence.\nSentence: tim lucas saw.\nLet's think step by step. Show the original sentence at the end with the prefix 'Original sentence: '.\n	 tim lucas saw.\n\ntim - subject \nlucas - object\nsaw - verb\n\nOriginal sentence: Lucas saw Tim.	False	claude-v1.3	None	None	None	0	1
You are an expert in linguistics. Imagine a language that is the same as English only except that it uses the subject-object-verb order instead of the subject-verb-object order. Your task is to reconstruct the original sentence in English. You should only use the words in the same form as they appear in the given sentence.\nSentence: jim olivia calls.\nLet's think step by step. Show the original sentence at the end with the prefix 'Original sentence: '.\n	 jim olivia calls.\n\njim = subject \nolivia = object\ncalls = verb\n\nOriginal sentence: Jim calls Olivia.	False	claude-v1.3	None	None	None	0	1
You are an expert in linguistics. Imagine a language that is the same as English only except that it uses the subject-object-verb order instead of the subject-verb-object order. Your task is to reconstruct the original sentence in English. You should only use the words in the same form as they appear in the given sentence.\nSentence: jim emily saw.\nLet's think step by step. Show the original sentence at the end with the prefix 'Original sentence: '.\n	 jim emily saw.\njim - subject \nemily - object\nsaw - verb\n\nOriginal sentence: Jim saw Emily.	False	claude-v1.3	None	None	None	0	1
You are an expert in linguistics. Imagine a language that is the same as English only except that it uses the subject-object-verb order instead of the subject-verb-object order. Your task is to reconstruct the original sentence in English. You should only use the words in the same form as they appear in the given sentence.\nSentence: mary emily knows.\nLet's think step by step. Show the original sentence at the end with the prefix 'Original sentence: '.\n	 Okay, here is my step-by-step reconstruction of the original English sentence:\n\n1. The given sentence is: mary emily knows.\n2. In this language, the subject comes last. So 'mary' is the subject.\n3. 'emily' is the object.\n4. 'knows' is the verb.\n\nOriginal sentence: Mary knows Emily.	False	claude-v1.3	None	None	None	0	1
You are an expert in linguistics. Imagine a language that is the same as English only except that it uses the subject-object-verb order instead of the subject-verb-object order. Your task is to reconstruct the original sentence in English. You should only use the words in the same form as they appear in the given sentence.\nSentence: jim olivia sees.\nLet's think step by step. Show the original sentence at the end with the prefix 'Original sentence: '.\n	 jim olivia sees.\n\nolivia jim sees.\n\nsees jim olivia.\n\nOriginal sentence: Jim sees Olivia.	False	claude-v1.3	None	None	None	0	1
You are an expert in linguistics. Imagine a language that is the same as English only except that it uses the subject-object-verb order instead of the subject-verb-object order. Your task is to reconstruct the original sentence in English. You should only use the words in the same form as they appear in the given sentence.\nSentence: anna noah calls.\nLet's think step by step. Show the original sentence at the end with the prefix 'Original sentence: '.\n	 anna \nnoah\ncalls\n\nOriginal sentence: Anna calls Noah.	False	claude-v1.3	None	None	None	0	1
You are an expert in linguistics. Imagine a language that is the same as English only except that it uses the subject-object-verb order instead of the subject-verb-object order. Your task is to reconstruct the original sentence in English. You should only use the words in the same form as they appear in the given sentence.\nSentence: anna emily saw.\nLet's think step by step. Show the original sentence at the end with the prefix 'Original sentence: '.\n	 anna emily saw.\n\nemily anna saw \nsaw emily anna\n\nOriginal sentence: Emily saw Anna.	False	claude-v1.3	None	None	None	0	1
You are an expert in linguistics. Imagine a language that is the same as English only except that it uses the subject-object-verb order instead of the subject-verb-object order. Your task is to reconstruct the original sentence in English. You should only use the words in the same form as they appear in the given sentence.\nSentence: alice ava sees.\nLet's think step by step. Show the original sentence at the end with the prefix 'Original sentence: '.\n	 alice ava sees.\n\nalice - subject \nava - object\nsees - verb\n\nOriginal sentence: Alice sees Ava.	False	claude-v1.3	None	None	None	0	1
You are an expert in linguistics. Imagine a language that is the same as English only except that it uses the subject-object-verb order instead of the subject-verb-object order. Your task is to reconstruct the original sentence in English. You should only use the words in the same form as they appear in the given sentence.\nSentence: anna jacob sees.\nLet's think step by step. Show the original sentence at the end with the prefix 'Original sentence: '.\n	 anna \njacob\nsees\n\nOriginal sentence: Anna sees Jacob.	False	claude-v1.3	None	None	None	0	1
You are an expert in linguistics. Imagine a language that is the same as English only except that it uses the subject-object-verb order instead of the subject-verb-object order. Your task is to reconstruct the original sentence in English. You should only use the words in the same form as they appear in the given sentence.\nSentence: mary liam calls.\nLet's think step by step. Show the original sentence at the end with the prefix 'Original sentence: '.\n	 Okay, here is my step-by-step reconstruction of the original English sentence:\n\n1. The given sentence follows subject-object-verb order: mary liam calls\n2. To reconstruct the English sentence, we need to change the order to subject-verb-object:\n3. The subject is 'mary'\n4. The verb is 'calls' \n5. The object is 'liam'\n\nOriginal sentence: Mary calls Liam.	False	claude-v1.3	None	None	None	0	1
You are an expert in linguistics. Imagine a language that is the same as English only except that it uses the subject-object-verb order instead of the subject-verb-object order. Your task is to reconstruct the original sentence in English. You should only use the words in the same form as they appear in the given sentence.\nSentence: john ava calls.\nLet's think step by step. Show the original sentence at the end with the prefix 'Original sentence: '.\n	 john ava calls.\n\ncalls john ava.\n\nOriginal sentence: John calls Ava.	False	claude-v1.3	None	None	None	0	1
You are an expert in linguistics. Imagine a language that is the same as English only except that it uses the subject-object-verb order instead of the subject-verb-object order. Your task is to reconstruct the original sentence in English. You should only use the words in the same form as they appear in the given sentence.\nSentence: sophie emma saw.\nLet's think step by step. Show the original sentence at the end with the prefix 'Original sentence: '.\n	 sophie emma saw.\n\nemma sophie saw.\n\nsaw emma sophie.\n\nOriginal sentence: Emma saw Sophie.	False	claude-v1.3	None	None	None	0	1
You are an expert in linguistics. Imagine a language that is the same as English only except that it uses the subject-object-verb order instead of the subject-verb-object order. Your task is to reconstruct the original sentence in English. You should only use the words in the same form as they appear in the given sentence.\nSentence: sophie liam saw.\nLet's think step by step. Show the original sentence at the end with the prefix 'Original sentence: '.\n	 sophie liam saw.\n\nsophie - subject \nliam - object\nsaw - verb\n\nOriginal sentence: Sophie saw Liam.	False	claude-v1.3	None	None	None	0	1
You are an expert in linguistics. Imagine a language that is the same as English only except that it uses the subject-object-verb order instead of the subject-verb-object order. Your task is to reconstruct the original sentence in English. You should only use the words in the same form as they appear in the given sentence.\nSentence: sophie olivia saw.\nLet's think step by step. Show the original sentence at the end with the prefix 'Original sentence: '.\n	 sophie olivia saw.\n\nolivia sophie saw.\n\nsaw olivia sophie.\n\nOriginal sentence: Sophie saw Olivia.	False	claude-v1.3	None	None	None	0	1
You are an expert in linguistics. Imagine a language that is the same as English only except that it uses the subject-object-verb order instead of the subject-verb-object order. Your task is to reconstruct the original sentence in English. You should only use the words in the same form as they appear in the given sentence.\nSentence: bob liam loves.\nLet's think step by step. Show the original sentence at the end with the prefix 'Original sentence: '.\n	 bob liam loves.\n\nliam bob loves.\n\nloves liam bob.\n\nOriginal sentence: Bob loves Liam.	False	claude-v1.3	None	None	None	0	1
You are an expert in linguistics. Imagine a language that is the same as English only except that it uses the subject-object-verb order instead of the subject-verb-object order. Your task is to reconstruct the original sentence in English. You should only use the words in the same form as they appear in the given sentence.\nSentence: bob emma sees.\nLet's think step by step. Show the original sentence at the end with the prefix 'Original sentence: '.\n	 bob \nemma\nsees\n\nOriginal sentence: Emma sees Bob.	False	claude-v1.3	None	None	None	0	1
You are an expert in linguistics. Imagine a language that is the same as English only except that it uses the subject-object-verb order instead of the subject-verb-object order. Your task is to reconstruct the original sentence in English. You should only use the words in the same form as they appear in the given sentence.\nSentence: jim ethan knows.\nLet's think step by step. Show the original sentence at the end with the prefix 'Original sentence: '.\n	 jim ethan knows.\n\njim - subject \nethan - object\nknows - verb\n\nOriginal sentence: Jim knows Ethan.	False	claude-v1.3	None	None	None	0	1
You are an expert in linguistics. Imagine a language that is the same as English only except that it uses the subject-object-verb order instead of the subject-verb-object order. Your task is to reconstruct the original sentence in English. You should only use the words in the same form as they appear in the given sentence.\nSentence: john olivia calls.\nLet's think step by step. Show the original sentence at the end with the prefix 'Original sentence: '.\n	 john olivia calls.\n\nolivia john calls.\n\ncalls olivia john.\n\nOriginal sentence: John calls Olivia.	False	claude-v1.3	None	None	None	0	1
You are an expert in linguistics. Imagine a language that is the same as English only except that it uses the subject-object-verb order instead of the subject-verb-object order. Your task is to reconstruct the original sentence in English. You should only use the words in the same form as they appear in the given sentence.\nSentence: anna jacob loves.\nLet's think step by step. Show the original sentence at the end with the prefix 'Original sentence: '.\n	 anna \njacob\nloves\n\nOriginal sentence: Anna loves Jacob.	False	claude-v1.3	None	None	None	0	1
You are an expert in linguistics. Imagine a language that is the same as English only except that it uses the subject-object-verb order instead of the subject-verb-object order. Your task is to reconstruct the original sentence in English. You should only use the words in the same form as they appear in the given sentence.\nSentence: tom liam sees.\nLet's think step by step. Show the original sentence at the end with the prefix 'Original sentence: '.\n	 tom \nliam\nsees\n\nOriginal sentence: Tom sees Liam.	False	claude-v1.3	None	None	None	0	1
You are an expert in linguistics. Imagine a language that is the same as English only except that it uses the subject-object-verb order instead of the subject-verb-object order. Your task is to reconstruct the original sentence in English. You should only use the words in the same form as they appear in the given sentence.\nSentence: mary ava knows.\nLet's think step by step. Show the original sentence at the end with the prefix 'Original sentence: '.\n	 Okay, here is my step-by-step reconstruction of the original English sentence:\n\n1. The given sentence is: mary ava knows.\n2. In this language, the subject comes last. So 'mary' is the subject.\n3. 'ava' is the object.\n4. 'knows' is the verb.\n\nOriginal sentence: Mary knows Ava.	False	claude-v1.3	None	None	None	0	1
You are an expert in linguistics. Imagine a language that is the same as English only except that it uses the subject-object-verb order instead of the subject-verb-object order. Your task is to reconstruct the original sentence in English. You should only use the words in the same form as they appear in the given sentence.\nSentence: john ava sees.\nLet's think step by step. Show the original sentence at the end with the prefix 'Original sentence: '.\n	 john ava sees.\n\njohn - subject \nava - object\nsees - verb\n\nOriginal sentence: John sees Ava.	False	claude-v1.3	None	None	None	0	1
You are an expert in linguistics. Imagine a language that is the same as English only except that it uses the subject-object-verb order instead of the subject-verb-object order. Your task is to reconstruct the original sentence in English. You should only use the words in the same form as they appear in the given sentence.\nSentence: jim lucas knows.\nLet's think step by step. Show the original sentence at the end with the prefix 'Original sentence: '.\n	 Okay, here is my step-by-step reconstruction of the original English sentence from the subject-object-verb order:\n\njim - subject \nlucas - object\nknows - verb\n\nSo the original sentence with subject-verb-object order would be:\n\nOriginal sentence: Jim knows Lucas.	False	claude-v1.3	None	None	None	0	1
You are an expert in linguistics. Imagine a language that is the same as English only except that it uses the subject-object-verb order instead of the subject-verb-object order. Your task is to reconstruct the original sentence in English. You should only use the words in the same form as they appear in the given sentence.\nSentence: anna liam sees.\nLet's think step by step. Show the original sentence at the end with the prefix 'Original sentence: '.\n	 anna \nliam\nsees\n\nOriginal sentence: Anna sees Liam.	False	claude-v1.3	None	None	None	0	1
You are an expert in linguistics. Imagine a language that is the same as English only except that it uses the subject-object-verb order instead of the subject-verb-object order. Your task is to reconstruct the original sentence in English. You should only use the words in the same form as they appear in the given sentence.\nSentence: alice mia loves.\nLet's think step by step. Show the original sentence at the end with the prefix 'Original sentence: '.\n	 alice mia loves.\n\nmia alice loves.\n\nloves mia alice.\n\nOriginal sentence: Alice loves mia.	False	claude-v1.3	None	None	None	0	1
You are an expert in linguistics. Imagine a language that is the same as English only except that it uses the subject-object-verb order instead of the subject-verb-object order. Your task is to reconstruct the original sentence in English. You should only use the words in the same form as they appear in the given sentence.\nSentence: john ava knows.\nLet's think step by step. Show the original sentence at the end with the prefix 'Original sentence: '.\n	 john ava knows.\n\njohn -> subject \nava -> object\nknows -> verb\n\nSo the original sentence with subject-verb-object order would be:\n\nOriginal sentence: John knows Ava.	False	claude-v1.3	None	None	None	0	1
You are an expert in linguistics. Imagine a language that is the same as English only except that it uses the subject-object-verb order instead of the subject-verb-object order. Your task is to reconstruct the original sentence in English. You should only use the words in the same form as they appear in the given sentence.\nSentence: anna mia saw.\nLet's think step by step. Show the original sentence at the end with the prefix 'Original sentence: '.\n	 anna \nmia\nsaw\n\nOriginal sentence: Anna saw Mia.	False	claude-v1.3	None	None	None	0	1
You are an expert in linguistics. Imagine a language that is the same as English only except that it uses the subject-object-verb order instead of the subject-verb-object order. Your task is to reconstruct the original sentence in English. You should only use the words in the same form as they appear in the given sentence.\nSentence: sophie jacob saw.\nLet's think step by step. Show the original sentence at the end with the prefix 'Original sentence: '.\n	 sophie jacob saw.\n\nsophie  jacob  saw\nsubject object verb\n\nOriginal sentence: Sophie saw Jacob.	False	claude-v1.3	None	None	None	0	1
You are an expert in linguistics. Imagine a language that is the same as English only except that it uses the subject-object-verb order instead of the subject-verb-object order. Your task is to reconstruct the original sentence in English. You should only use the words in the same form as they appear in the given sentence.\nSentence: jim mia calls.\nLet's think step by step. Show the original sentence at the end with the prefix 'Original sentence: '.\n	 Okay, here is my step-by-step reconstruction of the original English sentence from the subject-object-verb order:\n\njim - subject \nmia - object\ncalls - verb\n\nSo the original sentence with subject-verb-object order would be:\n\nOriginal sentence: Jim calls Mia.	False	claude-v1.3	None	None	None	0	1
You are an expert in linguistics. Imagine a language that is the same as English only except that it uses the subject-object-verb order instead of the subject-verb-object order. Your task is to reconstruct the original sentence in English. You should only use the words in the same form as they appear in the given sentence.\nSentence: bob lucas saw.\nLet's think step by step. Show the original sentence at the end with the prefix 'Original sentence: '.\n	 bob lucas saw.\n\nlucas bob saw.\n\nsaw lucas bob.\n\nOriginal sentence: Bob saw Lucas.	False	claude-v1.3	None	None	None	0	1
You are an expert in linguistics. Imagine a language that is the same as English only except that it uses the subject-object-verb order instead of the subject-verb-object order. Your task is to reconstruct the original sentence in English. You should only use the words in the same form as they appear in the given sentence.\nSentence: john ava calls.\nLet's think step by step. Show the original sentence at the end with the prefix 'Original sentence: '.\n	 john ava calls.\n\ncalls john ava.\n\nOriginal sentence: John calls Ava.	False	claude-v1.3	None	None	None	0	1
You are an expert in linguistics. Imagine a language that is the same as English only except that it uses the subject-object-verb order instead of the subject-verb-object order. Your task is to reconstruct the original sentence in English. You should only use the words in the same form as they appear in the given sentence.\nSentence: sue liam saw.\nLet's think step by step. Show the original sentence at the end with the prefix 'Original sentence: '.\n	 sue \nliam\nsaw\n\nOriginal sentence: Sue saw Liam.	False	claude-v1.3	None	None	None	0	1
You are an expert in linguistics. Imagine a language that is the same as English only except that it uses the subject-object-verb order instead of the subject-verb-object order. Your task is to reconstruct the original sentence in English. You should only use the words in the same form as they appear in the given sentence.\nSentence: sophie emily calls.\nLet's think step by step. Show the original sentence at the end with the prefix 'Original sentence: '.\n	 sophie emily calls.\n\nemily sophie calls.\n\ncalls emily sophie.\n\nOriginal sentence: Emily calls Sophie.	False	claude-v1.3	None	None	None	0	1
You are an expert in linguistics. Imagine a language that is the same as English only except that it uses the subject-object-verb order instead of the subject-verb-object order. Your task is to reconstruct the original sentence in English. You should only use the words in the same form as they appear in the given sentence.\nSentence: anna olivia knows.\nLet's think step by step. Show the original sentence at the end with the prefix 'Original sentence: '.\n	 anna \nolivia\nknows\n\nOriginal sentence: Anna knows Olivia.	False	claude-v1.3	None	None	None	0	1
You are an expert in linguistics. Imagine a language that is the same as English only except that it uses the subject-object-verb order instead of the subject-verb-object order. Your task is to reconstruct the original sentence in English. You should only use the words in the same form as they appear in the given sentence.\nSentence: sophie emma sees.\nLet's think step by step. Show the original sentence at the end with the prefix 'Original sentence: '.\n	 sophie emma sees.\n\nemma sophie sees.\n\nsees emma sophie.\n\nOriginal sentence: Emma sees Sophie.	False	claude-v1.3	None	None	None	0	1
You are an expert in linguistics. Imagine a language that is the same as English only except that it uses the subject-object-verb order instead of the subject-verb-object order. Your task is to reconstruct the original sentence in English. You should only use the words in the same form as they appear in the given sentence.\nSentence: alice ethan knows.\nLet's think step by step. Show the original sentence at the end with the prefix 'Original sentence: '.\n	 alice ethan knows.\n\nalice - subject \nethan - object\nknows - verb\n\nOriginal sentence: Alice knows Ethan.	False	claude-v1.3	None	None	None	0	1
You are an expert in linguistics. Imagine a language that is the same as English only except that it uses the subject-object-verb order instead of the subject-verb-object order. Your task is to reconstruct the original sentence in English. You should only use the words in the same form as they appear in the given sentence.\nSentence: mary olivia saw.\nLet's think step by step. Show the original sentence at the end with the prefix 'Original sentence: '.\n	 Okay, here is my step-by-step reconstruction of the original English sentence:\n\n1. The given sentence follows subject-object-verb order: mary olivia saw.\n2. The subject is 'mary', the object is 'olivia' and the verb is 'saw'.\n3. To reconstruct the English sentence with subject-verb-object order, we place the subject 'mary' first.\n4. Then we put the verb 'saw' after the subject. \n5. Finally, we place the object 'olivia' after the verb.\n\nOriginal sentence: Mary saw Olivia.	False	claude-v1.3	None	None	None	0	1
You are an expert in linguistics. Imagine a language that is the same as English only except that it uses the subject-object-verb order instead of the subject-verb-object order. Your task is to reconstruct the original sentence in English. You should only use the words in the same form as they appear in the given sentence.\nSentence: bob ava loves.\nLet's think step by step. Show the original sentence at the end with the prefix 'Original sentence: '.\n	 bob \nava\nloves\n\nOriginal sentence: Bob loves ava.	False	claude-v1.3	None	None	None	0	1
You are an expert in linguistics. Imagine a language that is the same as English only except that it uses the subject-object-verb order instead of the subject-verb-object order. Your task is to reconstruct the original sentence in English. You should only use the words in the same form as they appear in the given sentence.\nSentence: sue emma calls.\nLet's think step by step. Show the original sentence at the end with the prefix 'Original sentence: '.\n	 sue emma calls.\n\nsue -> subject \nemma -> object\ncalls -> verb\n\nOriginal sentence: Emma calls Sue.	False	claude-v1.3	None	None	None	0	1
You are an expert in linguistics. Imagine a language that is the same as English only except that it uses the subject-object-verb order instead of the subject-verb-object order. Your task is to reconstruct the original sentence in English. You should only use the words in the same form as they appear in the given sentence.\nSentence: tom olivia calls.\nLet's think step by step. Show the original sentence at the end with the prefix 'Original sentence: '.\n	 tom olivia calls.\n\nolivia tom calls.\n\ncalls olivia tom.\n\nOriginal sentence: Tom calls Olivia.	False	claude-v1.3	None	None	None	0	1
You are an expert in linguistics. Imagine a language that is the same as English only except that it uses the subject-object-verb order instead of the subject-verb-object order. Your task is to reconstruct the original sentence in English. You should only use the words in the same form as they appear in the given sentence.\nSentence: sue lucas calls.\nLet's think step by step. Show the original sentence at the end with the prefix 'Original sentence: '.\n	 sue calls lucas.\nOriginal sentence: Lucas calls Sue.	False	claude-v1.3	None	None	None	0	1
You are an expert in linguistics. Imagine a language that is the same as English only except that it uses the subject-object-verb order instead of the subject-verb-object order. Your task is to reconstruct the original sentence in English. You should only use the words in the same form as they appear in the given sentence.\nSentence: sue noah calls.\nLet's think step by step. Show the original sentence at the end with the prefix 'Original sentence: '.\n	 sue calls noah.\nOriginal sentence: Noah calls Sue.	False	claude-v1.3	None	None	None	0	1
You are an expert in linguistics. Imagine a language that is the same as English only except that it uses the subject-object-verb order instead of the subject-verb-object order. Your task is to reconstruct the original sentence in English. You should only use the words in the same form as they appear in the given sentence.\nSentence: tim lucas knows.\nLet's think step by step. Show the original sentence at the end with the prefix 'Original sentence: '.\n	 Okay, here is my step-by-step reconstruction of the original English sentence from the subject-object-verb input:\n\ntim - Subject \nlucas - Object\nknows - Verb\n\nSo the original English sentence with subject-verb-object order would be:\n\nOriginal sentence: Tim knows Lucas.	False	claude-v1.3	None	None	None	0	1
You are an expert in linguistics. Imagine a language that is the same as English only except that it uses the subject-object-verb order instead of the subject-verb-object order. Your task is to reconstruct the original sentence in English. You should only use the words in the same form as they appear in the given sentence.\nSentence: tim mia sees.\nLet's think step by step. Show the original sentence at the end with the prefix 'Original sentence: '.\n	 Okay, here is my step-by-step reconstruction of the original English sentence from the subject-object-verb order:\n\ntim - subject \nmia - object\nsees - verb\n\nSo the original word order is:\nsubject - object - verb\n\nTo reconstruct the English sentence with subject-verb-object order:\n\ntim - subject\nsees - verb \nmia - object\n\nOriginal sentence: Tim sees Mia.	False	claude-v1.3	None	None	None	0	1
You are an expert in linguistics. Imagine a language that is the same as English only except that it uses the subject-object-verb order instead of the subject-verb-object order. Your task is to reconstruct the original sentence in English. You should only use the words in the same form as they appear in the given sentence.\nSentence: mary jacob knows.\nLet's think step by step. Show the original sentence at the end with the prefix 'Original sentence: '.\n	 Okay, here is my step-by-step reconstruction of the original English sentence:\n\n1. The given sentence is: mary jacob knows.\n2. In this language, the subject-object-verb order is used instead of subject-verb-object.\n3. So, 'mary' is the subject, 'jacob' is the object, and 'knows' is the verb.\n4. To reconstruct the English sentence, we need to put the subject first, followed by the verb, and then the object.\n\nOriginal sentence: Mary knows Jacob.	False	claude-v1.3	None	None	None	0	1
You are an expert in linguistics. Imagine a language that is the same as English only except that it uses the subject-object-verb order instead of the subject-verb-object order. Your task is to reconstruct the original sentence in English. You should only use the words in the same form as they appear in the given sentence.\nSentence: tim lucas knows.\nLet's think step by step. Show the original sentence at the end with the prefix 'Original sentence: '.\n	 Okay, here is my step-by-step reconstruction of the original English sentence from the subject-object-verb input:\n\ntim - Subject \nlucas - Object\nknows - Verb\n\nSo the original English sentence with subject-verb-object order would be:\n\nOriginal sentence: Tim knows Lucas.	False	claude-v1.3	None	None	None	0	1
You are an expert in linguistics. Imagine a language that is the same as English only except that it uses the subject-object-verb order instead of the subject-verb-object order. Your task is to reconstruct the original sentence in English. You should only use the words in the same form as they appear in the given sentence.\nSentence: tom ava sees.\nLet's think step by step. Show the original sentence at the end with the prefix 'Original sentence: '.\n	 tom \nava\nsees\n\nOriginal sentence: Tom sees Ava.	False	claude-v1.3	None	None	None	0	1
You are an expert in linguistics. Imagine a language that is the same as English only except that it uses the subject-object-verb order instead of the subject-verb-object order. Your task is to reconstruct the original sentence in English. You should only use the words in the same form as they appear in the given sentence.\nSentence: alice lucas knows.\nLet's think step by step. Show the original sentence at the end with the prefix 'Original sentence: '.\n	 alice lucas knows.\n\nalice  -> subject \nlucas -> object\nknows -> verb\n\nOriginal sentence: Alice knows Lucas.	False	claude-v1.3	None	None	None	0	1
You are an expert in linguistics. Imagine a language that is the same as English only except that it uses the subject-object-verb order instead of the subject-verb-object order. Your task is to reconstruct the original sentence in English. You should only use the words in the same form as they appear in the given sentence.\nSentence: jim emma knows.\nLet's think step by step. Show the original sentence at the end with the prefix 'Original sentence: '.\n	 Okay, here is my step-by-step reconstruction of the original English sentence:\n\njim emma knows. \nSubject: jim\nObject: emma\nVerb: knows\n\nTo reconstruct the English sentence with subject-verb-object order:\n\nSubject: jim  \nVerb: knows\nObject: emma\n\nOriginal sentence: Jim knows Emma.	False	claude-v1.3	None	None	None	0	1
You are an expert in linguistics. Imagine a language that is the same as English only except that it uses the subject-object-verb order instead of the subject-verb-object order. Your task is to reconstruct the original sentence in English. You should only use the words in the same form as they appear in the given sentence.\nSentence: john olivia sees.\nLet's think step by step. Show the original sentence at the end with the prefix 'Original sentence: '.\n	 john olivia sees.\n\nolivia john sees.\n\nsees olivia john.\n\nOriginal sentence: John sees Olivia.	False	claude-v1.3	None	None	None	0	1
You are an expert in linguistics. Imagine a language that is the same as English only except that it uses the subject-object-verb order instead of the subject-verb-object order. Your task is to reconstruct the original sentence in English. You should only use the words in the same form as they appear in the given sentence.\nSentence: tom ava saw.\nLet's think step by step. Show the original sentence at the end with the prefix 'Original sentence: '.\n	 tom \nava\nsaw\n\nOriginal sentence: Tom saw Ava.	False	claude-v1.3	None	None	None	0	1
You are an expert in linguistics. Imagine a language that is the same as English only except that it uses the subject-object-verb order instead of the subject-verb-object order. Your task is to reconstruct the original sentence in English. You should only use the words in the same form as they appear in the given sentence.\nSentence: mary mia loves.\nLet's think step by step. Show the original sentence at the end with the prefix 'Original sentence: '.\n	 mary \nmia\nloves\n\nOriginal sentence: Mary loves Mia.	False	claude-v1.3	None	None	None	0	1
You are an expert in linguistics. Imagine a language that is the same as English only except that it uses the subject-object-verb order instead of the subject-verb-object order. Your task is to reconstruct the original sentence in English. You should only use the words in the same form as they appear in the given sentence.\nSentence: anna emma sees.\nLet's think step by step. Show the original sentence at the end with the prefix 'Original sentence: '.\n	 anna emma sees.\nemma anna sees \nsees emma anna\nOriginal sentence: Emma sees Anna.	False	claude-v1.3	None	None	None	0	1
You are an expert in linguistics. Imagine a language that is the same as English only except that it uses the subject-object-verb order instead of the subject-verb-object order. Your task is to reconstruct the original sentence in English. You should only use the words in the same form as they appear in the given sentence.\nSentence: anna emma sees.\nLet's think step by step. Show the original sentence at the end with the prefix 'Original sentence: '.\n	 anna emma sees.\nemma anna sees \nsees emma anna\nOriginal sentence: Emma sees Anna.	False	claude-v1.3	None	None	None	0	1
You are an expert in linguistics. Imagine a language that is the same as English only except that it uses the subject-object-verb order instead of the subject-verb-object order. Your task is to reconstruct the original sentence in English. You should only use the words in the same form as they appear in the given sentence.\nSentence: bob ava knows.\nLet's think step by step. Show the original sentence at the end with the prefix 'Original sentence: '.\n	 bob \nava\nknows\n\nOriginal sentence: Bob knows ava.	False	claude-v1.3	None	None	None	0	1
You are an expert in linguistics. Imagine a language that is the same as English only except that it uses the subject-object-verb order instead of the subject-verb-object order. Your task is to reconstruct the original sentence in English. You should only use the words in the same form as they appear in the given sentence.\nSentence: anna olivia calls.\nLet's think step by step. Show the original sentence at the end with the prefix 'Original sentence: '.\n	 anna olivia calls.\n\nolivia anna calls \ncalls olivia anna\n\nOriginal sentence: Anna calls Olivia.	False	claude-v1.3	None	None	None	0	1
You are an expert in linguistics. Imagine a language that is the same as English only except that it uses the subject-object-verb order instead of the subject-verb-object order. Your task is to reconstruct the original sentence in English. You should only use the words in the same form as they appear in the given sentence.\nSentence: tom ethan saw.\nLet's think step by step. Show the original sentence at the end with the prefix 'Original sentence: '.\n	 tom ethan saw.\n\ntom - subject \nethan - object\nsaw - verb\n\nOriginal sentence: Tom saw Ethan.	False	claude-v1.3	None	None	None	0	1
You are an expert in linguistics. Imagine a language that is the same as English only except that it uses the subject-object-verb order instead of the subject-verb-object order. Your task is to reconstruct the original sentence in English. You should only use the words in the same form as they appear in the given sentence.\nSentence: anna noah calls.\nLet's think step by step. Show the original sentence at the end with the prefix 'Original sentence: '.\n	 anna \nnoah\ncalls\n\nOriginal sentence: Anna calls Noah.	False	claude-v1.3	None	None	None	0	1
You are an expert in linguistics. Imagine a language that is the same as English only except that it uses the subject-object-verb order instead of the subject-verb-object order. Your task is to reconstruct the original sentence in English. You should only use the words in the same form as they appear in the given sentence.\nSentence: tim liam sees.\nLet's think step by step. Show the original sentence at the end with the prefix 'Original sentence: '.\n	 tim \nliam\nsees\n\nOriginal sentence: Tim sees Liam.	False	claude-v1.3	None	None	None	0	1
You are an expert in linguistics. Imagine a language that is the same as English only except that it uses the subject-object-verb order instead of the subject-verb-object order. Your task is to reconstruct the original sentence in English. You should only use the words in the same form as they appear in the given sentence.\nSentence: bob noah saw.\nLet's think step by step. Show the original sentence at the end with the prefix 'Original sentence: '.\n	 bob \nnoah\nsaw\n\nOriginal sentence: Noah saw Bob.	False	claude-v1.3	None	None	None	0	1
You are an expert in linguistics. Imagine a language that is the same as English only except that it uses the subject-object-verb order instead of the subject-verb-object order. Your task is to reconstruct the original sentence in English. You should only use the words in the same form as they appear in the given sentence.\nSentence: jim liam knows.\nLet's think step by step. Show the original sentence at the end with the prefix 'Original sentence: '.\n	 Okay, here is my step-by-step reconstruction of the original English sentence:\n\njim - Subject \nliam - Object\nknows - Verb\n\nSo the original word order is:\nSubject - Object - Verb\n\nTo reconstruct the English sentence with the standard subject-verb-object order, we rearrange the words as:\n\njim - Subject\nknows - Verb \nliam - Object\n\nOriginal sentence: Jim knows Liam.	False	claude-v1.3	None	None	None	0	1
You are an expert in linguistics. Imagine a language that is the same as English only except that it uses the subject-object-verb order instead of the subject-verb-object order. Your task is to reconstruct the original sentence in English. You should only use the words in the same form as they appear in the given sentence.\nSentence: alice ethan loves.\nLet's think step by step. Show the original sentence at the end with the prefix 'Original sentence: '.\n	 alice ethan loves.\n\nalice - subject \nethan - object\nloves - verb\n\nOriginal sentence: Alice loves Ethan.	False	claude-v1.3	None	None	None	0	1
You are an expert in linguistics. Imagine a language that is the same as English only except that it uses the subject-object-verb order instead of the subject-verb-object order. Your task is to reconstruct the original sentence in English. You should only use the words in the same form as they appear in the given sentence.\nSentence: jim ava knows.\nLet's think step by step. Show the original sentence at the end with the prefix 'Original sentence: '.\n	 Okay, here is my step-by-step reconstruction of the original English sentence from the subject-object-verb order:\n\njim - subject \nava - object\nknows - verb\n\nSo the original sentence with subject-verb-object order would be:\n\nOriginal sentence: Jim knows Ava.	False	claude-v1.3	None	None	None	0	1
You are an expert in linguistics. Imagine a language that is the same as English only except that it uses the subject-object-verb order instead of the subject-verb-object order. Your task is to reconstruct the original sentence in English. You should only use the words in the same form as they appear in the given sentence.\nSentence: mary olivia saw.\nLet's think step by step. Show the original sentence at the end with the prefix 'Original sentence: '.\n	 Okay, here is my step-by-step reconstruction of the original English sentence:\n\n1. The given sentence follows subject-object-verb order: mary olivia saw.\n2. The subject is 'mary', the object is 'olivia' and the verb is 'saw'.\n3. To reconstruct the English sentence with subject-verb-object order, we place the subject 'mary' first.\n4. Then we put the verb 'saw' after the subject. \n5. Finally, we place the object 'olivia' after the verb.\n\nOriginal sentence: Mary saw Olivia.	False	claude-v1.3	None	None	None	0	1
You are an expert in linguistics. Imagine a language that is the same as English only except that it uses the subject-object-verb order instead of the subject-verb-object order. Your task is to reconstruct the original sentence in English. You should only use the words in the same form as they appear in the given sentence.\nSentence: jim ethan loves.\nLet's think step by step. Show the original sentence at the end with the prefix 'Original sentence: '.\n	 jim ethan loves.\njim - subject \nethan - object\nloves - verb\n\nOriginal sentence: Jim loves Ethan.	False	claude-v1.3	None	None	None	0	1
You are an expert in linguistics. Imagine a language that is the same as English only except that it uses the subject-object-verb order instead of the subject-verb-object order. Your task is to reconstruct the original sentence in English. You should only use the words in the same form as they appear in the given sentence.\nSentence: tim ethan loves.\nLet's think step by step. Show the original sentence at the end with the prefix 'Original sentence: '.\n	 tim ethan loves.\n\nethan tim loves.\n\nloves ethan tim.\n\nOriginal sentence: Ethan loves tim.	False	claude-v1.3	None	None	None	0	1
You are an expert in linguistics. Imagine a language that is the same as English only except that it uses the subject-object-verb order instead of the subject-verb-object order. Your task is to reconstruct the original sentence in English. You should only use the words in the same form as they appear in the given sentence.\nSentence: bob olivia knows.\nLet's think step by step. Show the original sentence at the end with the prefix 'Original sentence: '.\n	 bob \nolivia\nknows\n\nOriginal sentence: Bob knows Olivia.	False	claude-v1.3	None	None	None	0	1
You are an expert in linguistics. Imagine a language that is the same as English only except that it uses the subject-object-verb order instead of the subject-verb-object order. Your task is to reconstruct the original sentence in English. You should only use the words in the same form as they appear in the given sentence.\nSentence: tom liam knows.\nLet's think step by step. Show the original sentence at the end with the prefix 'Original sentence: '.\n	 tom liam knows.\n\ntom - subject \nliam - object\nknows - verb\n\nOriginal sentence: Tom knows Liam.	False	claude-v1.3	None	None	None	0	1
You are an expert in linguistics. Imagine a language that is the same as English only except that it uses the subject-object-verb order instead of the subject-verb-object order. Your task is to reconstruct the original sentence in English. You should only use the words in the same form as they appear in the given sentence.\nSentence: jim emily loves.\nLet's think step by step. Show the original sentence at the end with the prefix 'Original sentence: '.\n	 jim emily loves.\n\njim = subject \nemily = object\nloves = verb\n\nOriginal sentence: Jim loves Emily.	False	claude-v1.3	None	None	None	0	1
You are an expert in linguistics. Imagine a language that is the same as English only except that it uses the subject-object-verb order instead of the subject-verb-object order. Your task is to reconstruct the original sentence in English. You should only use the words in the same form as they appear in the given sentence.\nSentence: sue ethan knows.\nLet's think step by step. Show the original sentence at the end with the prefix 'Original sentence: '.\n	 sue \nethan\nknows\n\nOriginal sentence: Ethan knows Sue.	False	claude-v1.3	None	None	None	0	1
You are an expert in linguistics. Imagine a language that is the same as English only except that it uses the subject-object-verb order instead of the subject-verb-object order. Your task is to reconstruct the original sentence in English. You should only use the words in the same form as they appear in the given sentence.\nSentence: mary ava loves.\nLet's think step by step. Show the original sentence at the end with the prefix 'Original sentence: '.\n	 mary \nava\nloves\n\nOriginal sentence: Mary loves ava.	False	claude-v1.3	None	None	None	0	1
You are an expert in linguistics. Imagine a language that is the same as English only except that it uses the subject-object-verb order instead of the subject-verb-object order. Your task is to reconstruct the original sentence in English. You should only use the words in the same form as they appear in the given sentence.\nSentence: tim emma loves.\nLet's think step by step. Show the original sentence at the end with the prefix 'Original sentence: '.\n	 tim emma loves.\n\nemma subject \ntim object\nloves verb\n\nOriginal sentence: Emma loves Tim.	False	claude-v1.3	None	None	None	0	1
You are an expert in linguistics. Imagine a language that is the same as English only except that it uses the subject-object-verb order instead of the subject-verb-object order. Your task is to reconstruct the original sentence in English. You should only use the words in the same form as they appear in the given sentence.\nSentence: mary liam knows.\nLet's think step by step. Show the original sentence at the end with the prefix 'Original sentence: '.\n	 Okay, here is my step-by-step reconstruction of the original English sentence from the subject-object-verb order:\n\nmary - subject \nliam - object\nknows - verb\n\nSo the original sentence with subject-verb-object order would be:\n\nOriginal sentence: Mary knows Liam.	False	claude-v1.3	None	None	None	0	1
You are an expert in linguistics. Imagine a language that is the same as English only except that it uses the subject-object-verb order instead of the subject-verb-object order. Your task is to reconstruct the original sentence in English. You should only use the words in the same form as they appear in the given sentence.\nSentence: tom olivia sees.\nLet's think step by step. Show the original sentence at the end with the prefix 'Original sentence: '.\n	 tom olivia sees.\n\nolivia tom sees.\n\nsees olivia tom.\n\nOriginal sentence: Tom sees Olivia.	False	claude-v1.3	None	None	None	0	1
You are an expert in linguistics. Imagine a language that is the same as English only except that it uses the subject-object-verb order instead of the subject-verb-object order. Your task is to reconstruct the original sentence in English. You should only use the words in the same form as they appear in the given sentence.\nSentence: jim emily sees.\nLet's think step by step. Show the original sentence at the end with the prefix 'Original sentence: '.\n	 jim emily sees.\njim - subject \nemily - object\nsees - verb\n\nOriginal sentence: Jim sees Emily.	False	claude-v1.3	None	None	None	0	1
You are an expert in linguistics. Imagine a language that is the same as English only except that it uses the subject-object-verb order instead of the subject-verb-object order. Your task is to reconstruct the original sentence in English. You should only use the words in the same form as they appear in the given sentence.\nSentence: tom ethan saw.\nLet's think step by step. Show the original sentence at the end with the prefix 'Original sentence: '.\n	 tom ethan saw.\n\ntom - subject \nethan - object\nsaw - verb\n\nOriginal sentence: Tom saw Ethan.	False	claude-v1.3	None	None	None	0	1
You are an expert in linguistics. Imagine a language that is the same as English only except that it uses the subject-object-verb order instead of the subject-verb-object order. Your task is to reconstruct the original sentence in English. You should only use the words in the same form as they appear in the given sentence.\nSentence: bob emma calls.\nLet's think step by step. Show the original sentence at the end with the prefix 'Original sentence: '.\n	 bob emma calls.\n\nemma bob calls.\n\ncalls emma bob.\n\nOriginal sentence: Emma calls Bob.	False	claude-v1.3	None	None	None	0	1
You are an expert in linguistics. Imagine a language that is the same as English only except that it uses the subject-object-verb order instead of the subject-verb-object order. Your task is to reconstruct the original sentence in English. You should only use the words in the same form as they appear in the given sentence.\nSentence: tom emma saw.\nLet's think step by step. Show the original sentence at the end with the prefix 'Original sentence: '.\n	 tom emma saw.\n\ntom - subject \nemma - object\nsaw - verb\n\nOriginal sentence: Tom saw Emma.	False	claude-v1.3	None	None	None	0	1
You are an expert in linguistics. Imagine a language that is the same as English only except that it uses the subject-object-verb order instead of the subject-verb-object order. Your task is to reconstruct the original sentence in English. You should only use the words in the same form as they appear in the given sentence.\nSentence: jim mia loves.\nLet's think step by step. Show the original sentence at the end with the prefix 'Original sentence: '.\n	 Okay, here is my step-by-step reconstruction of the original English sentence from the subject-object-verb order:\n\njim - subject \nmia - object\nloves - verb\n\nSo the original sentence with subject-verb-object order would be:\nOriginal sentence: Jim loves Mia.	False	claude-v1.3	None	None	None	0	1
You are an expert in linguistics. Imagine a language that is the same as English only except that it uses the subject-object-verb order instead of the subject-verb-object order. Your task is to reconstruct the original sentence in English. You should only use the words in the same form as they appear in the given sentence.\nSentence: alice lucas saw.\nLet's think step by step. Show the original sentence at the end with the prefix 'Original sentence: '.\n	 alice lucas saw.\n\nalice - subject \nlucas - object\nsaw - verb\n\nOriginal sentence: Alice saw Lucas.	False	claude-v1.3	None	None	None	0	1
You are an expert in linguistics. Imagine a language that is the same as English only except that it uses the subject-object-verb order instead of the subject-verb-object order. Your task is to reconstruct the original sentence in English. You should only use the words in the same form as they appear in the given sentence.\nSentence: alice ava loves.\nLet's think step by step. Show the original sentence at the end with the prefix 'Original sentence: '.\n	 alice \nava\nloves\n\nOriginal sentence: Alice loves ava.	False	claude-v1.3	None	None	None	0	1
You are an expert in linguistics. Imagine a language that is the same as English only except that it uses the subject-object-verb order instead of the subject-verb-object order. Your task is to reconstruct the original sentence in English. You should only use the words in the same form as they appear in the given sentence.\nSentence: sophie ava saw.\nLet's think step by step. Show the original sentence at the end with the prefix 'Original sentence: '.\n	 sophie ava saw.\n\nsophie  ava  saw\nsubject object verb\n\nOriginal sentence: Sophie saw Ava.	False	claude-v1.3	None	None	None	0	1
You are an expert in linguistics. Imagine a language that is the same as English only except that it uses the subject-object-verb order instead of the subject-verb-object order. Your task is to reconstruct the original sentence in English. You should only use the words in the same form as they appear in the given sentence.\nSentence: bob emily loves.\nLet's think step by step. Show the original sentence at the end with the prefix 'Original sentence: '.\n	 bob emily loves.\n\nemily bob loves.\n\nloves emily bob.\n\nOriginal sentence: Bob loves Emily.	False	claude-v1.3	None	None	None	0	1
You are an expert in linguistics. Imagine a language that is the same as English only except that it uses the subject-object-verb order instead of the subject-verb-object order. Your task is to reconstruct the original sentence in English. You should only use the words in the same form as they appear in the given sentence.\nSentence: anna emily sees.\nLet's think step by step. Show the original sentence at the end with the prefix 'Original sentence: '.\n	 anna emily sees.\nemily anna sees \nsees emily anna\nOriginal sentence: Anna sees Emily.	False	claude-v1.3	None	None	None	0	1
You are an expert in linguistics. Imagine a language that is the same as English only except that it uses the subject-object-verb order instead of the subject-verb-object order. Your task is to reconstruct the original sentence in English. You should only use the words in the same form as they appear in the given sentence.\nSentence: sophie ava knows.\nLet's think step by step. Show the original sentence at the end with the prefix 'Original sentence: '.\n	 sophie ava knows.\n\nsophie  ava knows\nsubject object verb\n\nOriginal sentence: Sophie knows Ava.	False	claude-v1.3	None	None	None	0	1
You are an expert in linguistics. Imagine a language that is the same as English only except that it uses the subject-object-verb order instead of the subject-verb-object order. Your task is to reconstruct the original sentence in English. You should only use the words in the same form as they appear in the given sentence.\nSentence: alice emily calls.\nLet's think step by step. Show the original sentence at the end with the prefix 'Original sentence: '.\n	 alice emily calls.\nalice = subject \nemily = object\ncalls = verb\n\nOriginal sentence: Alice calls Emily.	False	claude-v1.3	None	None	None	0	1
You are an expert in linguistics. Imagine a language that is the same as English only except that it uses the subject-object-verb order instead of the subject-verb-object order. Your task is to reconstruct the original sentence in English. You should only use the words in the same form as they appear in the given sentence.\nSentence: anna emma calls.\nLet's think step by step. Show the original sentence at the end with the prefix 'Original sentence: '.\n	 anna emma calls.\nemma anna calls \ncalls emma anna\nOriginal sentence: Emma calls Anna.	False	claude-v1.3	None	None	None	0	1
You are an expert in linguistics. Imagine a language that is the same as English only except that it uses the subject-object-verb order instead of the subject-verb-object order. Your task is to reconstruct the original sentence in English. You should only use the words in the same form as they appear in the given sentence.\nSentence: anna emma knows.\nLet's think step by step. Show the original sentence at the end with the prefix 'Original sentence: '.\n	 anna emma knows.\n\nemma anna knows.\n\nknows emma anna.\n\nOriginal sentence: Emma knows Anna.	False	claude-v1.3	None	None	None	0	1
You are an expert in linguistics. Imagine a language that is the same as English only except that it uses the subject-object-verb order instead of the subject-verb-object order. Your task is to reconstruct the original sentence in English. You should only use the words in the same form as they appear in the given sentence.\nSentence: sue emily saw.\nLet's think step by step. Show the original sentence at the end with the prefix 'Original sentence: '.\n	 sue emily saw\n\nemily sue saw\n\nsaw emily sue\n\nOriginal sentence: Emily saw Sue.	False	claude-v1.3	None	None	None	0	1
You are an expert in linguistics. Imagine a language that is the same as English only except that it uses the subject-object-verb order instead of the subject-verb-object order. Your task is to reconstruct the original sentence in English. You should only use the words in the same form as they appear in the given sentence.\nSentence: sophie liam calls.\nLet's think step by step. Show the original sentence at the end with the prefix 'Original sentence: '.\n	 sophie liam calls.\n\nsophie - subject \nliam - object\ncalls - verb\n\nOriginal sentence: Sophie calls Liam.	False	claude-v1.3	None	None	None	0	1
You are an expert in linguistics. Imagine a language that is the same as English only except that it uses the subject-object-verb order instead of the subject-verb-object order. Your task is to reconstruct the original sentence in English. You should only use the words in the same form as they appear in the given sentence.\nSentence: sue mia saw.\nLet's think step by step. Show the original sentence at the end with the prefix 'Original sentence: '.\n	 sue \nmia\nsaw\n\nOriginal sentence: Sue saw Mia.	False	claude-v1.3	None	None	None	0	1
You are an expert in linguistics. Imagine a language that is the same as English only except that it uses the subject-object-verb order instead of the subject-verb-object order. Your task is to reconstruct the original sentence in English. You should only use the words in the same form as they appear in the given sentence.\nSentence: sue mia knows.\nLet's think step by step. Show the original sentence at the end with the prefix 'Original sentence: '.\n	 sue \nmia\nknows\n\nOriginal sentence: Sue knows Mia.	False	claude-v1.3	None	None	None	0	1
You are an expert in linguistics. Imagine a language that is the same as English only except that it uses the subject-object-verb order instead of the subject-verb-object order. Your task is to reconstruct the original sentence in English. You should only use the words in the same form as they appear in the given sentence.\nSentence: john emma calls.\nLet's think step by step. Show the original sentence at the end with the prefix 'Original sentence: '.\n	 john emma calls.\n\njohn = subject \nemma = object\ncalls = verb\n\nSo the original sentence with subject-verb-object order would be:\n\nOriginal sentence: John calls Emma.	False	claude-v1.3	None	None	None	0	1
You are an expert in linguistics. Imagine a language that is the same as English only except that it uses the subject-object-verb order instead of the subject-verb-object order. Your task is to reconstruct the original sentence in English. You should only use the words in the same form as they appear in the given sentence.\nSentence: alice emma sees.\nLet's think step by step. Show the original sentence at the end with the prefix 'Original sentence: '.\n	 alice emma sees.\n\nemma alice sees.\n\nsees emma alice.\n\nOriginal sentence: Alice sees Emma.	False	claude-v1.3	None	None	None	0	1
You are an expert in linguistics. Imagine a language that is the same as English only except that it uses the subject-object-verb order instead of the subject-verb-object order. Your task is to reconstruct the original sentence in English. You should only use the words in the same form as they appear in the given sentence.\nSentence: tom emma calls.\nLet's think step by step. Show the original sentence at the end with the prefix 'Original sentence: '.\n	 tom emma calls.\n\ntom = subject\nemma = object\ncalls = verb\n\nSo the original sentence with subject-verb-object order would be:\n\nOriginal sentence: Tom calls Emma.	False	claude-v1.3	None	None	None	0	1
You are an expert in linguistics. Imagine a language that is the same as English only except that it uses the subject-object-verb order instead of the subject-verb-object order. Your task is to reconstruct the original sentence in English. You should only use the words in the same form as they appear in the given sentence.\nSentence: anna emily loves.\nLet's think step by step. Show the original sentence at the end with the prefix 'Original sentence: '.\n	 anna emily loves.\nemily anna loves. \nloves emily anna.\n\nOriginal sentence: Emily loves Anna.	False	claude-v1.3	None	None	None	0	1
You are an expert in linguistics. Imagine a language that is the same as English only except that it uses the subject-object-verb order instead of the subject-verb-object order. Your task is to reconstruct the original sentence in English. You should only use the words in the same form as they appear in the given sentence.\nSentence: tom jacob saw.\nLet's think step by step. Show the original sentence at the end with the prefix 'Original sentence: '.\n	 tom jacob saw.\n\ntom - subject \njacob - object\nsaw - verb\n\nOriginal sentence: Tom saw Jacob.	False	claude-v1.3	None	None	None	0	1
You are an expert in linguistics. Imagine a language that is the same as English only except that it uses the subject-object-verb order instead of the subject-verb-object order. Your task is to reconstruct the original sentence in English. You should only use the words in the same form as they appear in the given sentence.\nSentence: tim jacob knows.\nLet's think step by step. Show the original sentence at the end with the prefix 'Original sentence: '.\n	 tim jacob knows.\n\nknows tim jacob\n\njacob tim knows\n\nOriginal sentence: Jacob knows tim.	False	claude-v1.3	None	None	None	0	1
You are an expert in linguistics. Imagine a language that is the same as English only except that it uses the subject-object-verb order instead of the subject-verb-object order. Your task is to reconstruct the original sentence in English. You should only use the words in the same form as they appear in the given sentence.\nSentence: alice ethan knows.\nLet's think step by step. Show the original sentence at the end with the prefix 'Original sentence: '.\n	 alice ethan knows.\n\nalice - subject \nethan - object\nknows - verb\n\nOriginal sentence: Alice knows Ethan.	False	claude-v1.3	None	None	None	0	1
You are an expert in linguistics. Imagine a language that is the same as English only except that it uses the subject-object-verb order instead of the subject-verb-object order. Your task is to reconstruct the original sentence in English. You should only use the words in the same form as they appear in the given sentence.\nSentence: mary jacob knows.\nLet's think step by step. Show the original sentence at the end with the prefix 'Original sentence: '.\n	 Okay, here is my step-by-step reconstruction of the original English sentence:\n\n1. The given sentence is: mary jacob knows.\n2. In this language, the subject-object-verb order is used instead of subject-verb-object.\n3. So, 'mary' is the subject, 'jacob' is the object, and 'knows' is the verb.\n4. To reconstruct the English sentence, we need to put the subject first, followed by the verb, and then the object.\n\nOriginal sentence: Mary knows Jacob.	False	claude-v1.3	None	None	None	0	1
