You are an expert in linguistics. Imagine a language that is the same as English only except that it uses the object-verb-subject order instead of the subject-verb-object order. Your task is to reconstruct the original sentence in English. You should only use the words in the same form as they appear in the given sentence.\nSentence: noah loves mary.\nShow the original sentence the prefix 'Original sentence: '.\n	Original sentence: Mary loves Noah.	False	gpt-3.5-turbo-0301	None	None	None	0	1
You are an expert in linguistics. Imagine a language that is the same as English only except that it uses the object-verb-subject order instead of the subject-verb-object order. Your task is to reconstruct the original sentence in English. You should only use the words in the same form as they appear in the given sentence.\nSentence: jacob loves jim.\nShow the original sentence the prefix 'Original sentence: '.\n	Original sentence: Jacob loves Jim.\nReconstructed sentence: Loves Jim Jacob.	False	gpt-3.5-turbo-0301	None	None	None	0	1
You are an expert in linguistics. Imagine a language that is the same as English only except that it uses the object-verb-subject order instead of the subject-verb-object order. Your task is to reconstruct the original sentence in English. You should only use the words in the same form as they appear in the given sentence.\nSentence: noah sees anna.\nShow the original sentence the prefix 'Original sentence: '.\n	Original sentence: Anna sees Noah.	False	gpt-3.5-turbo-0301	None	None	None	0	1
You are an expert in linguistics. Imagine a language that is the same as English only except that it uses the object-verb-subject order instead of the subject-verb-object order. Your task is to reconstruct the original sentence in English. You should only use the words in the same form as they appear in the given sentence.\nSentence: noah knows jim.\nShow the original sentence the prefix 'Original sentence: '.\n	Original sentence: Noah knows Jim.\nReconstructed sentence: Jim knows Noah.	False	gpt-3.5-turbo-0301	None	None	None	0	1
You are an expert in linguistics. Imagine a language that is the same as English only except that it uses the object-verb-subject order instead of the subject-verb-object order. Your task is to reconstruct the original sentence in English. You should only use the words in the same form as they appear in the given sentence.\nSentence: liam calls anna.\nShow the original sentence the prefix 'Original sentence: '.\n	Original sentence: Anna calls Liam.	False	gpt-3.5-turbo-0301	None	None	None	0	1
You are an expert in linguistics. Imagine a language that is the same as English only except that it uses the object-verb-subject order instead of the subject-verb-object order. Your task is to reconstruct the original sentence in English. You should only use the words in the same form as they appear in the given sentence.\nSentence: olivia saw sophie.\nShow the original sentence the prefix 'Original sentence: '.\n	Original sentence: Sophie saw Olivia.	False	gpt-3.5-turbo-0301	None	None	None	0	1
You are an expert in linguistics. Imagine a language that is the same as English only except that it uses the object-verb-subject order instead of the subject-verb-object order. Your task is to reconstruct the original sentence in English. You should only use the words in the same form as they appear in the given sentence.\nSentence: olivia knows sophie.\nShow the original sentence the prefix 'Original sentence: '.\n	Original sentence: Sophie knows Olivia.	False	gpt-3.5-turbo-0301	None	None	None	0	1
You are an expert in linguistics. Imagine a language that is the same as English only except that it uses the object-verb-subject order instead of the subject-verb-object order. Your task is to reconstruct the original sentence in English. You should only use the words in the same form as they appear in the given sentence.\nSentence: mia saw john.\nShow the original sentence the prefix 'Original sentence: '.\n	Original sentence: John saw Mia.	False	gpt-3.5-turbo-0301	None	None	None	0	1
You are an expert in linguistics. Imagine a language that is the same as English only except that it uses the object-verb-subject order instead of the subject-verb-object order. Your task is to reconstruct the original sentence in English. You should only use the words in the same form as they appear in the given sentence.\nSentence: mia saw sophie.\nShow the original sentence the prefix 'Original sentence: '.\n	Original sentence: Sophie saw Mia.	False	gpt-3.5-turbo-0301	None	None	None	0	1
You are an expert in linguistics. Imagine a language that is the same as English only except that it uses the object-verb-subject order instead of the subject-verb-object order. Your task is to reconstruct the original sentence in English. You should only use the words in the same form as they appear in the given sentence.\nSentence: emma saw john.\nShow the original sentence the prefix 'Original sentence: '.\n	Original sentence: Emma saw John.\nReconstructed sentence: John saw Emma.	False	gpt-3.5-turbo-0301	None	None	None	0	1
You are an expert in linguistics. Imagine a language that is the same as English only except that it uses the object-verb-subject order instead of the subject-verb-object order. Your task is to reconstruct the original sentence in English. You should only use the words in the same form as they appear in the given sentence.\nSentence: emily sees tim.\nShow the original sentence the prefix 'Original sentence: '.\n	Original sentence: Emily sees Tim.\nReconstructed sentence: Tim sees Emily.	False	gpt-3.5-turbo-0301	None	None	None	0	1
You are an expert in linguistics. Imagine a language that is the same as English only except that it uses the object-verb-subject order instead of the subject-verb-object order. Your task is to reconstruct the original sentence in English. You should only use the words in the same form as they appear in the given sentence.\nSentence: emma loves alice.\nShow the original sentence the prefix 'Original sentence: '.\n	Original sentence: Alice loves Emma.	False	gpt-3.5-turbo-0301	None	None	None	0	1
You are an expert in linguistics. Imagine a language that is the same as English only except that it uses the object-verb-subject order instead of the subject-verb-object order. Your task is to reconstruct the original sentence in English. You should only use the words in the same form as they appear in the given sentence.\nSentence: ethan knows anna.\nShow the original sentence the prefix 'Original sentence: '.\n	Original sentence: Anna knows Ethan.	False	gpt-3.5-turbo-0301	None	None	None	0	1
You are an expert in linguistics. Imagine a language that is the same as English only except that it uses the object-verb-subject order instead of the subject-verb-object order. Your task is to reconstruct the original sentence in English. You should only use the words in the same form as they appear in the given sentence.\nSentence: liam sees john.\nShow the original sentence the prefix 'Original sentence: '.\n	Original sentence: Liam sees John.\nReconstructed sentence: John sees Liam.	False	gpt-3.5-turbo-0301	None	None	None	0	1
You are an expert in linguistics. Imagine a language that is the same as English only except that it uses the object-verb-subject order instead of the subject-verb-object order. Your task is to reconstruct the original sentence in English. You should only use the words in the same form as they appear in the given sentence.\nSentence: jacob knows sophie.\nShow the original sentence the prefix 'Original sentence: '.\n	Original sentence: Sophie knows Jacob.	False	gpt-3.5-turbo-0301	None	None	None	0	1
You are an expert in linguistics. Imagine a language that is the same as English only except that it uses the object-verb-subject order instead of the subject-verb-object order. Your task is to reconstruct the original sentence in English. You should only use the words in the same form as they appear in the given sentence.\nSentence: ava calls sophie.\nShow the original sentence the prefix 'Original sentence: '.\n	Original sentence: Sophie calls Ava.	False	gpt-3.5-turbo-0301	None	None	None	0	1
You are an expert in linguistics. Imagine a language that is the same as English only except that it uses the object-verb-subject order instead of the subject-verb-object order. Your task is to reconstruct the original sentence in English. You should only use the words in the same form as they appear in the given sentence.\nSentence: emma calls sue.\nShow the original sentence the prefix 'Original sentence: '.\n	Original sentence: Sue calls Emma.	False	gpt-3.5-turbo-0301	None	None	None	0	1
You are an expert in linguistics. Imagine a language that is the same as English only except that it uses the object-verb-subject order instead of the subject-verb-object order. Your task is to reconstruct the original sentence in English. You should only use the words in the same form as they appear in the given sentence.\nSentence: jacob calls sophie.\nShow the original sentence the prefix 'Original sentence: '.\n	Original sentence: Sophie calls Jacob.	False	gpt-3.5-turbo-0301	None	None	None	0	1
You are an expert in linguistics. Imagine a language that is the same as English only except that it uses the object-verb-subject order instead of the subject-verb-object order. Your task is to reconstruct the original sentence in English. You should only use the words in the same form as they appear in the given sentence.\nSentence: lucas sees mary.\nShow the original sentence the prefix 'Original sentence: '.\n	Original sentence: Mary sees Lucas.	False	gpt-3.5-turbo-0301	None	None	None	0	1
You are an expert in linguistics. Imagine a language that is the same as English only except that it uses the object-verb-subject order instead of the subject-verb-object order. Your task is to reconstruct the original sentence in English. You should only use the words in the same form as they appear in the given sentence.\nSentence: emily calls alice.\nShow the original sentence the prefix 'Original sentence: '.\n	Original sentence: Emily calls Alice.\nReconstructed sentence: Alice calls Emily.	False	gpt-3.5-turbo-0301	None	None	None	0	1
You are an expert in linguistics. Imagine a language that is the same as English only except that it uses the object-verb-subject order instead of the subject-verb-object order. Your task is to reconstruct the original sentence in English. You should only use the words in the same form as they appear in the given sentence.\nSentence: emma calls sophie.\nShow the original sentence the prefix 'Original sentence: '.\n	Original sentence: Sophie calls Emma.	False	gpt-3.5-turbo-0301	None	None	None	0	1
You are an expert in linguistics. Imagine a language that is the same as English only except that it uses the object-verb-subject order instead of the subject-verb-object order. Your task is to reconstruct the original sentence in English. You should only use the words in the same form as they appear in the given sentence.\nSentence: mia sees tom.\nShow the original sentence the prefix 'Original sentence: '.\n	Original sentence: Tom sees Mia.	False	gpt-3.5-turbo-0301	None	None	None	0	1
You are an expert in linguistics. Imagine a language that is the same as English only except that it uses the object-verb-subject order instead of the subject-verb-object order. Your task is to reconstruct the original sentence in English. You should only use the words in the same form as they appear in the given sentence.\nSentence: ava calls jim.\nShow the original sentence the prefix 'Original sentence: '.\n	Original sentence: Jim calls Ava.	False	gpt-3.5-turbo-0301	None	None	None	0	1
You are an expert in linguistics. Imagine a language that is the same as English only except that it uses the object-verb-subject order instead of the subject-verb-object order. Your task is to reconstruct the original sentence in English. You should only use the words in the same form as they appear in the given sentence.\nSentence: jacob loves alice.\nShow the original sentence the prefix 'Original sentence: '.\n	Original sentence: Alice loves Jacob.	False	gpt-3.5-turbo-0301	None	None	None	0	1
You are an expert in linguistics. Imagine a language that is the same as English only except that it uses the object-verb-subject order instead of the subject-verb-object order. Your task is to reconstruct the original sentence in English. You should only use the words in the same form as they appear in the given sentence.\nSentence: noah sees sophie.\nShow the original sentence the prefix 'Original sentence: '.\n	Original sentence: Sophie sees Noah.	False	gpt-3.5-turbo-0301	None	None	None	0	1
You are an expert in linguistics. Imagine a language that is the same as English only except that it uses the object-verb-subject order instead of the subject-verb-object order. Your task is to reconstruct the original sentence in English. You should only use the words in the same form as they appear in the given sentence.\nSentence: emma calls tom.\nShow the original sentence the prefix 'Original sentence: '.\n	Original sentence: Emma calls Tom.\nReconstructed sentence: Tom calls Emma.	False	gpt-3.5-turbo-0301	None	None	None	0	1
You are an expert in linguistics. Imagine a language that is the same as English only except that it uses the object-verb-subject order instead of the subject-verb-object order. Your task is to reconstruct the original sentence in English. You should only use the words in the same form as they appear in the given sentence.\nSentence: lucas calls alice.\nShow the original sentence the prefix 'Original sentence: '.\n	Original sentence: Lucas calls Alice.\nReconstructed sentence: Alice calls Lucas.	False	gpt-3.5-turbo-0301	None	None	None	0	1
You are an expert in linguistics. Imagine a language that is the same as English only except that it uses the object-verb-subject order instead of the subject-verb-object order. Your task is to reconstruct the original sentence in English. You should only use the words in the same form as they appear in the given sentence.\nSentence: ava saw sophie.\nShow the original sentence the prefix 'Original sentence: '.\n	Original sentence: Sophie saw Ava.	False	gpt-3.5-turbo-0301	None	None	None	0	1
You are an expert in linguistics. Imagine a language that is the same as English only except that it uses the object-verb-subject order instead of the subject-verb-object order. Your task is to reconstruct the original sentence in English. You should only use the words in the same form as they appear in the given sentence.\nSentence: mia knows alice.\nShow the original sentence the prefix 'Original sentence: '.\n	Original sentence: Alice knows Mia.	False	gpt-3.5-turbo-0301	None	None	None	0	1
You are an expert in linguistics. Imagine a language that is the same as English only except that it uses the object-verb-subject order instead of the subject-verb-object order. Your task is to reconstruct the original sentence in English. You should only use the words in the same form as they appear in the given sentence.\nSentence: emily saw alice.\nShow the original sentence the prefix 'Original sentence: '.\n	Original sentence: Alice saw Emily.	False	gpt-3.5-turbo-0301	None	None	None	0	1
You are an expert in linguistics. Imagine a language that is the same as English only except that it uses the object-verb-subject order instead of the subject-verb-object order. Your task is to reconstruct the original sentence in English. You should only use the words in the same form as they appear in the given sentence.\nSentence: liam saw alice.\nShow the original sentence the prefix 'Original sentence: '.\n	Original sentence: Alice saw Liam.	False	gpt-3.5-turbo-0301	None	None	None	0	1
You are an expert in linguistics. Imagine a language that is the same as English only except that it uses the object-verb-subject order instead of the subject-verb-object order. Your task is to reconstruct the original sentence in English. You should only use the words in the same form as they appear in the given sentence.\nSentence: lucas loves jim.\nShow the original sentence the prefix 'Original sentence: '.\n	Original sentence: Lucas loves Jim.\nReconstructed sentence: Jim loves Lucas.	False	gpt-3.5-turbo-0301	None	None	None	0	1
You are an expert in linguistics. Imagine a language that is the same as English only except that it uses the object-verb-subject order instead of the subject-verb-object order. Your task is to reconstruct the original sentence in English. You should only use the words in the same form as they appear in the given sentence.\nSentence: noah sees jim.\nShow the original sentence the prefix 'Original sentence: '.\n	Original sentence: Noah sees Jim.\nReconstructed sentence: Jim sees Noah.	False	gpt-3.5-turbo-0301	None	None	None	0	1
You are an expert in linguistics. Imagine a language that is the same as English only except that it uses the object-verb-subject order instead of the subject-verb-object order. Your task is to reconstruct the original sentence in English. You should only use the words in the same form as they appear in the given sentence.\nSentence: liam knows alice.\nShow the original sentence the prefix 'Original sentence: '.\n	Original sentence: Alice knows Liam.	False	gpt-3.5-turbo-0301	None	None	None	0	1
You are an expert in linguistics. Imagine a language that is the same as English only except that it uses the object-verb-subject order instead of the subject-verb-object order. Your task is to reconstruct the original sentence in English. You should only use the words in the same form as they appear in the given sentence.\nSentence: jacob sees john.\nShow the original sentence the prefix 'Original sentence: '.\n	Original sentence: Jacob sees John.\nReconstructed sentence: John sees Jacob.	False	gpt-3.5-turbo-0301	None	None	None	0	1
You are an expert in linguistics. Imagine a language that is the same as English only except that it uses the object-verb-subject order instead of the subject-verb-object order. Your task is to reconstruct the original sentence in English. You should only use the words in the same form as they appear in the given sentence.\nSentence: olivia loves anna.\nShow the original sentence the prefix 'Original sentence: '.\n	Original sentence: Anna loves Olivia.	False	gpt-3.5-turbo-0301	None	None	None	0	1
You are an expert in linguistics. Imagine a language that is the same as English only except that it uses the object-verb-subject order instead of the subject-verb-object order. Your task is to reconstruct the original sentence in English. You should only use the words in the same form as they appear in the given sentence.\nSentence: olivia calls john.\nShow the original sentence the prefix 'Original sentence: '.\n	Original sentence: Olivia calls John.\nReconstructed sentence: John calls Olivia.	False	gpt-3.5-turbo-0301	None	None	None	0	1
You are an expert in linguistics. Imagine a language that is the same as English only except that it uses the object-verb-subject order instead of the subject-verb-object order. Your task is to reconstruct the original sentence in English. You should only use the words in the same form as they appear in the given sentence.\nSentence: olivia sees jim.\nShow the original sentence the prefix 'Original sentence: '.\n	Original sentence: Olivia sees Jim.\nReconstructed sentence: Jim sees Olivia.	False	gpt-3.5-turbo-0301	None	None	None	0	1
You are an expert in linguistics. Imagine a language that is the same as English only except that it uses the object-verb-subject order instead of the subject-verb-object order. Your task is to reconstruct the original sentence in English. You should only use the words in the same form as they appear in the given sentence.\nSentence: olivia loves tim.\nShow the original sentence the prefix 'Original sentence: '.\n	Original sentence: Olivia loves Tim.\nIn object-verb-subject order: Tim loves Olivia.\nReconstructed original sentence: Original sentence: Tim loves Olivia.	False	gpt-3.5-turbo-0301	None	None	None	0	1
You are an expert in linguistics. Imagine a language that is the same as English only except that it uses the object-verb-subject order instead of the subject-verb-object order. Your task is to reconstruct the original sentence in English. You should only use the words in the same form as they appear in the given sentence.\nSentence: olivia calls jim.\nShow the original sentence the prefix 'Original sentence: '.\n	Original sentence: Olivia calls Jim.\nReconstructed sentence: Jim calls Olivia.	False	gpt-3.5-turbo-0301	None	None	None	0	1
You are an expert in linguistics. Imagine a language that is the same as English only except that it uses the object-verb-subject order instead of the subject-verb-object order. Your task is to reconstruct the original sentence in English. You should only use the words in the same form as they appear in the given sentence.\nSentence: olivia sees anna.\nShow the original sentence the prefix 'Original sentence: '.\n	Original sentence: Anna sees Olivia.	False	gpt-3.5-turbo-0301	None	None	None	0	1
You are an expert in linguistics. Imagine a language that is the same as English only except that it uses the object-verb-subject order instead of the subject-verb-object order. Your task is to reconstruct the original sentence in English. You should only use the words in the same form as they appear in the given sentence.\nSentence: emily calls jim.\nShow the original sentence the prefix 'Original sentence: '.\n	Original sentence: Emily calls Jim.\nReconstructed sentence: Jim calls Emily.	False	gpt-3.5-turbo-0301	None	None	None	0	1
You are an expert in linguistics. Imagine a language that is the same as English only except that it uses the object-verb-subject order instead of the subject-verb-object order. Your task is to reconstruct the original sentence in English. You should only use the words in the same form as they appear in the given sentence.\nSentence: emma loves anna.\nShow the original sentence the prefix 'Original sentence: '.\n	Original sentence: Anna loves Emma.	False	gpt-3.5-turbo-0301	None	None	None	0	1
You are an expert in linguistics. Imagine a language that is the same as English only except that it uses the object-verb-subject order instead of the subject-verb-object order. Your task is to reconstruct the original sentence in English. You should only use the words in the same form as they appear in the given sentence.\nSentence: jacob loves john.\nShow the original sentence the prefix 'Original sentence: '.\n	Original sentence: Jacob loves John.\nReconstructed sentence: John loves Jacob.	False	gpt-3.5-turbo-0301	None	None	None	0	1
You are an expert in linguistics. Imagine a language that is the same as English only except that it uses the object-verb-subject order instead of the subject-verb-object order. Your task is to reconstruct the original sentence in English. You should only use the words in the same form as they appear in the given sentence.\nSentence: jacob loves bob.\nShow the original sentence the prefix 'Original sentence: '.\n	Original sentence: Jacob loves Bob.\nReconstructed sentence: Loves Bob Jacob.	False	gpt-3.5-turbo-0301	None	None	None	0	1
You are an expert in linguistics. Imagine a language that is the same as English only except that it uses the object-verb-subject order instead of the subject-verb-object order. Your task is to reconstruct the original sentence in English. You should only use the words in the same form as they appear in the given sentence.\nSentence: mia calls john.\nShow the original sentence the prefix 'Original sentence: '.\n	Original sentence: John calls Mia.	False	gpt-3.5-turbo-0301	None	None	None	0	1
You are an expert in linguistics. Imagine a language that is the same as English only except that it uses the object-verb-subject order instead of the subject-verb-object order. Your task is to reconstruct the original sentence in English. You should only use the words in the same form as they appear in the given sentence.\nSentence: jacob knows sophie.\nShow the original sentence the prefix 'Original sentence: '.\n	Original sentence: Sophie knows Jacob.	False	gpt-3.5-turbo-0301	None	None	None	0	1
You are an expert in linguistics. Imagine a language that is the same as English only except that it uses the object-verb-subject order instead of the subject-verb-object order. Your task is to reconstruct the original sentence in English. You should only use the words in the same form as they appear in the given sentence.\nSentence: mia calls mary.\nShow the original sentence the prefix 'Original sentence: '.\n	Original sentence: Mary calls Mia.	False	gpt-3.5-turbo-0301	None	None	None	0	1
You are an expert in linguistics. Imagine a language that is the same as English only except that it uses the object-verb-subject order instead of the subject-verb-object order. Your task is to reconstruct the original sentence in English. You should only use the words in the same form as they appear in the given sentence.\nSentence: liam calls john.\nShow the original sentence the prefix 'Original sentence: '.\n	Original sentence: John calls Liam.	False	gpt-3.5-turbo-0301	None	None	None	0	1
You are an expert in linguistics. Imagine a language that is the same as English only except that it uses the object-verb-subject order instead of the subject-verb-object order. Your task is to reconstruct the original sentence in English. You should only use the words in the same form as they appear in the given sentence.\nSentence: ava knows tim.\nShow the original sentence the prefix 'Original sentence: '.\n	Original sentence: Tim knows Ava.	False	gpt-3.5-turbo-0301	None	None	None	0	1
You are an expert in linguistics. Imagine a language that is the same as English only except that it uses the object-verb-subject order instead of the subject-verb-object order. Your task is to reconstruct the original sentence in English. You should only use the words in the same form as they appear in the given sentence.\nSentence: mia saw sophie.\nShow the original sentence the prefix 'Original sentence: '.\n	Original sentence: Sophie saw Mia.	False	gpt-3.5-turbo-0301	None	None	None	0	1
You are an expert in linguistics. Imagine a language that is the same as English only except that it uses the object-verb-subject order instead of the subject-verb-object order. Your task is to reconstruct the original sentence in English. You should only use the words in the same form as they appear in the given sentence.\nSentence: mia sees tom.\nShow the original sentence the prefix 'Original sentence: '.\n	Original sentence: Tom sees Mia.	False	gpt-3.5-turbo-0301	None	None	None	0	1
You are an expert in linguistics. Imagine a language that is the same as English only except that it uses the object-verb-subject order instead of the subject-verb-object order. Your task is to reconstruct the original sentence in English. You should only use the words in the same form as they appear in the given sentence.\nSentence: lucas knows mary.\nShow the original sentence the prefix 'Original sentence: '.\n	Original sentence: Lucas knows Mary.\nReconstructed sentence: Mary knows Lucas.	False	gpt-3.5-turbo-0301	None	None	None	0	1
You are an expert in linguistics. Imagine a language that is the same as English only except that it uses the object-verb-subject order instead of the subject-verb-object order. Your task is to reconstruct the original sentence in English. You should only use the words in the same form as they appear in the given sentence.\nSentence: emma knows tom.\nShow the original sentence the prefix 'Original sentence: '.\n	Original sentence: Emma knows Tom.\nReconstructed sentence: Tom knows Emma.	False	gpt-3.5-turbo-0301	None	None	None	0	1
You are an expert in linguistics. Imagine a language that is the same as English only except that it uses the object-verb-subject order instead of the subject-verb-object order. Your task is to reconstruct the original sentence in English. You should only use the words in the same form as they appear in the given sentence.\nSentence: ava sees anna.\nShow the original sentence the prefix 'Original sentence: '.\n	Original sentence: Anna sees Ava.	False	gpt-3.5-turbo-0301	None	None	None	0	1
You are an expert in linguistics. Imagine a language that is the same as English only except that it uses the object-verb-subject order instead of the subject-verb-object order. Your task is to reconstruct the original sentence in English. You should only use the words in the same form as they appear in the given sentence.\nSentence: ava calls tim.\nShow the original sentence the prefix 'Original sentence: '.\n	Original sentence: Tim calls Ava.	False	gpt-3.5-turbo-0301	None	None	None	0	1
You are an expert in linguistics. Imagine a language that is the same as English only except that it uses the object-verb-subject order instead of the subject-verb-object order. Your task is to reconstruct the original sentence in English. You should only use the words in the same form as they appear in the given sentence.\nSentence: lucas knows jim.\nShow the original sentence the prefix 'Original sentence: '.\n	Original sentence: Lucas knows Jim.\nReconstructed sentence: Jim knows Lucas.	False	gpt-3.5-turbo-0301	None	None	None	0	1
You are an expert in linguistics. Imagine a language that is the same as English only except that it uses the object-verb-subject order instead of the subject-verb-object order. Your task is to reconstruct the original sentence in English. You should only use the words in the same form as they appear in the given sentence.\nSentence: mia saw tim.\nShow the original sentence the prefix 'Original sentence: '.\n	Original sentence: Tim saw Mia.	False	gpt-3.5-turbo-0301	None	None	None	0	1
You are an expert in linguistics. Imagine a language that is the same as English only except that it uses the object-verb-subject order instead of the subject-verb-object order. Your task is to reconstruct the original sentence in English. You should only use the words in the same form as they appear in the given sentence.\nSentence: olivia saw john.\nShow the original sentence the prefix 'Original sentence: '.\n	Original sentence: Olivia saw John.\nReconstructed sentence: John saw Olivia.	False	gpt-3.5-turbo-0301	None	None	None	0	1
You are an expert in linguistics. Imagine a language that is the same as English only except that it uses the object-verb-subject order instead of the subject-verb-object order. Your task is to reconstruct the original sentence in English. You should only use the words in the same form as they appear in the given sentence.\nSentence: liam loves sue.\nShow the original sentence the prefix 'Original sentence: '.\n	Original sentence: Sue loves Liam.	False	gpt-3.5-turbo-0301	None	None	None	0	1
You are an expert in linguistics. Imagine a language that is the same as English only except that it uses the object-verb-subject order instead of the subject-verb-object order. Your task is to reconstruct the original sentence in English. You should only use the words in the same form as they appear in the given sentence.\nSentence: emily loves sophie.\nShow the original sentence the prefix 'Original sentence: '.\n	Original sentence: Emily loves Sophie.\nIn the object-verb-subject order, the sentence would be: Sophie loves Emily.\nTherefore, the reconstructed original sentence in English is: Original sentence: Sophie loves Emily.	False	gpt-3.5-turbo-0301	None	None	None	0	1
You are an expert in linguistics. Imagine a language that is the same as English only except that it uses the object-verb-subject order instead of the subject-verb-object order. Your task is to reconstruct the original sentence in English. You should only use the words in the same form as they appear in the given sentence.\nSentence: liam sees tom.\nShow the original sentence the prefix 'Original sentence: '.\n	Original sentence: Liam sees Tom.\nReconstructed sentence: Tom sees Liam.	False	gpt-3.5-turbo-0301	None	None	None	0	1
You are an expert in linguistics. Imagine a language that is the same as English only except that it uses the object-verb-subject order instead of the subject-verb-object order. Your task is to reconstruct the original sentence in English. You should only use the words in the same form as they appear in the given sentence.\nSentence: emma saw alice.\nShow the original sentence the prefix 'Original sentence: '.\n	Original sentence: Alice saw Emma.	False	gpt-3.5-turbo-0301	None	None	None	0	1
You are an expert in linguistics. Imagine a language that is the same as English only except that it uses the object-verb-subject order instead of the subject-verb-object order. Your task is to reconstruct the original sentence in English. You should only use the words in the same form as they appear in the given sentence.\nSentence: liam sees sophie.\nShow the original sentence the prefix 'Original sentence: '.\n	Original sentence: Sophie sees Liam.	False	gpt-3.5-turbo-0301	None	None	None	0	1
You are an expert in linguistics. Imagine a language that is the same as English only except that it uses the object-verb-subject order instead of the subject-verb-object order. Your task is to reconstruct the original sentence in English. You should only use the words in the same form as they appear in the given sentence.\nSentence: ava knows jim.\nShow the original sentence the prefix 'Original sentence: '.\n	Original sentence: Jim knows Ava.	False	gpt-3.5-turbo-0301	None	None	None	0	1
You are an expert in linguistics. Imagine a language that is the same as English only except that it uses the object-verb-subject order instead of the subject-verb-object order. Your task is to reconstruct the original sentence in English. You should only use the words in the same form as they appear in the given sentence.\nSentence: ethan saw jim.\nShow the original sentence the prefix 'Original sentence: '.\n	Original sentence: Ethan saw Jim.\nReconstructed sentence: Jim saw Ethan.	False	gpt-3.5-turbo-0301	None	None	None	0	1
You are an expert in linguistics. Imagine a language that is the same as English only except that it uses the object-verb-subject order instead of the subject-verb-object order. Your task is to reconstruct the original sentence in English. You should only use the words in the same form as they appear in the given sentence.\nSentence: noah calls john.\nShow the original sentence the prefix 'Original sentence: '.\n	Original sentence: Noah calls John.\nReconstructed sentence: John calls Noah.	False	gpt-3.5-turbo-0301	None	None	None	0	1
You are an expert in linguistics. Imagine a language that is the same as English only except that it uses the object-verb-subject order instead of the subject-verb-object order. Your task is to reconstruct the original sentence in English. You should only use the words in the same form as they appear in the given sentence.\nSentence: liam saw john.\nShow the original sentence the prefix 'Original sentence: '.\n	Original sentence: Liam saw John.\nReconstructed sentence: John saw Liam.	False	gpt-3.5-turbo-0301	None	None	None	0	1
You are an expert in linguistics. Imagine a language that is the same as English only except that it uses the object-verb-subject order instead of the subject-verb-object order. Your task is to reconstruct the original sentence in English. You should only use the words in the same form as they appear in the given sentence.\nSentence: lucas saw tim.\nShow the original sentence the prefix 'Original sentence: '.\n	Original sentence: Lucas saw Tim.\nReconstructed sentence: Tim saw Lucas.	False	gpt-3.5-turbo-0301	None	None	None	0	1
You are an expert in linguistics. Imagine a language that is the same as English only except that it uses the object-verb-subject order instead of the subject-verb-object order. Your task is to reconstruct the original sentence in English. You should only use the words in the same form as they appear in the given sentence.\nSentence: jacob saw alice.\nShow the original sentence the prefix 'Original sentence: '.\n	Original sentence: Jacob saw Alice.\nReconstructed sentence: Alice saw Jacob.	False	gpt-3.5-turbo-0301	None	None	None	0	1
You are an expert in linguistics. Imagine a language that is the same as English only except that it uses the object-verb-subject order instead of the subject-verb-object order. Your task is to reconstruct the original sentence in English. You should only use the words in the same form as they appear in the given sentence.\nSentence: mia calls tom.\nShow the original sentence the prefix 'Original sentence: '.\n	Original sentence: Tom calls Mia.	False	gpt-3.5-turbo-0301	None	None	None	0	1
You are an expert in linguistics. Imagine a language that is the same as English only except that it uses the object-verb-subject order instead of the subject-verb-object order. Your task is to reconstruct the original sentence in English. You should only use the words in the same form as they appear in the given sentence.\nSentence: jacob saw jim.\nShow the original sentence the prefix 'Original sentence: '.\n	Original sentence: Jacob saw Jim.\nReconstructed sentence: Jim saw Jacob.	False	gpt-3.5-turbo-0301	None	None	None	0	1
You are an expert in linguistics. Imagine a language that is the same as English only except that it uses the object-verb-subject order instead of the subject-verb-object order. Your task is to reconstruct the original sentence in English. You should only use the words in the same form as they appear in the given sentence.\nSentence: ethan knows tim.\nShow the original sentence the prefix 'Original sentence: '.\n	Original sentence: Ethan knows Tim.\nReconstructed sentence: Tim knows Ethan.	False	gpt-3.5-turbo-0301	None	None	None	0	1
You are an expert in linguistics. Imagine a language that is the same as English only except that it uses the object-verb-subject order instead of the subject-verb-object order. Your task is to reconstruct the original sentence in English. You should only use the words in the same form as they appear in the given sentence.\nSentence: jacob knows anna.\nShow the original sentence the prefix 'Original sentence: '.\n	Original sentence: Anna knows Jacob.	False	gpt-3.5-turbo-0301	None	None	None	0	1
You are an expert in linguistics. Imagine a language that is the same as English only except that it uses the object-verb-subject order instead of the subject-verb-object order. Your task is to reconstruct the original sentence in English. You should only use the words in the same form as they appear in the given sentence.\nSentence: jacob saw bob.\nShow the original sentence the prefix 'Original sentence: '.\n	Original sentence: Jacob saw Bob.\nReconstructed sentence: Bob saw Jacob.	False	gpt-3.5-turbo-0301	None	None	None	0	1
You are an expert in linguistics. Imagine a language that is the same as English only except that it uses the object-verb-subject order instead of the subject-verb-object order. Your task is to reconstruct the original sentence in English. You should only use the words in the same form as they appear in the given sentence.\nSentence: mia knows bob.\nShow the original sentence the prefix 'Original sentence: '.\n	Original sentence: Mia knows Bob.\nReconstructed sentence: Bob knows Mia.	False	gpt-3.5-turbo-0301	None	None	None	0	1
You are an expert in linguistics. Imagine a language that is the same as English only except that it uses the object-verb-subject order instead of the subject-verb-object order. Your task is to reconstruct the original sentence in English. You should only use the words in the same form as they appear in the given sentence.\nSentence: emma calls tom.\nShow the original sentence the prefix 'Original sentence: '.\n	Original sentence: Emma calls Tom.\nReconstructed sentence: Tom calls Emma.	False	gpt-3.5-turbo-0301	None	None	None	0	1
You are an expert in linguistics. Imagine a language that is the same as English only except that it uses the object-verb-subject order instead of the subject-verb-object order. Your task is to reconstruct the original sentence in English. You should only use the words in the same form as they appear in the given sentence.\nSentence: emma calls john.\nShow the original sentence the prefix 'Original sentence: '.\n	Original sentence: Emma calls John.\nReconstructed sentence: John calls Emma.	False	gpt-3.5-turbo-0301	None	None	None	0	1
You are an expert in linguistics. Imagine a language that is the same as English only except that it uses the object-verb-subject order instead of the subject-verb-object order. Your task is to reconstruct the original sentence in English. You should only use the words in the same form as they appear in the given sentence.\nSentence: emily saw jim.\nShow the original sentence the prefix 'Original sentence: '.\n	Original sentence: Jim saw Emily.	False	gpt-3.5-turbo-0301	None	None	None	0	1
You are an expert in linguistics. Imagine a language that is the same as English only except that it uses the object-verb-subject order instead of the subject-verb-object order. Your task is to reconstruct the original sentence in English. You should only use the words in the same form as they appear in the given sentence.\nSentence: olivia loves tom.\nShow the original sentence the prefix 'Original sentence: '.\n	Original sentence: Olivia loves Tom.\nReconstructed sentence: Loves Olivia Tom.	False	gpt-3.5-turbo-0301	None	None	None	0	1
You are an expert in linguistics. Imagine a language that is the same as English only except that it uses the object-verb-subject order instead of the subject-verb-object order. Your task is to reconstruct the original sentence in English. You should only use the words in the same form as they appear in the given sentence.\nSentence: jacob calls anna.\nShow the original sentence the prefix 'Original sentence: '.\n	Original sentence: Anna calls Jacob.	False	gpt-3.5-turbo-0301	None	None	None	0	1
You are an expert in linguistics. Imagine a language that is the same as English only except that it uses the object-verb-subject order instead of the subject-verb-object order. Your task is to reconstruct the original sentence in English. You should only use the words in the same form as they appear in the given sentence.\nSentence: emily knows alice.\nShow the original sentence the prefix 'Original sentence: '.\n	Original sentence: Emily knows Alice.\nIn the object-verb-subject order, the sentence would be: Alice knows Emily.\nTherefore, the reconstructed original sentence in English is: Original sentence: Alice knows Emily.	False	gpt-3.5-turbo-0301	None	None	None	0	1
You are an expert in linguistics. Imagine a language that is the same as English only except that it uses the object-verb-subject order instead of the subject-verb-object order. Your task is to reconstruct the original sentence in English. You should only use the words in the same form as they appear in the given sentence.\nSentence: ethan calls sue.\nShow the original sentence the prefix 'Original sentence: '.\n	Original sentence: Sue calls Ethan.	False	gpt-3.5-turbo-0301	None	None	None	0	1
You are an expert in linguistics. Imagine a language that is the same as English only except that it uses the object-verb-subject order instead of the subject-verb-object order. Your task is to reconstruct the original sentence in English. You should only use the words in the same form as they appear in the given sentence.\nSentence: jacob knows sophie.\nShow the original sentence the prefix 'Original sentence: '.\n	Original sentence: Sophie knows Jacob.	False	gpt-3.5-turbo-0301	None	None	None	0	1
You are an expert in linguistics. Imagine a language that is the same as English only except that it uses the object-verb-subject order instead of the subject-verb-object order. Your task is to reconstruct the original sentence in English. You should only use the words in the same form as they appear in the given sentence.\nSentence: mia sees sophie.\nShow the original sentence the prefix 'Original sentence: '.\n	Original sentence: Sophie sees Mia.	False	gpt-3.5-turbo-0301	None	None	None	0	1
You are an expert in linguistics. Imagine a language that is the same as English only except that it uses the object-verb-subject order instead of the subject-verb-object order. Your task is to reconstruct the original sentence in English. You should only use the words in the same form as they appear in the given sentence.\nSentence: ethan saw tim.\nShow the original sentence the prefix 'Original sentence: '.\n	Original sentence: Ethan saw Tim.\nReconstructed sentence: Tim saw Ethan.	False	gpt-3.5-turbo-0301	None	None	None	0	1
You are an expert in linguistics. Imagine a language that is the same as English only except that it uses the object-verb-subject order instead of the subject-verb-object order. Your task is to reconstruct the original sentence in English. You should only use the words in the same form as they appear in the given sentence.\nSentence: noah sees sue.\nShow the original sentence the prefix 'Original sentence: '.\n	Original sentence: Sue sees Noah.	False	gpt-3.5-turbo-0301	None	None	None	0	1
You are an expert in linguistics. Imagine a language that is the same as English only except that it uses the object-verb-subject order instead of the subject-verb-object order. Your task is to reconstruct the original sentence in English. You should only use the words in the same form as they appear in the given sentence.\nSentence: mia calls tim.\nShow the original sentence the prefix 'Original sentence: '.\n	Original sentence: Mia calls Tim.\nReconstructed sentence: Tim calls Mia.	False	gpt-3.5-turbo-0301	None	None	None	0	1
You are an expert in linguistics. Imagine a language that is the same as English only except that it uses the object-verb-subject order instead of the subject-verb-object order. Your task is to reconstruct the original sentence in English. You should only use the words in the same form as they appear in the given sentence.\nSentence: olivia calls mary.\nShow the original sentence the prefix 'Original sentence: '.\n	Original sentence: Mary calls Olivia.	False	gpt-3.5-turbo-0301	None	None	None	0	1
You are an expert in linguistics. Imagine a language that is the same as English only except that it uses the object-verb-subject order instead of the subject-verb-object order. Your task is to reconstruct the original sentence in English. You should only use the words in the same form as they appear in the given sentence.\nSentence: noah saw anna.\nShow the original sentence the prefix 'Original sentence: '.\n	Original sentence: Anna saw Noah.	False	gpt-3.5-turbo-0301	None	None	None	0	1
You are an expert in linguistics. Imagine a language that is the same as English only except that it uses the object-verb-subject order instead of the subject-verb-object order. Your task is to reconstruct the original sentence in English. You should only use the words in the same form as they appear in the given sentence.\nSentence: liam knows alice.\nShow the original sentence the prefix 'Original sentence: '.\n	Original sentence: Alice knows Liam.	False	gpt-3.5-turbo-0301	None	None	None	0	1
You are an expert in linguistics. Imagine a language that is the same as English only except that it uses the object-verb-subject order instead of the subject-verb-object order. Your task is to reconstruct the original sentence in English. You should only use the words in the same form as they appear in the given sentence.\nSentence: liam loves bob.\nShow the original sentence the prefix 'Original sentence: '.\n	Original sentence: Bob loves Liam.	False	gpt-3.5-turbo-0301	None	None	None	0	1
You are an expert in linguistics. Imagine a language that is the same as English only except that it uses the object-verb-subject order instead of the subject-verb-object order. Your task is to reconstruct the original sentence in English. You should only use the words in the same form as they appear in the given sentence.\nSentence: jacob sees jim.\nShow the original sentence the prefix 'Original sentence: '.\n	Original sentence: Jacob sees Jim.\nReconstructed sentence: Jim sees Jacob.	False	gpt-3.5-turbo-0301	None	None	None	0	1
You are an expert in linguistics. Imagine a language that is the same as English only except that it uses the object-verb-subject order instead of the subject-verb-object order. Your task is to reconstruct the original sentence in English. You should only use the words in the same form as they appear in the given sentence.\nSentence: noah knows bob.\nShow the original sentence the prefix 'Original sentence: '.\n	Original sentence: Noah knows Bob.\nReconstructed sentence: Bob knows Noah.	False	gpt-3.5-turbo-0301	None	None	None	0	1
You are an expert in linguistics. Imagine a language that is the same as English only except that it uses the object-verb-subject order instead of the subject-verb-object order. Your task is to reconstruct the original sentence in English. You should only use the words in the same form as they appear in the given sentence.\nSentence: noah knows mary.\nShow the original sentence the prefix 'Original sentence: '.\n	Original sentence: Mary knows Noah.	False	gpt-3.5-turbo-0301	None	None	None	0	1
You are an expert in linguistics. Imagine a language that is the same as English only except that it uses the object-verb-subject order instead of the subject-verb-object order. Your task is to reconstruct the original sentence in English. You should only use the words in the same form as they appear in the given sentence.\nSentence: ethan loves tom.\nShow the original sentence the prefix 'Original sentence: '.\n	Original sentence: Tom loves Ethan.	False	gpt-3.5-turbo-0301	None	None	None	0	1
You are an expert in linguistics. Imagine a language that is the same as English only except that it uses the object-verb-subject order instead of the subject-verb-object order. Your task is to reconstruct the original sentence in English. You should only use the words in the same form as they appear in the given sentence.\nSentence: mia loves john.\nShow the original sentence the prefix 'Original sentence: '.\n	Original sentence: John loves Mia.	False	gpt-3.5-turbo-0301	None	None	None	0	1
You are an expert in linguistics. Imagine a language that is the same as English only except that it uses the object-verb-subject order instead of the subject-verb-object order. Your task is to reconstruct the original sentence in English. You should only use the words in the same form as they appear in the given sentence.\nSentence: jacob knows bob.\nShow the original sentence the prefix 'Original sentence: '.\n	Original sentence: Jacob knows Bob.\nReconstructed sentence: Bob knows Jacob.	False	gpt-3.5-turbo-0301	None	None	None	0	1
You are an expert in linguistics. Imagine a language that is the same as English only except that it uses the object-verb-subject order instead of the subject-verb-object order. Your task is to reconstruct the original sentence in English. You should only use the words in the same form as they appear in the given sentence.\nSentence: ethan saw anna.\nShow the original sentence the prefix 'Original sentence: '.\n	Original sentence: Anna saw Ethan.	False	gpt-3.5-turbo-0301	None	None	None	0	1
You are an expert in linguistics. Imagine a language that is the same as English only except that it uses the object-verb-subject order instead of the subject-verb-object order. Your task is to reconstruct the original sentence in English. You should only use the words in the same form as they appear in the given sentence.\nSentence: emily loves bob.\nShow the original sentence the prefix 'Original sentence: '.\n	Original sentence: Emily loves Bob.\nObject-verb-subject order: Bob loves Emily.\nReconstructed sentence: Original sentence: Bob loves Emily.	False	gpt-3.5-turbo-0301	None	None	None	0	1
