You are an expert in linguistics. Imagine a language that is the same as English only except that it uses the object-verb-subject order instead of the subject-verb-object order. Your task is to reconstruct the original sentence in English. You should only use the words in the same form as they appear in the given sentence.\nSentence: noah loves mary.\nShow the original sentence the prefix 'Original sentence: '.\n	 Original sentence: Mary loves Noah.	False	claude-v1.3	None	None	None	0	1
You are an expert in linguistics. Imagine a language that is the same as English only except that it uses the object-verb-subject order instead of the subject-verb-object order. Your task is to reconstruct the original sentence in English. You should only use the words in the same form as they appear in the given sentence.\nSentence: jacob loves jim.\nShow the original sentence the prefix 'Original sentence: '.\n	 Original sentence: Jim loves Jacob.	False	claude-v1.3	None	None	None	0	1
You are an expert in linguistics. Imagine a language that is the same as English only except that it uses the object-verb-subject order instead of the subject-verb-object order. Your task is to reconstruct the original sentence in English. You should only use the words in the same form as they appear in the given sentence.\nSentence: noah sees anna.\nShow the original sentence the prefix 'Original sentence: '.\n	 Original sentence: Anna sees Noah.	False	claude-v1.3	None	None	None	0	1
You are an expert in linguistics. Imagine a language that is the same as English only except that it uses the object-verb-subject order instead of the subject-verb-object order. Your task is to reconstruct the original sentence in English. You should only use the words in the same form as they appear in the given sentence.\nSentence: noah knows jim.\nShow the original sentence the prefix 'Original sentence: '.\n	 Original sentence: Jim knows Noah.	False	claude-v1.3	None	None	None	0	1
You are an expert in linguistics. Imagine a language that is the same as English only except that it uses the object-verb-subject order instead of the subject-verb-object order. Your task is to reconstruct the original sentence in English. You should only use the words in the same form as they appear in the given sentence.\nSentence: liam calls anna.\nShow the original sentence the prefix 'Original sentence: '.\n	 Original sentence: Anna calls Liam.	False	claude-v1.3	None	None	None	0	1
You are an expert in linguistics. Imagine a language that is the same as English only except that it uses the object-verb-subject order instead of the subject-verb-object order. Your task is to reconstruct the original sentence in English. You should only use the words in the same form as they appear in the given sentence.\nSentence: olivia saw sophie.\nShow the original sentence the prefix 'Original sentence: '.\n	 Original sentence: Sophie saw Olivia.	False	claude-v1.3	None	None	None	0	1
You are an expert in linguistics. Imagine a language that is the same as English only except that it uses the object-verb-subject order instead of the subject-verb-object order. Your task is to reconstruct the original sentence in English. You should only use the words in the same form as they appear in the given sentence.\nSentence: olivia knows sophie.\nShow the original sentence the prefix 'Original sentence: '.\n	 Original sentence: Sophie knows Olivia.	False	claude-v1.3	None	None	None	0	1
You are an expert in linguistics. Imagine a language that is the same as English only except that it uses the object-verb-subject order instead of the subject-verb-object order. Your task is to reconstruct the original sentence in English. You should only use the words in the same form as they appear in the given sentence.\nSentence: mia saw john.\nShow the original sentence the prefix 'Original sentence: '.\n	 Original sentence: John saw Mia.	False	claude-v1.3	None	None	None	0	1
You are an expert in linguistics. Imagine a language that is the same as English only except that it uses the object-verb-subject order instead of the subject-verb-object order. Your task is to reconstruct the original sentence in English. You should only use the words in the same form as they appear in the given sentence.\nSentence: mia saw sophie.\nShow the original sentence the prefix 'Original sentence: '.\n	 Original sentence: Sophie saw Mia.	False	claude-v1.3	None	None	None	0	1
You are an expert in linguistics. Imagine a language that is the same as English only except that it uses the object-verb-subject order instead of the subject-verb-object order. Your task is to reconstruct the original sentence in English. You should only use the words in the same form as they appear in the given sentence.\nSentence: emma saw john.\nShow the original sentence the prefix 'Original sentence: '.\n	 Original sentence: John saw Emma.	False	claude-v1.3	None	None	None	0	1
You are an expert in linguistics. Imagine a language that is the same as English only except that it uses the object-verb-subject order instead of the subject-verb-object order. Your task is to reconstruct the original sentence in English. You should only use the words in the same form as they appear in the given sentence.\nSentence: emily sees tim.\nShow the original sentence the prefix 'Original sentence: '.\n	 Original sentence: Tim sees Emily.	False	claude-v1.3	None	None	None	0	1
You are an expert in linguistics. Imagine a language that is the same as English only except that it uses the object-verb-subject order instead of the subject-verb-object order. Your task is to reconstruct the original sentence in English. You should only use the words in the same form as they appear in the given sentence.\nSentence: emma loves alice.\nShow the original sentence the prefix 'Original sentence: '.\n	 Original sentence: Alice loves Emma.	False	claude-v1.3	None	None	None	0	1
You are an expert in linguistics. Imagine a language that is the same as English only except that it uses the object-verb-subject order instead of the subject-verb-object order. Your task is to reconstruct the original sentence in English. You should only use the words in the same form as they appear in the given sentence.\nSentence: ethan knows anna.\nShow the original sentence the prefix 'Original sentence: '.\n	 Original sentence: Anna knows Ethan.	False	claude-v1.3	None	None	None	0	1
You are an expert in linguistics. Imagine a language that is the same as English only except that it uses the object-verb-subject order instead of the subject-verb-object order. Your task is to reconstruct the original sentence in English. You should only use the words in the same form as they appear in the given sentence.\nSentence: liam sees john.\nShow the original sentence the prefix 'Original sentence: '.\n	 Original sentence: John sees Liam.	False	claude-v1.3	None	None	None	0	1
You are an expert in linguistics. Imagine a language that is the same as English only except that it uses the object-verb-subject order instead of the subject-verb-object order. Your task is to reconstruct the original sentence in English. You should only use the words in the same form as they appear in the given sentence.\nSentence: jacob knows sophie.\nShow the original sentence the prefix 'Original sentence: '.\n	 Original sentence: Sophie knows Jacob.	False	claude-v1.3	None	None	None	0	1
You are an expert in linguistics. Imagine a language that is the same as English only except that it uses the object-verb-subject order instead of the subject-verb-object order. Your task is to reconstruct the original sentence in English. You should only use the words in the same form as they appear in the given sentence.\nSentence: ava calls sophie.\nShow the original sentence the prefix 'Original sentence: '.\n	 Original sentence: Sophie calls Ava.	False	claude-v1.3	None	None	None	0	1
You are an expert in linguistics. Imagine a language that is the same as English only except that it uses the object-verb-subject order instead of the subject-verb-object order. Your task is to reconstruct the original sentence in English. You should only use the words in the same form as they appear in the given sentence.\nSentence: emma calls sue.\nShow the original sentence the prefix 'Original sentence: '.\n	 Original sentence: Emma calls Sue.	False	claude-v1.3	None	None	None	0	1
You are an expert in linguistics. Imagine a language that is the same as English only except that it uses the object-verb-subject order instead of the subject-verb-object order. Your task is to reconstruct the original sentence in English. You should only use the words in the same form as they appear in the given sentence.\nSentence: jacob calls sophie.\nShow the original sentence the prefix 'Original sentence: '.\n	 Original sentence: Sophie calls Jacob.	False	claude-v1.3	None	None	None	0	1
You are an expert in linguistics. Imagine a language that is the same as English only except that it uses the object-verb-subject order instead of the subject-verb-object order. Your task is to reconstruct the original sentence in English. You should only use the words in the same form as they appear in the given sentence.\nSentence: lucas sees mary.\nShow the original sentence the prefix 'Original sentence: '.\n	 Original sentence: Mary sees Lucas.	False	claude-v1.3	None	None	None	0	1
You are an expert in linguistics. Imagine a language that is the same as English only except that it uses the object-verb-subject order instead of the subject-verb-object order. Your task is to reconstruct the original sentence in English. You should only use the words in the same form as they appear in the given sentence.\nSentence: emily calls alice.\nShow the original sentence the prefix 'Original sentence: '.\n	 Original sentence: Alice calls Emily.	False	claude-v1.3	None	None	None	0	1
You are an expert in linguistics. Imagine a language that is the same as English only except that it uses the object-verb-subject order instead of the subject-verb-object order. Your task is to reconstruct the original sentence in English. You should only use the words in the same form as they appear in the given sentence.\nSentence: emma calls sophie.\nShow the original sentence the prefix 'Original sentence: '.\n	 Original sentence: Sophie calls Emma.	False	claude-v1.3	None	None	None	0	1
You are an expert in linguistics. Imagine a language that is the same as English only except that it uses the object-verb-subject order instead of the subject-verb-object order. Your task is to reconstruct the original sentence in English. You should only use the words in the same form as they appear in the given sentence.\nSentence: mia sees tom.\nShow the original sentence the prefix 'Original sentence: '.\n	 Original sentence: Tom sees Mia.	False	claude-v1.3	None	None	None	0	1
You are an expert in linguistics. Imagine a language that is the same as English only except that it uses the object-verb-subject order instead of the subject-verb-object order. Your task is to reconstruct the original sentence in English. You should only use the words in the same form as they appear in the given sentence.\nSentence: ava calls jim.\nShow the original sentence the prefix 'Original sentence: '.\n	 Original sentence: Jim calls ava.	False	claude-v1.3	None	None	None	0	1
You are an expert in linguistics. Imagine a language that is the same as English only except that it uses the object-verb-subject order instead of the subject-verb-object order. Your task is to reconstruct the original sentence in English. You should only use the words in the same form as they appear in the given sentence.\nSentence: jacob loves alice.\nShow the original sentence the prefix 'Original sentence: '.\n	 Original sentence: Alice loves Jacob.	False	claude-v1.3	None	None	None	0	1
You are an expert in linguistics. Imagine a language that is the same as English only except that it uses the object-verb-subject order instead of the subject-verb-object order. Your task is to reconstruct the original sentence in English. You should only use the words in the same form as they appear in the given sentence.\nSentence: noah sees sophie.\nShow the original sentence the prefix 'Original sentence: '.\n	 Original sentence: Sophie sees Noah.	False	claude-v1.3	None	None	None	0	1
You are an expert in linguistics. Imagine a language that is the same as English only except that it uses the object-verb-subject order instead of the subject-verb-object order. Your task is to reconstruct the original sentence in English. You should only use the words in the same form as they appear in the given sentence.\nSentence: emma calls tom.\nShow the original sentence the prefix 'Original sentence: '.\n	 Original sentence: Tom calls Emma.	False	claude-v1.3	None	None	None	0	1
You are an expert in linguistics. Imagine a language that is the same as English only except that it uses the object-verb-subject order instead of the subject-verb-object order. Your task is to reconstruct the original sentence in English. You should only use the words in the same form as they appear in the given sentence.\nSentence: lucas calls alice.\nShow the original sentence the prefix 'Original sentence: '.\n	 Original sentence: Alice calls Lucas.	False	claude-v1.3	None	None	None	0	1
You are an expert in linguistics. Imagine a language that is the same as English only except that it uses the object-verb-subject order instead of the subject-verb-object order. Your task is to reconstruct the original sentence in English. You should only use the words in the same form as they appear in the given sentence.\nSentence: ava saw sophie.\nShow the original sentence the prefix 'Original sentence: '.\n	 Original sentence: Sophie saw Ava.	False	claude-v1.3	None	None	None	0	1
You are an expert in linguistics. Imagine a language that is the same as English only except that it uses the object-verb-subject order instead of the subject-verb-object order. Your task is to reconstruct the original sentence in English. You should only use the words in the same form as they appear in the given sentence.\nSentence: mia knows alice.\nShow the original sentence the prefix 'Original sentence: '.\n	 Original sentence: Alice knows Mia.	False	claude-v1.3	None	None	None	0	1
You are an expert in linguistics. Imagine a language that is the same as English only except that it uses the object-verb-subject order instead of the subject-verb-object order. Your task is to reconstruct the original sentence in English. You should only use the words in the same form as they appear in the given sentence.\nSentence: emily saw alice.\nShow the original sentence the prefix 'Original sentence: '.\n	 Original sentence: Alice saw Emily.	False	claude-v1.3	None	None	None	0	1
You are an expert in linguistics. Imagine a language that is the same as English only except that it uses the object-verb-subject order instead of the subject-verb-object order. Your task is to reconstruct the original sentence in English. You should only use the words in the same form as they appear in the given sentence.\nSentence: liam saw alice.\nShow the original sentence the prefix 'Original sentence: '.\n	 Original sentence: Alice saw Liam.	False	claude-v1.3	None	None	None	0	1
You are an expert in linguistics. Imagine a language that is the same as English only except that it uses the object-verb-subject order instead of the subject-verb-object order. Your task is to reconstruct the original sentence in English. You should only use the words in the same form as they appear in the given sentence.\nSentence: lucas loves jim.\nShow the original sentence the prefix 'Original sentence: '.\n	 Original sentence: Jim loves Lucas.	False	claude-v1.3	None	None	None	0	1
You are an expert in linguistics. Imagine a language that is the same as English only except that it uses the object-verb-subject order instead of the subject-verb-object order. Your task is to reconstruct the original sentence in English. You should only use the words in the same form as they appear in the given sentence.\nSentence: noah sees jim.\nShow the original sentence the prefix 'Original sentence: '.\n	 Original sentence: Jim sees Noah.	False	claude-v1.3	None	None	None	0	1
You are an expert in linguistics. Imagine a language that is the same as English only except that it uses the object-verb-subject order instead of the subject-verb-object order. Your task is to reconstruct the original sentence in English. You should only use the words in the same form as they appear in the given sentence.\nSentence: liam knows alice.\nShow the original sentence the prefix 'Original sentence: '.\n	 Original sentence: Alice knows Liam.	False	claude-v1.3	None	None	None	0	1
You are an expert in linguistics. Imagine a language that is the same as English only except that it uses the object-verb-subject order instead of the subject-verb-object order. Your task is to reconstruct the original sentence in English. You should only use the words in the same form as they appear in the given sentence.\nSentence: jacob sees john.\nShow the original sentence the prefix 'Original sentence: '.\n	 Original sentence: John sees Jacob.	False	claude-v1.3	None	None	None	0	1
You are an expert in linguistics. Imagine a language that is the same as English only except that it uses the object-verb-subject order instead of the subject-verb-object order. Your task is to reconstruct the original sentence in English. You should only use the words in the same form as they appear in the given sentence.\nSentence: olivia loves anna.\nShow the original sentence the prefix 'Original sentence: '.\n	 Original sentence: Anna loves Olivia.	False	claude-v1.3	None	None	None	0	1
You are an expert in linguistics. Imagine a language that is the same as English only except that it uses the object-verb-subject order instead of the subject-verb-object order. Your task is to reconstruct the original sentence in English. You should only use the words in the same form as they appear in the given sentence.\nSentence: olivia calls john.\nShow the original sentence the prefix 'Original sentence: '.\n	 Original sentence: John calls Olivia.	False	claude-v1.3	None	None	None	0	1
You are an expert in linguistics. Imagine a language that is the same as English only except that it uses the object-verb-subject order instead of the subject-verb-object order. Your task is to reconstruct the original sentence in English. You should only use the words in the same form as they appear in the given sentence.\nSentence: olivia sees jim.\nShow the original sentence the prefix 'Original sentence: '.\n	 Original sentence: Jim sees Olivia.	False	claude-v1.3	None	None	None	0	1
You are an expert in linguistics. Imagine a language that is the same as English only except that it uses the object-verb-subject order instead of the subject-verb-object order. Your task is to reconstruct the original sentence in English. You should only use the words in the same form as they appear in the given sentence.\nSentence: olivia loves tim.\nShow the original sentence the prefix 'Original sentence: '.\n	 Original sentence: Tim loves Olivia.	False	claude-v1.3	None	None	None	0	1
You are an expert in linguistics. Imagine a language that is the same as English only except that it uses the object-verb-subject order instead of the subject-verb-object order. Your task is to reconstruct the original sentence in English. You should only use the words in the same form as they appear in the given sentence.\nSentence: olivia calls jim.\nShow the original sentence the prefix 'Original sentence: '.\n	 Original sentence: Jim calls Olivia.	False	claude-v1.3	None	None	None	0	1
You are an expert in linguistics. Imagine a language that is the same as English only except that it uses the object-verb-subject order instead of the subject-verb-object order. Your task is to reconstruct the original sentence in English. You should only use the words in the same form as they appear in the given sentence.\nSentence: olivia sees anna.\nShow the original sentence the prefix 'Original sentence: '.\n	 Original sentence: Anna sees Olivia.	False	claude-v1.3	None	None	None	0	1
You are an expert in linguistics. Imagine a language that is the same as English only except that it uses the object-verb-subject order instead of the subject-verb-object order. Your task is to reconstruct the original sentence in English. You should only use the words in the same form as they appear in the given sentence.\nSentence: emily calls jim.\nShow the original sentence the prefix 'Original sentence: '.\n	 Original sentence: Jim calls Emily.	False	claude-v1.3	None	None	None	0	1
You are an expert in linguistics. Imagine a language that is the same as English only except that it uses the object-verb-subject order instead of the subject-verb-object order. Your task is to reconstruct the original sentence in English. You should only use the words in the same form as they appear in the given sentence.\nSentence: emma loves anna.\nShow the original sentence the prefix 'Original sentence: '.\n	 Original sentence: Anna loves Emma.	False	claude-v1.3	None	None	None	0	1
You are an expert in linguistics. Imagine a language that is the same as English only except that it uses the object-verb-subject order instead of the subject-verb-object order. Your task is to reconstruct the original sentence in English. You should only use the words in the same form as they appear in the given sentence.\nSentence: jacob loves john.\nShow the original sentence the prefix 'Original sentence: '.\n	 Original sentence: John loves Jacob.	False	claude-v1.3	None	None	None	0	1
You are an expert in linguistics. Imagine a language that is the same as English only except that it uses the object-verb-subject order instead of the subject-verb-object order. Your task is to reconstruct the original sentence in English. You should only use the words in the same form as they appear in the given sentence.\nSentence: jacob loves bob.\nShow the original sentence the prefix 'Original sentence: '.\n	 Original sentence: Bob loves Jacob.	False	claude-v1.3	None	None	None	0	1
You are an expert in linguistics. Imagine a language that is the same as English only except that it uses the object-verb-subject order instead of the subject-verb-object order. Your task is to reconstruct the original sentence in English. You should only use the words in the same form as they appear in the given sentence.\nSentence: mia calls john.\nShow the original sentence the prefix 'Original sentence: '.\n	 Original sentence: John calls mia.	False	claude-v1.3	None	None	None	0	1
You are an expert in linguistics. Imagine a language that is the same as English only except that it uses the object-verb-subject order instead of the subject-verb-object order. Your task is to reconstruct the original sentence in English. You should only use the words in the same form as they appear in the given sentence.\nSentence: jacob knows sophie.\nShow the original sentence the prefix 'Original sentence: '.\n	 Original sentence: Sophie knows Jacob.	False	claude-v1.3	None	None	None	0	1
You are an expert in linguistics. Imagine a language that is the same as English only except that it uses the object-verb-subject order instead of the subject-verb-object order. Your task is to reconstruct the original sentence in English. You should only use the words in the same form as they appear in the given sentence.\nSentence: mia calls mary.\nShow the original sentence the prefix 'Original sentence: '.\n	 Original sentence: Mary calls Mia.	False	claude-v1.3	None	None	None	0	1
You are an expert in linguistics. Imagine a language that is the same as English only except that it uses the object-verb-subject order instead of the subject-verb-object order. Your task is to reconstruct the original sentence in English. You should only use the words in the same form as they appear in the given sentence.\nSentence: liam calls john.\nShow the original sentence the prefix 'Original sentence: '.\n	 Original sentence: John calls Liam.	False	claude-v1.3	None	None	None	0	1
You are an expert in linguistics. Imagine a language that is the same as English only except that it uses the object-verb-subject order instead of the subject-verb-object order. Your task is to reconstruct the original sentence in English. You should only use the words in the same form as they appear in the given sentence.\nSentence: ava knows tim.\nShow the original sentence the prefix 'Original sentence: '.\n	 Original sentence: Tim knows ava.	False	claude-v1.3	None	None	None	0	1
You are an expert in linguistics. Imagine a language that is the same as English only except that it uses the object-verb-subject order instead of the subject-verb-object order. Your task is to reconstruct the original sentence in English. You should only use the words in the same form as they appear in the given sentence.\nSentence: mia saw sophie.\nShow the original sentence the prefix 'Original sentence: '.\n	 Original sentence: Sophie saw Mia.	False	claude-v1.3	None	None	None	0	1
You are an expert in linguistics. Imagine a language that is the same as English only except that it uses the object-verb-subject order instead of the subject-verb-object order. Your task is to reconstruct the original sentence in English. You should only use the words in the same form as they appear in the given sentence.\nSentence: mia sees tom.\nShow the original sentence the prefix 'Original sentence: '.\n	 Original sentence: Tom sees Mia.	False	claude-v1.3	None	None	None	0	1
You are an expert in linguistics. Imagine a language that is the same as English only except that it uses the object-verb-subject order instead of the subject-verb-object order. Your task is to reconstruct the original sentence in English. You should only use the words in the same form as they appear in the given sentence.\nSentence: lucas knows mary.\nShow the original sentence the prefix 'Original sentence: '.\n	 Original sentence: Mary knows Lucas.	False	claude-v1.3	None	None	None	0	1
You are an expert in linguistics. Imagine a language that is the same as English only except that it uses the object-verb-subject order instead of the subject-verb-object order. Your task is to reconstruct the original sentence in English. You should only use the words in the same form as they appear in the given sentence.\nSentence: emma knows tom.\nShow the original sentence the prefix 'Original sentence: '.\n	 Original sentence: Tom knows Emma.	False	claude-v1.3	None	None	None	0	1
You are an expert in linguistics. Imagine a language that is the same as English only except that it uses the object-verb-subject order instead of the subject-verb-object order. Your task is to reconstruct the original sentence in English. You should only use the words in the same form as they appear in the given sentence.\nSentence: ava sees anna.\nShow the original sentence the prefix 'Original sentence: '.\n	 Original sentence: Anna sees Ava.	False	claude-v1.3	None	None	None	0	1
You are an expert in linguistics. Imagine a language that is the same as English only except that it uses the object-verb-subject order instead of the subject-verb-object order. Your task is to reconstruct the original sentence in English. You should only use the words in the same form as they appear in the given sentence.\nSentence: ava calls tim.\nShow the original sentence the prefix 'Original sentence: '.\n	 Original sentence: Tim calls ava.	False	claude-v1.3	None	None	None	0	1
You are an expert in linguistics. Imagine a language that is the same as English only except that it uses the object-verb-subject order instead of the subject-verb-object order. Your task is to reconstruct the original sentence in English. You should only use the words in the same form as they appear in the given sentence.\nSentence: lucas knows jim.\nShow the original sentence the prefix 'Original sentence: '.\n	 Original sentence: Jim knows Lucas.	False	claude-v1.3	None	None	None	0	1
You are an expert in linguistics. Imagine a language that is the same as English only except that it uses the object-verb-subject order instead of the subject-verb-object order. Your task is to reconstruct the original sentence in English. You should only use the words in the same form as they appear in the given sentence.\nSentence: mia saw tim.\nShow the original sentence the prefix 'Original sentence: '.\n	 Original sentence: Tim saw Mia.	False	claude-v1.3	None	None	None	0	1
You are an expert in linguistics. Imagine a language that is the same as English only except that it uses the object-verb-subject order instead of the subject-verb-object order. Your task is to reconstruct the original sentence in English. You should only use the words in the same form as they appear in the given sentence.\nSentence: olivia saw john.\nShow the original sentence the prefix 'Original sentence: '.\n	 Original sentence: John saw Olivia.	False	claude-v1.3	None	None	None	0	1
You are an expert in linguistics. Imagine a language that is the same as English only except that it uses the object-verb-subject order instead of the subject-verb-object order. Your task is to reconstruct the original sentence in English. You should only use the words in the same form as they appear in the given sentence.\nSentence: liam loves sue.\nShow the original sentence the prefix 'Original sentence: '.\n	 Original sentence: Sue loves Liam.	False	claude-v1.3	None	None	None	0	1
You are an expert in linguistics. Imagine a language that is the same as English only except that it uses the object-verb-subject order instead of the subject-verb-object order. Your task is to reconstruct the original sentence in English. You should only use the words in the same form as they appear in the given sentence.\nSentence: emily loves sophie.\nShow the original sentence the prefix 'Original sentence: '.\n	 Original sentence: Sophie loves Emily.	False	claude-v1.3	None	None	None	0	1
You are an expert in linguistics. Imagine a language that is the same as English only except that it uses the object-verb-subject order instead of the subject-verb-object order. Your task is to reconstruct the original sentence in English. You should only use the words in the same form as they appear in the given sentence.\nSentence: liam sees tom.\nShow the original sentence the prefix 'Original sentence: '.\n	 Original sentence: Tom sees Liam.	False	claude-v1.3	None	None	None	0	1
You are an expert in linguistics. Imagine a language that is the same as English only except that it uses the object-verb-subject order instead of the subject-verb-object order. Your task is to reconstruct the original sentence in English. You should only use the words in the same form as they appear in the given sentence.\nSentence: emma saw alice.\nShow the original sentence the prefix 'Original sentence: '.\n	 Original sentence: Alice saw Emma.	False	claude-v1.3	None	None	None	0	1
You are an expert in linguistics. Imagine a language that is the same as English only except that it uses the object-verb-subject order instead of the subject-verb-object order. Your task is to reconstruct the original sentence in English. You should only use the words in the same form as they appear in the given sentence.\nSentence: liam sees sophie.\nShow the original sentence the prefix 'Original sentence: '.\n	 Original sentence: Sophie sees Liam.	False	claude-v1.3	None	None	None	0	1
You are an expert in linguistics. Imagine a language that is the same as English only except that it uses the object-verb-subject order instead of the subject-verb-object order. Your task is to reconstruct the original sentence in English. You should only use the words in the same form as they appear in the given sentence.\nSentence: ava knows jim.\nShow the original sentence the prefix 'Original sentence: '.\n	 Original sentence: Jim knows ava.	False	claude-v1.3	None	None	None	0	1
You are an expert in linguistics. Imagine a language that is the same as English only except that it uses the object-verb-subject order instead of the subject-verb-object order. Your task is to reconstruct the original sentence in English. You should only use the words in the same form as they appear in the given sentence.\nSentence: ethan saw jim.\nShow the original sentence the prefix 'Original sentence: '.\n	 Original sentence: Jim saw Ethan.	False	claude-v1.3	None	None	None	0	1
You are an expert in linguistics. Imagine a language that is the same as English only except that it uses the object-verb-subject order instead of the subject-verb-object order. Your task is to reconstruct the original sentence in English. You should only use the words in the same form as they appear in the given sentence.\nSentence: noah calls john.\nShow the original sentence the prefix 'Original sentence: '.\n	 Original sentence: John calls Noah.	False	claude-v1.3	None	None	None	0	1
You are an expert in linguistics. Imagine a language that is the same as English only except that it uses the object-verb-subject order instead of the subject-verb-object order. Your task is to reconstruct the original sentence in English. You should only use the words in the same form as they appear in the given sentence.\nSentence: liam saw john.\nShow the original sentence the prefix 'Original sentence: '.\n	 Original sentence: John saw Liam.	False	claude-v1.3	None	None	None	0	1
You are an expert in linguistics. Imagine a language that is the same as English only except that it uses the object-verb-subject order instead of the subject-verb-object order. Your task is to reconstruct the original sentence in English. You should only use the words in the same form as they appear in the given sentence.\nSentence: lucas saw tim.\nShow the original sentence the prefix 'Original sentence: '.\n	 Original sentence: Tim saw Lucas.	False	claude-v1.3	None	None	None	0	1
You are an expert in linguistics. Imagine a language that is the same as English only except that it uses the object-verb-subject order instead of the subject-verb-object order. Your task is to reconstruct the original sentence in English. You should only use the words in the same form as they appear in the given sentence.\nSentence: jacob saw alice.\nShow the original sentence the prefix 'Original sentence: '.\n	 Original sentence: Alice saw Jacob.	False	claude-v1.3	None	None	None	0	1
You are an expert in linguistics. Imagine a language that is the same as English only except that it uses the object-verb-subject order instead of the subject-verb-object order. Your task is to reconstruct the original sentence in English. You should only use the words in the same form as they appear in the given sentence.\nSentence: mia calls tom.\nShow the original sentence the prefix 'Original sentence: '.\n	 Original sentence: Tom calls Mia.	False	claude-v1.3	None	None	None	0	1
You are an expert in linguistics. Imagine a language that is the same as English only except that it uses the object-verb-subject order instead of the subject-verb-object order. Your task is to reconstruct the original sentence in English. You should only use the words in the same form as they appear in the given sentence.\nSentence: jacob saw jim.\nShow the original sentence the prefix 'Original sentence: '.\n	 Original sentence: Jim saw Jacob.	False	claude-v1.3	None	None	None	0	1
You are an expert in linguistics. Imagine a language that is the same as English only except that it uses the object-verb-subject order instead of the subject-verb-object order. Your task is to reconstruct the original sentence in English. You should only use the words in the same form as they appear in the given sentence.\nSentence: ethan knows tim.\nShow the original sentence the prefix 'Original sentence: '.\n	 Original sentence: Tim knows Ethan.	False	claude-v1.3	None	None	None	0	1
You are an expert in linguistics. Imagine a language that is the same as English only except that it uses the object-verb-subject order instead of the subject-verb-object order. Your task is to reconstruct the original sentence in English. You should only use the words in the same form as they appear in the given sentence.\nSentence: jacob knows anna.\nShow the original sentence the prefix 'Original sentence: '.\n	 Original sentence: Anna knows Jacob.	False	claude-v1.3	None	None	None	0	1
You are an expert in linguistics. Imagine a language that is the same as English only except that it uses the object-verb-subject order instead of the subject-verb-object order. Your task is to reconstruct the original sentence in English. You should only use the words in the same form as they appear in the given sentence.\nSentence: jacob saw bob.\nShow the original sentence the prefix 'Original sentence: '.\n	 Original sentence: Bob saw Jacob.	False	claude-v1.3	None	None	None	0	1
You are an expert in linguistics. Imagine a language that is the same as English only except that it uses the object-verb-subject order instead of the subject-verb-object order. Your task is to reconstruct the original sentence in English. You should only use the words in the same form as they appear in the given sentence.\nSentence: mia knows bob.\nShow the original sentence the prefix 'Original sentence: '.\n	 Original sentence: Bob knows Mia.	False	claude-v1.3	None	None	None	0	1
You are an expert in linguistics. Imagine a language that is the same as English only except that it uses the object-verb-subject order instead of the subject-verb-object order. Your task is to reconstruct the original sentence in English. You should only use the words in the same form as they appear in the given sentence.\nSentence: emma calls tom.\nShow the original sentence the prefix 'Original sentence: '.\n	 Original sentence: Tom calls Emma.	False	claude-v1.3	None	None	None	0	1
You are an expert in linguistics. Imagine a language that is the same as English only except that it uses the object-verb-subject order instead of the subject-verb-object order. Your task is to reconstruct the original sentence in English. You should only use the words in the same form as they appear in the given sentence.\nSentence: emma calls john.\nShow the original sentence the prefix 'Original sentence: '.\n	 Original sentence: John calls Emma.	False	claude-v1.3	None	None	None	0	1
You are an expert in linguistics. Imagine a language that is the same as English only except that it uses the object-verb-subject order instead of the subject-verb-object order. Your task is to reconstruct the original sentence in English. You should only use the words in the same form as they appear in the given sentence.\nSentence: emily saw jim.\nShow the original sentence the prefix 'Original sentence: '.\n	 Original sentence: Jim saw Emily.	False	claude-v1.3	None	None	None	0	1
You are an expert in linguistics. Imagine a language that is the same as English only except that it uses the object-verb-subject order instead of the subject-verb-object order. Your task is to reconstruct the original sentence in English. You should only use the words in the same form as they appear in the given sentence.\nSentence: olivia loves tom.\nShow the original sentence the prefix 'Original sentence: '.\n	 Original sentence: Tom loves Olivia.	False	claude-v1.3	None	None	None	0	1
You are an expert in linguistics. Imagine a language that is the same as English only except that it uses the object-verb-subject order instead of the subject-verb-object order. Your task is to reconstruct the original sentence in English. You should only use the words in the same form as they appear in the given sentence.\nSentence: jacob calls anna.\nShow the original sentence the prefix 'Original sentence: '.\n	 Original sentence: Anna calls Jacob.	False	claude-v1.3	None	None	None	0	1
You are an expert in linguistics. Imagine a language that is the same as English only except that it uses the object-verb-subject order instead of the subject-verb-object order. Your task is to reconstruct the original sentence in English. You should only use the words in the same form as they appear in the given sentence.\nSentence: emily knows alice.\nShow the original sentence the prefix 'Original sentence: '.\n	 Original sentence: Alice knows Emily.	False	claude-v1.3	None	None	None	0	1
You are an expert in linguistics. Imagine a language that is the same as English only except that it uses the object-verb-subject order instead of the subject-verb-object order. Your task is to reconstruct the original sentence in English. You should only use the words in the same form as they appear in the given sentence.\nSentence: ethan calls sue.\nShow the original sentence the prefix 'Original sentence: '.\n	 Original sentence: Sue calls Ethan.	False	claude-v1.3	None	None	None	0	1
You are an expert in linguistics. Imagine a language that is the same as English only except that it uses the object-verb-subject order instead of the subject-verb-object order. Your task is to reconstruct the original sentence in English. You should only use the words in the same form as they appear in the given sentence.\nSentence: jacob knows sophie.\nShow the original sentence the prefix 'Original sentence: '.\n	 Original sentence: Sophie knows Jacob.	False	claude-v1.3	None	None	None	0	1
You are an expert in linguistics. Imagine a language that is the same as English only except that it uses the object-verb-subject order instead of the subject-verb-object order. Your task is to reconstruct the original sentence in English. You should only use the words in the same form as they appear in the given sentence.\nSentence: mia sees sophie.\nShow the original sentence the prefix 'Original sentence: '.\n	 Original sentence: Sophie sees Mia.	False	claude-v1.3	None	None	None	0	1
You are an expert in linguistics. Imagine a language that is the same as English only except that it uses the object-verb-subject order instead of the subject-verb-object order. Your task is to reconstruct the original sentence in English. You should only use the words in the same form as they appear in the given sentence.\nSentence: ethan saw tim.\nShow the original sentence the prefix 'Original sentence: '.\n	 Original sentence: Tim saw Ethan.	False	claude-v1.3	None	None	None	0	1
You are an expert in linguistics. Imagine a language that is the same as English only except that it uses the object-verb-subject order instead of the subject-verb-object order. Your task is to reconstruct the original sentence in English. You should only use the words in the same form as they appear in the given sentence.\nSentence: noah sees sue.\nShow the original sentence the prefix 'Original sentence: '.\n	 Original sentence: Sue sees Noah.	False	claude-v1.3	None	None	None	0	1
You are an expert in linguistics. Imagine a language that is the same as English only except that it uses the object-verb-subject order instead of the subject-verb-object order. Your task is to reconstruct the original sentence in English. You should only use the words in the same form as they appear in the given sentence.\nSentence: mia calls tim.\nShow the original sentence the prefix 'Original sentence: '.\n	 Original sentence: Tim calls Mia.	False	claude-v1.3	None	None	None	0	1
You are an expert in linguistics. Imagine a language that is the same as English only except that it uses the object-verb-subject order instead of the subject-verb-object order. Your task is to reconstruct the original sentence in English. You should only use the words in the same form as they appear in the given sentence.\nSentence: olivia calls mary.\nShow the original sentence the prefix 'Original sentence: '.\n	 Original sentence: Mary calls Olivia.	False	claude-v1.3	None	None	None	0	1
You are an expert in linguistics. Imagine a language that is the same as English only except that it uses the object-verb-subject order instead of the subject-verb-object order. Your task is to reconstruct the original sentence in English. You should only use the words in the same form as they appear in the given sentence.\nSentence: noah saw anna.\nShow the original sentence the prefix 'Original sentence: '.\n	 Original sentence: Anna saw Noah.	False	claude-v1.3	None	None	None	0	1
You are an expert in linguistics. Imagine a language that is the same as English only except that it uses the object-verb-subject order instead of the subject-verb-object order. Your task is to reconstruct the original sentence in English. You should only use the words in the same form as they appear in the given sentence.\nSentence: liam knows alice.\nShow the original sentence the prefix 'Original sentence: '.\n	 Original sentence: Alice knows Liam.	False	claude-v1.3	None	None	None	0	1
You are an expert in linguistics. Imagine a language that is the same as English only except that it uses the object-verb-subject order instead of the subject-verb-object order. Your task is to reconstruct the original sentence in English. You should only use the words in the same form as they appear in the given sentence.\nSentence: liam loves bob.\nShow the original sentence the prefix 'Original sentence: '.\n	 Original sentence: Bob loves Liam.	False	claude-v1.3	None	None	None	0	1
You are an expert in linguistics. Imagine a language that is the same as English only except that it uses the object-verb-subject order instead of the subject-verb-object order. Your task is to reconstruct the original sentence in English. You should only use the words in the same form as they appear in the given sentence.\nSentence: jacob sees jim.\nShow the original sentence the prefix 'Original sentence: '.\n	 Original sentence: Jim sees Jacob.	False	claude-v1.3	None	None	None	0	1
You are an expert in linguistics. Imagine a language that is the same as English only except that it uses the object-verb-subject order instead of the subject-verb-object order. Your task is to reconstruct the original sentence in English. You should only use the words in the same form as they appear in the given sentence.\nSentence: noah knows bob.\nShow the original sentence the prefix 'Original sentence: '.\n	 Original sentence: Bob knows Noah.	False	claude-v1.3	None	None	None	0	1
You are an expert in linguistics. Imagine a language that is the same as English only except that it uses the object-verb-subject order instead of the subject-verb-object order. Your task is to reconstruct the original sentence in English. You should only use the words in the same form as they appear in the given sentence.\nSentence: noah knows mary.\nShow the original sentence the prefix 'Original sentence: '.\n	 Original sentence: Mary knows Noah.	False	claude-v1.3	None	None	None	0	1
You are an expert in linguistics. Imagine a language that is the same as English only except that it uses the object-verb-subject order instead of the subject-verb-object order. Your task is to reconstruct the original sentence in English. You should only use the words in the same form as they appear in the given sentence.\nSentence: ethan loves tom.\nShow the original sentence the prefix 'Original sentence: '.\n	 Original sentence: Tom loves Ethan.	False	claude-v1.3	None	None	None	0	1
You are an expert in linguistics. Imagine a language that is the same as English only except that it uses the object-verb-subject order instead of the subject-verb-object order. Your task is to reconstruct the original sentence in English. You should only use the words in the same form as they appear in the given sentence.\nSentence: mia loves john.\nShow the original sentence the prefix 'Original sentence: '.\n	 Original sentence: John loves mia.	False	claude-v1.3	None	None	None	0	1
You are an expert in linguistics. Imagine a language that is the same as English only except that it uses the object-verb-subject order instead of the subject-verb-object order. Your task is to reconstruct the original sentence in English. You should only use the words in the same form as they appear in the given sentence.\nSentence: jacob knows bob.\nShow the original sentence the prefix 'Original sentence: '.\n	 Original sentence: Bob knows Jacob.	False	claude-v1.3	None	None	None	0	1
You are an expert in linguistics. Imagine a language that is the same as English only except that it uses the object-verb-subject order instead of the subject-verb-object order. Your task is to reconstruct the original sentence in English. You should only use the words in the same form as they appear in the given sentence.\nSentence: ethan saw anna.\nShow the original sentence the prefix 'Original sentence: '.\n	 Original sentence: Anna saw Ethan.	False	claude-v1.3	None	None	None	0	1
You are an expert in linguistics. Imagine a language that is the same as English only except that it uses the object-verb-subject order instead of the subject-verb-object order. Your task is to reconstruct the original sentence in English. You should only use the words in the same form as they appear in the given sentence.\nSentence: emily loves bob.\nShow the original sentence the prefix 'Original sentence: '.\n	 Original sentence: Bob loves Emily.	False	claude-v1.3	None	None	None	0	1
