You are an expert in linguistics. Imagine a language that is the same as English only except that it uses the object-subject-verb order instead of the subject-verb-object order. Your task is to reconstruct the original sentence in English. You should only use the words in the same form as they appear in the given sentence.\nSentence: emily bob calls.\nLet's think step by step. Show the original sentence at the end with the prefix 'Original sentence: '.\n	Bob calls Emily.\nOriginal sentence: Bob calls Emily.	False	models/text-bison-001	None	None	None	0	1
You are an expert in linguistics. Imagine a language that is the same as English only except that it uses the object-subject-verb order instead of the subject-verb-object order. Your task is to reconstruct the original sentence in English. You should only use the words in the same form as they appear in the given sentence.\nSentence: noah tom loves.\nLet's think step by step. Show the original sentence at the end with the prefix 'Original sentence: '.\n	Original sentence: Tom loves Noah.	False	models/text-bison-001	None	None	None	0	1
You are an expert in linguistics. Imagine a language that is the same as English only except that it uses the object-subject-verb order instead of the subject-verb-object order. Your task is to reconstruct the original sentence in English. You should only use the words in the same form as they appear in the given sentence.\nSentence: mia jim sees.\nLet's think step by step. Show the original sentence at the end with the prefix 'Original sentence: '.\n	Original sentence: Jim sees Mia.	False	models/text-bison-001	None	None	None	0	1
You are an expert in linguistics. Imagine a language that is the same as English only except that it uses the object-subject-verb order instead of the subject-verb-object order. Your task is to reconstruct the original sentence in English. You should only use the words in the same form as they appear in the given sentence.\nSentence: ava anna sees.\nLet's think step by step. Show the original sentence at the end with the prefix 'Original sentence: '.\n	Ava sees Anna.\nOriginal sentence: Anna sees Ava.	False	models/text-bison-001	None	None	None	0	1
You are an expert in linguistics. Imagine a language that is the same as English only except that it uses the object-subject-verb order instead of the subject-verb-object order. Your task is to reconstruct the original sentence in English. You should only use the words in the same form as they appear in the given sentence.\nSentence: ethan mary knows.\nLet's think step by step. Show the original sentence at the end with the prefix 'Original sentence: '.\n	Original sentence: Mary knows Ethan.	False	models/text-bison-001	None	None	None	0	1
You are an expert in linguistics. Imagine a language that is the same as English only except that it uses the object-subject-verb order instead of the subject-verb-object order. Your task is to reconstruct the original sentence in English. You should only use the words in the same form as they appear in the given sentence.\nSentence: lucas jim loves.\nLet's think step by step. Show the original sentence at the end with the prefix 'Original sentence: '.\n	Lucas loves Jim.\nOriginal sentence: Jim loves Lucas.	False	models/text-bison-001	None	None	None	0	1
You are an expert in linguistics. Imagine a language that is the same as English only except that it uses the object-subject-verb order instead of the subject-verb-object order. Your task is to reconstruct the original sentence in English. You should only use the words in the same form as they appear in the given sentence.\nSentence: mia tim knows.\nLet's think step by step. Show the original sentence at the end with the prefix 'Original sentence: '.\n	Original sentence: Tim knows Mia.	False	models/text-bison-001	None	None	None	0	1
You are an expert in linguistics. Imagine a language that is the same as English only except that it uses the object-subject-verb order instead of the subject-verb-object order. Your task is to reconstruct the original sentence in English. You should only use the words in the same form as they appear in the given sentence.\nSentence: lucas alice calls.\nLet's think step by step. Show the original sentence at the end with the prefix 'Original sentence: '.\n	Lucas calls Alice.\nOriginal sentence: Lucas calls Alice.	False	models/text-bison-001	None	None	None	0	1
You are an expert in linguistics. Imagine a language that is the same as English only except that it uses the object-subject-verb order instead of the subject-verb-object order. Your task is to reconstruct the original sentence in English. You should only use the words in the same form as they appear in the given sentence.\nSentence: liam anna knows.\nLet's think step by step. Show the original sentence at the end with the prefix 'Original sentence: '.\n	Liam knows Anna.\nOriginal sentence: Liam knows Anna.	False	models/text-bison-001	None	None	None	0	1
You are an expert in linguistics. Imagine a language that is the same as English only except that it uses the object-subject-verb order instead of the subject-verb-object order. Your task is to reconstruct the original sentence in English. You should only use the words in the same form as they appear in the given sentence.\nSentence: lucas sue loves.\nLet's think step by step. Show the original sentence at the end with the prefix 'Original sentence: '.\n	Lucas loves Sue.\nOriginal sentence: Lucas loves Sue.	False	models/text-bison-001	None	None	None	0	1
You are an expert in linguistics. Imagine a language that is the same as English only except that it uses the object-subject-verb order instead of the subject-verb-object order. Your task is to reconstruct the original sentence in English. You should only use the words in the same form as they appear in the given sentence.\nSentence: jacob tom loves.\nLet's think step by step. Show the original sentence at the end with the prefix 'Original sentence: '.\n	Jacob loves Tom.\nOriginal sentence: Tom loves Jacob.	False	models/text-bison-001	None	None	None	0	1
You are an expert in linguistics. Imagine a language that is the same as English only except that it uses the object-subject-verb order instead of the subject-verb-object order. Your task is to reconstruct the original sentence in English. You should only use the words in the same form as they appear in the given sentence.\nSentence: lucas jim calls.\nLet's think step by step. Show the original sentence at the end with the prefix 'Original sentence: '.\n	Lucas calls Jim.\nOriginal sentence: Lucas calls Jim.	False	models/text-bison-001	None	None	None	0	1
You are an expert in linguistics. Imagine a language that is the same as English only except that it uses the object-subject-verb order instead of the subject-verb-object order. Your task is to reconstruct the original sentence in English. You should only use the words in the same form as they appear in the given sentence.\nSentence: ava tom loves.\nLet's think step by step. Show the original sentence at the end with the prefix 'Original sentence: '.\n	Tom loves Ava.\nOriginal sentence: Tom loves Ava.	False	models/text-bison-001	None	None	None	0	1
You are an expert in linguistics. Imagine a language that is the same as English only except that it uses the object-subject-verb order instead of the subject-verb-object order. Your task is to reconstruct the original sentence in English. You should only use the words in the same form as they appear in the given sentence.\nSentence: olivia sue saw.\nLet's think step by step. Show the original sentence at the end with the prefix 'Original sentence: '.\n	Step 1: The subject is Olivia.\nStep 2: The verb is saw.\nStep 3: The object is Sue.\nOriginal sentence: Sue Olivia saw.	False	models/text-bison-001	None	None	None	0	1
You are an expert in linguistics. Imagine a language that is the same as English only except that it uses the object-subject-verb order instead of the subject-verb-object order. Your task is to reconstruct the original sentence in English. You should only use the words in the same form as they appear in the given sentence.\nSentence: noah sue calls.\nLet's think step by step. Show the original sentence at the end with the prefix 'Original sentence: '.\n	Original sentence: Sue calls Noah.	False	models/text-bison-001	None	None	None	0	1
You are an expert in linguistics. Imagine a language that is the same as English only except that it uses the object-subject-verb order instead of the subject-verb-object order. Your task is to reconstruct the original sentence in English. You should only use the words in the same form as they appear in the given sentence.\nSentence: olivia sue saw.\nLet's think step by step. Show the original sentence at the end with the prefix 'Original sentence: '.\n	Step 1: The subject is Olivia.\nStep 2: The verb is saw.\nStep 3: The object is Sue.\nOriginal sentence: Sue Olivia saw.	False	models/text-bison-001	None	None	None	0	1
You are an expert in linguistics. Imagine a language that is the same as English only except that it uses the object-subject-verb order instead of the subject-verb-object order. Your task is to reconstruct the original sentence in English. You should only use the words in the same form as they appear in the given sentence.\nSentence: jacob sophie loves.\nLet's think step by step. Show the original sentence at the end with the prefix 'Original sentence: '.\n	Jacob loves Sophie.\nOriginal sentence: Jacob loves Sophie.	False	models/text-bison-001	None	None	None	0	1
You are an expert in linguistics. Imagine a language that is the same as English only except that it uses the object-subject-verb order instead of the subject-verb-object order. Your task is to reconstruct the original sentence in English. You should only use the words in the same form as they appear in the given sentence.\nSentence: emma john calls.\nLet's think step by step. Show the original sentence at the end with the prefix 'Original sentence: '.\n	Original sentence: John calls Emma.	False	models/text-bison-001	None	None	None	0	1
You are an expert in linguistics. Imagine a language that is the same as English only except that it uses the object-subject-verb order instead of the subject-verb-object order. Your task is to reconstruct the original sentence in English. You should only use the words in the same form as they appear in the given sentence.\nSentence: mia bob saw.\nLet's think step by step. Show the original sentence at the end with the prefix 'Original sentence: '.\n	Bob saw Mia.\nOriginal sentence: Bob saw Mia.	False	models/text-bison-001	None	None	None	0	1
You are an expert in linguistics. Imagine a language that is the same as English only except that it uses the object-subject-verb order instead of the subject-verb-object order. Your task is to reconstruct the original sentence in English. You should only use the words in the same form as they appear in the given sentence.\nSentence: lucas tom saw.\nLet's think step by step. Show the original sentence at the end with the prefix 'Original sentence: '.\n	Original sentence: Tom saw Lucas.	False	models/text-bison-001	None	None	None	0	1
You are an expert in linguistics. Imagine a language that is the same as English only except that it uses the object-subject-verb order instead of the subject-verb-object order. Your task is to reconstruct the original sentence in English. You should only use the words in the same form as they appear in the given sentence.\nSentence: noah tim loves.\nLet's think step by step. Show the original sentence at the end with the prefix 'Original sentence: '.\n	Original sentence: Noah loves Tim.	False	models/text-bison-001	None	None	None	0	1
You are an expert in linguistics. Imagine a language that is the same as English only except that it uses the object-subject-verb order instead of the subject-verb-object order. Your task is to reconstruct the original sentence in English. You should only use the words in the same form as they appear in the given sentence.\nSentence: mia jim calls.\nLet's think step by step. Show the original sentence at the end with the prefix 'Original sentence: '.\n	Original sentence: Jim calls Mia.	False	models/text-bison-001	None	None	None	0	1
You are an expert in linguistics. Imagine a language that is the same as English only except that it uses the object-subject-verb order instead of the subject-verb-object order. Your task is to reconstruct the original sentence in English. You should only use the words in the same form as they appear in the given sentence.\nSentence: mia anna saw.\nLet's think step by step. Show the original sentence at the end with the prefix 'Original sentence: '.\n	Original sentence: Anna saw Mia.	False	models/text-bison-001	None	None	None	0	1
You are an expert in linguistics. Imagine a language that is the same as English only except that it uses the object-subject-verb order instead of the subject-verb-object order. Your task is to reconstruct the original sentence in English. You should only use the words in the same form as they appear in the given sentence.\nSentence: lucas sue calls.\nLet's think step by step. Show the original sentence at the end with the prefix 'Original sentence: '.\n	Lucas calls Sue.\nOriginal sentence: Lucas calls Sue.	False	models/text-bison-001	None	None	None	0	1
You are an expert in linguistics. Imagine a language that is the same as English only except that it uses the object-subject-verb order instead of the subject-verb-object order. Your task is to reconstruct the original sentence in English. You should only use the words in the same form as they appear in the given sentence.\nSentence: mia sophie loves.\nLet's think step by step. Show the original sentence at the end with the prefix 'Original sentence: '.\n	Original sentence: Sophie loves Mia.	False	models/text-bison-001	None	None	None	0	1
You are an expert in linguistics. Imagine a language that is the same as English only except that it uses the object-subject-verb order instead of the subject-verb-object order. Your task is to reconstruct the original sentence in English. You should only use the words in the same form as they appear in the given sentence.\nSentence: olivia sophie loves.\nLet's think step by step. Show the original sentence at the end with the prefix 'Original sentence: '.\n	Olivia loves Sophie.\nOriginal sentence: Sophie loves Olivia.	False	models/text-bison-001	None	None	None	0	1
You are an expert in linguistics. Imagine a language that is the same as English only except that it uses the object-subject-verb order instead of the subject-verb-object order. Your task is to reconstruct the original sentence in English. You should only use the words in the same form as they appear in the given sentence.\nSentence: noah jim loves.\nLet's think step by step. Show the original sentence at the end with the prefix 'Original sentence: '.\n	Original sentence: Jim loves Noah.	False	models/text-bison-001	None	None	None	0	1
You are an expert in linguistics. Imagine a language that is the same as English only except that it uses the object-subject-verb order instead of the subject-verb-object order. Your task is to reconstruct the original sentence in English. You should only use the words in the same form as they appear in the given sentence.\nSentence: emily john calls.\nLet's think step by step. Show the original sentence at the end with the prefix 'Original sentence: '.\n	Original sentence: John calls Emily.	False	models/text-bison-001	None	None	None	0	1
You are an expert in linguistics. Imagine a language that is the same as English only except that it uses the object-subject-verb order instead of the subject-verb-object order. Your task is to reconstruct the original sentence in English. You should only use the words in the same form as they appear in the given sentence.\nSentence: ethan sue calls.\nLet's think step by step. Show the original sentence at the end with the prefix 'Original sentence: '.\n	Ethan calls Sue.\nOriginal sentence: Ethan calls Sue.	False	models/text-bison-001	None	None	None	0	1
You are an expert in linguistics. Imagine a language that is the same as English only except that it uses the object-subject-verb order instead of the subject-verb-object order. Your task is to reconstruct the original sentence in English. You should only use the words in the same form as they appear in the given sentence.\nSentence: emma sophie calls.\nLet's think step by step. Show the original sentence at the end with the prefix 'Original sentence: '.\n	Emma calls Sophie.\nOriginal sentence: Sophie calls Emma.	False	models/text-bison-001	None	None	None	0	1
You are an expert in linguistics. Imagine a language that is the same as English only except that it uses the object-subject-verb order instead of the subject-verb-object order. Your task is to reconstruct the original sentence in English. You should only use the words in the same form as they appear in the given sentence.\nSentence: ethan tim knows.\nLet's think step by step. Show the original sentence at the end with the prefix 'Original sentence: '.\n	Original sentence: Tim knows Ethan.	False	models/text-bison-001	None	None	None	0	1
You are an expert in linguistics. Imagine a language that is the same as English only except that it uses the object-subject-verb order instead of the subject-verb-object order. Your task is to reconstruct the original sentence in English. You should only use the words in the same form as they appear in the given sentence.\nSentence: noah alice saw.\nLet's think step by step. Show the original sentence at the end with the prefix 'Original sentence: '.\n	Original sentence: Saw Alice Noah.	False	models/text-bison-001	None	None	None	0	1
You are an expert in linguistics. Imagine a language that is the same as English only except that it uses the object-subject-verb order instead of the subject-verb-object order. Your task is to reconstruct the original sentence in English. You should only use the words in the same form as they appear in the given sentence.\nSentence: ethan bob sees.\nLet's think step by step. Show the original sentence at the end with the prefix 'Original sentence: '.\n	Original sentence: Ethan sees Bob.	False	models/text-bison-001	None	None	None	0	1
You are an expert in linguistics. Imagine a language that is the same as English only except that it uses the object-subject-verb order instead of the subject-verb-object order. Your task is to reconstruct the original sentence in English. You should only use the words in the same form as they appear in the given sentence.\nSentence: emily tom sees.\nLet's think step by step. Show the original sentence at the end with the prefix 'Original sentence: '.\n	Tom sees Emily.\nOriginal sentence: Tom sees Emily.	False	models/text-bison-001	None	None	None	0	1
You are an expert in linguistics. Imagine a language that is the same as English only except that it uses the object-subject-verb order instead of the subject-verb-object order. Your task is to reconstruct the original sentence in English. You should only use the words in the same form as they appear in the given sentence.\nSentence: olivia alice calls.\nLet's think step by step. Show the original sentence at the end with the prefix 'Original sentence: '.\n		False	models/text-bison-001	None	None	None	0	1
You are an expert in linguistics. Imagine a language that is the same as English only except that it uses the object-subject-verb order instead of the subject-verb-object order. Your task is to reconstruct the original sentence in English. You should only use the words in the same form as they appear in the given sentence.\nSentence: emily alice knows.\nLet's think step by step. Show the original sentence at the end with the prefix 'Original sentence: '.\n	Alice knows Emily.\nOriginal sentence: Emily Alice knows.	False	models/text-bison-001	None	None	None	0	1
You are an expert in linguistics. Imagine a language that is the same as English only except that it uses the object-subject-verb order instead of the subject-verb-object order. Your task is to reconstruct the original sentence in English. You should only use the words in the same form as they appear in the given sentence.\nSentence: lucas mary knows.\nLet's think step by step. Show the original sentence at the end with the prefix 'Original sentence: '.\n	Lucas knows Mary.\nOriginal sentence: Lucas knows Mary.	False	models/text-bison-001	None	None	None	0	1
You are an expert in linguistics. Imagine a language that is the same as English only except that it uses the object-subject-verb order instead of the subject-verb-object order. Your task is to reconstruct the original sentence in English. You should only use the words in the same form as they appear in the given sentence.\nSentence: ava john saw.\nLet's think step by step. Show the original sentence at the end with the prefix 'Original sentence: '.\n	Original sentence: John saw Ava.	False	models/text-bison-001	None	None	None	0	1
You are an expert in linguistics. Imagine a language that is the same as English only except that it uses the object-subject-verb order instead of the subject-verb-object order. Your task is to reconstruct the original sentence in English. You should only use the words in the same form as they appear in the given sentence.\nSentence: lucas sue sees.\nLet's think step by step. Show the original sentence at the end with the prefix 'Original sentence: '.\n	Lucas sees Sue.\nOriginal sentence: Sue sees Lucas.	False	models/text-bison-001	None	None	None	0	1
You are an expert in linguistics. Imagine a language that is the same as English only except that it uses the object-subject-verb order instead of the subject-verb-object order. Your task is to reconstruct the original sentence in English. You should only use the words in the same form as they appear in the given sentence.\nSentence: emma mary saw.\nLet's think step by step. Show the original sentence at the end with the prefix 'Original sentence: '.\n	Original sentence: Saw Emma Mary.	False	models/text-bison-001	None	None	None	0	1
You are an expert in linguistics. Imagine a language that is the same as English only except that it uses the object-subject-verb order instead of the subject-verb-object order. Your task is to reconstruct the original sentence in English. You should only use the words in the same form as they appear in the given sentence.\nSentence: ethan tim calls.\nLet's think step by step. Show the original sentence at the end with the prefix 'Original sentence: '.\n	Original sentence: Tim calls Ethan.	False	models/text-bison-001	None	None	None	0	1
You are an expert in linguistics. Imagine a language that is the same as English only except that it uses the object-subject-verb order instead of the subject-verb-object order. Your task is to reconstruct the original sentence in English. You should only use the words in the same form as they appear in the given sentence.\nSentence: liam tom loves.\nLet's think step by step. Show the original sentence at the end with the prefix 'Original sentence: '.\n	Liam loves Tom.\nOriginal sentence: Tom loves Liam.	False	models/text-bison-001	None	None	None	0	1
You are an expert in linguistics. Imagine a language that is the same as English only except that it uses the object-subject-verb order instead of the subject-verb-object order. Your task is to reconstruct the original sentence in English. You should only use the words in the same form as they appear in the given sentence.\nSentence: ava bob loves.\nLet's think step by step. Show the original sentence at the end with the prefix 'Original sentence: '.\n	Bob loves Ava.\nOriginal sentence: Bob loves Ava.	False	models/text-bison-001	None	None	None	0	1
You are an expert in linguistics. Imagine a language that is the same as English only except that it uses the object-subject-verb order instead of the subject-verb-object order. Your task is to reconstruct the original sentence in English. You should only use the words in the same form as they appear in the given sentence.\nSentence: emma bob sees.\nLet's think step by step. Show the original sentence at the end with the prefix 'Original sentence: '.\n	Original sentence: Bob sees Emma.	False	models/text-bison-001	None	None	None	0	1
You are an expert in linguistics. Imagine a language that is the same as English only except that it uses the object-subject-verb order instead of the subject-verb-object order. Your task is to reconstruct the original sentence in English. You should only use the words in the same form as they appear in the given sentence.\nSentence: olivia tom calls.\nLet's think step by step. Show the original sentence at the end with the prefix 'Original sentence: '.\n	Tom calls Olivia.\nOriginal sentence: Tom calls Olivia.	False	models/text-bison-001	None	None	None	0	1
You are an expert in linguistics. Imagine a language that is the same as English only except that it uses the object-subject-verb order instead of the subject-verb-object order. Your task is to reconstruct the original sentence in English. You should only use the words in the same form as they appear in the given sentence.\nSentence: liam john calls.\nLet's think step by step. Show the original sentence at the end with the prefix 'Original sentence: '.\n	Original sentence: John calls Liam.	False	models/text-bison-001	None	None	None	0	1
You are an expert in linguistics. Imagine a language that is the same as English only except that it uses the object-subject-verb order instead of the subject-verb-object order. Your task is to reconstruct the original sentence in English. You should only use the words in the same form as they appear in the given sentence.\nSentence: noah john sees.\nLet's think step by step. Show the original sentence at the end with the prefix 'Original sentence: '.\n	Original sentence: John sees Noah.	False	models/text-bison-001	None	None	None	0	1
You are an expert in linguistics. Imagine a language that is the same as English only except that it uses the object-subject-verb order instead of the subject-verb-object order. Your task is to reconstruct the original sentence in English. You should only use the words in the same form as they appear in the given sentence.\nSentence: liam alice knows.\nLet's think step by step. Show the original sentence at the end with the prefix 'Original sentence: '.\n	Liam knows Alice.\nOriginal sentence: Liam knows Alice.	False	models/text-bison-001	None	None	None	0	1
You are an expert in linguistics. Imagine a language that is the same as English only except that it uses the object-subject-verb order instead of the subject-verb-object order. Your task is to reconstruct the original sentence in English. You should only use the words in the same form as they appear in the given sentence.\nSentence: ava tom knows.\nLet's think step by step. Show the original sentence at the end with the prefix 'Original sentence: '.\n	Tom knows Ava.\nOriginal sentence: Tom knows Ava.	False	models/text-bison-001	None	None	None	0	1
You are an expert in linguistics. Imagine a language that is the same as English only except that it uses the object-subject-verb order instead of the subject-verb-object order. Your task is to reconstruct the original sentence in English. You should only use the words in the same form as they appear in the given sentence.\nSentence: olivia anna saw.\nLet's think step by step. Show the original sentence at the end with the prefix 'Original sentence: '.\n		False	models/text-bison-001	None	None	None	0	1
You are an expert in linguistics. Imagine a language that is the same as English only except that it uses the object-subject-verb order instead of the subject-verb-object order. Your task is to reconstruct the original sentence in English. You should only use the words in the same form as they appear in the given sentence.\nSentence: jacob alice calls.\nLet's think step by step. Show the original sentence at the end with the prefix 'Original sentence: '.\n	Jacob calls Alice.\nOriginal sentence: Alice calls Jacob.	False	models/text-bison-001	None	None	None	0	1
You are an expert in linguistics. Imagine a language that is the same as English only except that it uses the object-subject-verb order instead of the subject-verb-object order. Your task is to reconstruct the original sentence in English. You should only use the words in the same form as they appear in the given sentence.\nSentence: olivia tom saw.\nLet's think step by step. Show the original sentence at the end with the prefix 'Original sentence: '.\n	Tom saw Olivia.\nOriginal sentence: Tom saw Olivia.	False	models/text-bison-001	None	None	None	0	1
You are an expert in linguistics. Imagine a language that is the same as English only except that it uses the object-subject-verb order instead of the subject-verb-object order. Your task is to reconstruct the original sentence in English. You should only use the words in the same form as they appear in the given sentence.\nSentence: mia tom saw.\nLet's think step by step. Show the original sentence at the end with the prefix 'Original sentence: '.\n	Tom saw Mia.\nOriginal sentence: Tom saw Mia.	False	models/text-bison-001	None	None	None	0	1
You are an expert in linguistics. Imagine a language that is the same as English only except that it uses the object-subject-verb order instead of the subject-verb-object order. Your task is to reconstruct the original sentence in English. You should only use the words in the same form as they appear in the given sentence.\nSentence: emily tom saw.\nLet's think step by step. Show the original sentence at the end with the prefix 'Original sentence: '.\n	Tom saw Emily.\nOriginal sentence: Tom saw Emily.	False	models/text-bison-001	None	None	None	0	1
You are an expert in linguistics. Imagine a language that is the same as English only except that it uses the object-subject-verb order instead of the subject-verb-object order. Your task is to reconstruct the original sentence in English. You should only use the words in the same form as they appear in the given sentence.\nSentence: noah alice saw.\nLet's think step by step. Show the original sentence at the end with the prefix 'Original sentence: '.\n	Original sentence: Saw Alice Noah.	False	models/text-bison-001	None	None	None	0	1
You are an expert in linguistics. Imagine a language that is the same as English only except that it uses the object-subject-verb order instead of the subject-verb-object order. Your task is to reconstruct the original sentence in English. You should only use the words in the same form as they appear in the given sentence.\nSentence: ethan sophie sees.\nLet's think step by step. Show the original sentence at the end with the prefix 'Original sentence: '.\n	Ethan sees Sophie.\nOriginal sentence: Ethan sees Sophie.	False	models/text-bison-001	None	None	None	0	1
You are an expert in linguistics. Imagine a language that is the same as English only except that it uses the object-subject-verb order instead of the subject-verb-object order. Your task is to reconstruct the original sentence in English. You should only use the words in the same form as they appear in the given sentence.\nSentence: noah bob saw.\nLet's think step by step. Show the original sentence at the end with the prefix 'Original sentence: '.\n	Original sentence: Bob saw Noah.	False	models/text-bison-001	None	None	None	0	1
You are an expert in linguistics. Imagine a language that is the same as English only except that it uses the object-subject-verb order instead of the subject-verb-object order. Your task is to reconstruct the original sentence in English. You should only use the words in the same form as they appear in the given sentence.\nSentence: liam sue saw.\nLet's think step by step. Show the original sentence at the end with the prefix 'Original sentence: '.\n	Original sentence: Sue saw Liam.	False	models/text-bison-001	None	None	None	0	1
You are an expert in linguistics. Imagine a language that is the same as English only except that it uses the object-subject-verb order instead of the subject-verb-object order. Your task is to reconstruct the original sentence in English. You should only use the words in the same form as they appear in the given sentence.\nSentence: noah alice calls.\nLet's think step by step. Show the original sentence at the end with the prefix 'Original sentence: '.\n	Original sentence: Alice calls Noah.	False	models/text-bison-001	None	None	None	0	1
You are an expert in linguistics. Imagine a language that is the same as English only except that it uses the object-subject-verb order instead of the subject-verb-object order. Your task is to reconstruct the original sentence in English. You should only use the words in the same form as they appear in the given sentence.\nSentence: jacob jim calls.\nLet's think step by step. Show the original sentence at the end with the prefix 'Original sentence: '.\n	Jacob calls Jim.\nOriginal sentence: Jim calls Jacob.	False	models/text-bison-001	None	None	None	0	1
You are an expert in linguistics. Imagine a language that is the same as English only except that it uses the object-subject-verb order instead of the subject-verb-object order. Your task is to reconstruct the original sentence in English. You should only use the words in the same form as they appear in the given sentence.\nSentence: ava sue knows.\nLet's think step by step. Show the original sentence at the end with the prefix 'Original sentence: '.\n	Ava knows Sue.\nOriginal sentence: Sue knows Ava.	False	models/text-bison-001	None	None	None	0	1
You are an expert in linguistics. Imagine a language that is the same as English only except that it uses the object-subject-verb order instead of the subject-verb-object order. Your task is to reconstruct the original sentence in English. You should only use the words in the same form as they appear in the given sentence.\nSentence: liam sophie loves.\nLet's think step by step. Show the original sentence at the end with the prefix 'Original sentence: '.\n	Liam loves Sophie.\nOriginal sentence: Liam loves Sophie.	False	models/text-bison-001	None	None	None	0	1
You are an expert in linguistics. Imagine a language that is the same as English only except that it uses the object-subject-verb order instead of the subject-verb-object order. Your task is to reconstruct the original sentence in English. You should only use the words in the same form as they appear in the given sentence.\nSentence: jacob sue loves.\nLet's think step by step. Show the original sentence at the end with the prefix 'Original sentence: '.\n	Jacob loves Sue.\nOriginal sentence: Sue loves Jacob.	False	models/text-bison-001	None	None	None	0	1
You are an expert in linguistics. Imagine a language that is the same as English only except that it uses the object-subject-verb order instead of the subject-verb-object order. Your task is to reconstruct the original sentence in English. You should only use the words in the same form as they appear in the given sentence.\nSentence: olivia mary saw.\nLet's think step by step. Show the original sentence at the end with the prefix 'Original sentence: '.\n	Original sentence: Mary saw Olivia.	False	models/text-bison-001	None	None	None	0	1
You are an expert in linguistics. Imagine a language that is the same as English only except that it uses the object-subject-verb order instead of the subject-verb-object order. Your task is to reconstruct the original sentence in English. You should only use the words in the same form as they appear in the given sentence.\nSentence: ethan sue loves.\nLet's think step by step. Show the original sentence at the end with the prefix 'Original sentence: '.\n	Original sentence: Ethan loves Sue.	False	models/text-bison-001	None	None	None	0	1
You are an expert in linguistics. Imagine a language that is the same as English only except that it uses the object-subject-verb order instead of the subject-verb-object order. Your task is to reconstruct the original sentence in English. You should only use the words in the same form as they appear in the given sentence.\nSentence: noah sue loves.\nLet's think step by step. Show the original sentence at the end with the prefix 'Original sentence: '.\n	Original sentence: Sue loves Noah.	False	models/text-bison-001	None	None	None	0	1
You are an expert in linguistics. Imagine a language that is the same as English only except that it uses the object-subject-verb order instead of the subject-verb-object order. Your task is to reconstruct the original sentence in English. You should only use the words in the same form as they appear in the given sentence.\nSentence: emma bob saw.\nLet's think step by step. Show the original sentence at the end with the prefix 'Original sentence: '.\n	Step 1: Bob saw Emma.\nOriginal sentence: Bob saw Emma.	False	models/text-bison-001	None	None	None	0	1
You are an expert in linguistics. Imagine a language that is the same as English only except that it uses the object-subject-verb order instead of the subject-verb-object order. Your task is to reconstruct the original sentence in English. You should only use the words in the same form as they appear in the given sentence.\nSentence: ava sue sees.\nLet's think step by step. Show the original sentence at the end with the prefix 'Original sentence: '.\n	Ava sees Sue.\nOriginal sentence: Sue sees Ava.	False	models/text-bison-001	None	None	None	0	1
You are an expert in linguistics. Imagine a language that is the same as English only except that it uses the object-subject-verb order instead of the subject-verb-object order. Your task is to reconstruct the original sentence in English. You should only use the words in the same form as they appear in the given sentence.\nSentence: jacob john knows.\nLet's think step by step. Show the original sentence at the end with the prefix 'Original sentence: '.\n	Original sentence: John knows Jacob.	False	models/text-bison-001	None	None	None	0	1
You are an expert in linguistics. Imagine a language that is the same as English only except that it uses the object-subject-verb order instead of the subject-verb-object order. Your task is to reconstruct the original sentence in English. You should only use the words in the same form as they appear in the given sentence.\nSentence: ethan anna loves.\nLet's think step by step. Show the original sentence at the end with the prefix 'Original sentence: '.\n	Ethan loves Anna.\nOriginal sentence: Ethan loves Anna.	False	models/text-bison-001	None	None	None	0	1
You are an expert in linguistics. Imagine a language that is the same as English only except that it uses the object-subject-verb order instead of the subject-verb-object order. Your task is to reconstruct the original sentence in English. You should only use the words in the same form as they appear in the given sentence.\nSentence: noah tom loves.\nLet's think step by step. Show the original sentence at the end with the prefix 'Original sentence: '.\n	Original sentence: Tom loves Noah.	False	models/text-bison-001	None	None	None	0	1
You are an expert in linguistics. Imagine a language that is the same as English only except that it uses the object-subject-verb order instead of the subject-verb-object order. Your task is to reconstruct the original sentence in English. You should only use the words in the same form as they appear in the given sentence.\nSentence: olivia tim loves.\nLet's think step by step. Show the original sentence at the end with the prefix 'Original sentence: '.\n	Step 1: Tim loves Olivia.\nOriginal sentence: Tim loves Olivia.	False	models/text-bison-001	None	None	None	0	1
You are an expert in linguistics. Imagine a language that is the same as English only except that it uses the object-subject-verb order instead of the subject-verb-object order. Your task is to reconstruct the original sentence in English. You should only use the words in the same form as they appear in the given sentence.\nSentence: lucas tom knows.\nLet's think step by step. Show the original sentence at the end with the prefix 'Original sentence: '.\n	Tom knows Lucas.\nOriginal sentence: Tom knows Lucas.	False	models/text-bison-001	None	None	None	0	1
You are an expert in linguistics. Imagine a language that is the same as English only except that it uses the object-subject-verb order instead of the subject-verb-object order. Your task is to reconstruct the original sentence in English. You should only use the words in the same form as they appear in the given sentence.\nSentence: emma tim knows.\nLet's think step by step. Show the original sentence at the end with the prefix 'Original sentence: '.\n	Step 1: emma knows tim.\nStep 2: Original sentence: Tim knows Emma.	False	models/text-bison-001	None	None	None	0	1
You are an expert in linguistics. Imagine a language that is the same as English only except that it uses the object-subject-verb order instead of the subject-verb-object order. Your task is to reconstruct the original sentence in English. You should only use the words in the same form as they appear in the given sentence.\nSentence: noah alice sees.\nLet's think step by step. Show the original sentence at the end with the prefix 'Original sentence: '.\n	Original sentence: Alice sees Noah.	False	models/text-bison-001	None	None	None	0	1
You are an expert in linguistics. Imagine a language that is the same as English only except that it uses the object-subject-verb order instead of the subject-verb-object order. Your task is to reconstruct the original sentence in English. You should only use the words in the same form as they appear in the given sentence.\nSentence: noah sophie sees.\nLet's think step by step. Show the original sentence at the end with the prefix 'Original sentence: '.\n	Original sentence: Sophie sees Noah.	False	models/text-bison-001	None	None	None	0	1
You are an expert in linguistics. Imagine a language that is the same as English only except that it uses the object-subject-verb order instead of the subject-verb-object order. Your task is to reconstruct the original sentence in English. You should only use the words in the same form as they appear in the given sentence.\nSentence: jacob sue loves.\nLet's think step by step. Show the original sentence at the end with the prefix 'Original sentence: '.\n	Jacob loves Sue.\nOriginal sentence: Sue loves Jacob.	False	models/text-bison-001	None	None	None	0	1
You are an expert in linguistics. Imagine a language that is the same as English only except that it uses the object-subject-verb order instead of the subject-verb-object order. Your task is to reconstruct the original sentence in English. You should only use the words in the same form as they appear in the given sentence.\nSentence: emma alice calls.\nLet's think step by step. Show the original sentence at the end with the prefix 'Original sentence: '.\n	Emma calls Alice.\nOriginal sentence: Alice calls Emma.	False	models/text-bison-001	None	None	None	0	1
You are an expert in linguistics. Imagine a language that is the same as English only except that it uses the object-subject-verb order instead of the subject-verb-object order. Your task is to reconstruct the original sentence in English. You should only use the words in the same form as they appear in the given sentence.\nSentence: lucas jim calls.\nLet's think step by step. Show the original sentence at the end with the prefix 'Original sentence: '.\n	Lucas calls Jim.\nOriginal sentence: Lucas calls Jim.	False	models/text-bison-001	None	None	None	0	1
You are an expert in linguistics. Imagine a language that is the same as English only except that it uses the object-subject-verb order instead of the subject-verb-object order. Your task is to reconstruct the original sentence in English. You should only use the words in the same form as they appear in the given sentence.\nSentence: mia john sees.\nLet's think step by step. Show the original sentence at the end with the prefix 'Original sentence: '.\n	Original sentence: John sees Mia.	False	models/text-bison-001	None	None	None	0	1
You are an expert in linguistics. Imagine a language that is the same as English only except that it uses the object-subject-verb order instead of the subject-verb-object order. Your task is to reconstruct the original sentence in English. You should only use the words in the same form as they appear in the given sentence.\nSentence: jacob alice sees.\nLet's think step by step. Show the original sentence at the end with the prefix 'Original sentence: '.\n	Original sentence: Alice sees Jacob.	False	models/text-bison-001	None	None	None	0	1
You are an expert in linguistics. Imagine a language that is the same as English only except that it uses the object-subject-verb order instead of the subject-verb-object order. Your task is to reconstruct the original sentence in English. You should only use the words in the same form as they appear in the given sentence.\nSentence: liam anna knows.\nLet's think step by step. Show the original sentence at the end with the prefix 'Original sentence: '.\n	Liam knows Anna.\nOriginal sentence: Liam knows Anna.	False	models/text-bison-001	None	None	None	0	1
You are an expert in linguistics. Imagine a language that is the same as English only except that it uses the object-subject-verb order instead of the subject-verb-object order. Your task is to reconstruct the original sentence in English. You should only use the words in the same form as they appear in the given sentence.\nSentence: ethan sue sees.\nLet's think step by step. Show the original sentence at the end with the prefix 'Original sentence: '.\n	Original sentence: Ethan sees Sue.	False	models/text-bison-001	None	None	None	0	1
You are an expert in linguistics. Imagine a language that is the same as English only except that it uses the object-subject-verb order instead of the subject-verb-object order. Your task is to reconstruct the original sentence in English. You should only use the words in the same form as they appear in the given sentence.\nSentence: jacob tom loves.\nLet's think step by step. Show the original sentence at the end with the prefix 'Original sentence: '.\n	Jacob loves Tom.\nOriginal sentence: Tom loves Jacob.	False	models/text-bison-001	None	None	None	0	1
You are an expert in linguistics. Imagine a language that is the same as English only except that it uses the object-subject-verb order instead of the subject-verb-object order. Your task is to reconstruct the original sentence in English. You should only use the words in the same form as they appear in the given sentence.\nSentence: emma john saw.\nLet's think step by step. Show the original sentence at the end with the prefix 'Original sentence: '.\n	Original sentence: John saw Emma.	False	models/text-bison-001	None	None	None	0	1
You are an expert in linguistics. Imagine a language that is the same as English only except that it uses the object-subject-verb order instead of the subject-verb-object order. Your task is to reconstruct the original sentence in English. You should only use the words in the same form as they appear in the given sentence.\nSentence: jacob anna knows.\nLet's think step by step. Show the original sentence at the end with the prefix 'Original sentence: '.\n	Jacob knows Anna.\nOriginal sentence: Anna knows Jacob.	False	models/text-bison-001	None	None	None	0	1
You are an expert in linguistics. Imagine a language that is the same as English only except that it uses the object-subject-verb order instead of the subject-verb-object order. Your task is to reconstruct the original sentence in English. You should only use the words in the same form as they appear in the given sentence.\nSentence: olivia tim knows.\nLet's think step by step. Show the original sentence at the end with the prefix 'Original sentence: '.\n	Step 1: Tim knows Olivia.\nOriginal sentence: Tim knows Olivia.	False	models/text-bison-001	None	None	None	0	1
You are an expert in linguistics. Imagine a language that is the same as English only except that it uses the object-subject-verb order instead of the subject-verb-object order. Your task is to reconstruct the original sentence in English. You should only use the words in the same form as they appear in the given sentence.\nSentence: mia sophie saw.\nLet's think step by step. Show the original sentence at the end with the prefix 'Original sentence: '.\n	Original sentence: Sophie saw Mia.	False	models/text-bison-001	None	None	None	0	1
You are an expert in linguistics. Imagine a language that is the same as English only except that it uses the object-subject-verb order instead of the subject-verb-object order. Your task is to reconstruct the original sentence in English. You should only use the words in the same form as they appear in the given sentence.\nSentence: olivia anna loves.\nLet's think step by step. Show the original sentence at the end with the prefix 'Original sentence: '.\n	Olivia loves Anna.\nOriginal sentence: Anna loves Olivia.	False	models/text-bison-001	None	None	None	0	1
You are an expert in linguistics. Imagine a language that is the same as English only except that it uses the object-subject-verb order instead of the subject-verb-object order. Your task is to reconstruct the original sentence in English. You should only use the words in the same form as they appear in the given sentence.\nSentence: emma sue knows.\nLet's think step by step. Show the original sentence at the end with the prefix 'Original sentence: '.\n	Original sentence: Sue knows Emma.	False	models/text-bison-001	None	None	None	0	1
You are an expert in linguistics. Imagine a language that is the same as English only except that it uses the object-subject-verb order instead of the subject-verb-object order. Your task is to reconstruct the original sentence in English. You should only use the words in the same form as they appear in the given sentence.\nSentence: mia anna saw.\nLet's think step by step. Show the original sentence at the end with the prefix 'Original sentence: '.\n	Original sentence: Anna saw Mia.	False	models/text-bison-001	None	None	None	0	1
You are an expert in linguistics. Imagine a language that is the same as English only except that it uses the object-subject-verb order instead of the subject-verb-object order. Your task is to reconstruct the original sentence in English. You should only use the words in the same form as they appear in the given sentence.\nSentence: lucas bob sees.\nLet's think step by step. Show the original sentence at the end with the prefix 'Original sentence: '.\n	Lucas sees Bob.\nOriginal sentence: Bob sees Lucas.	False	models/text-bison-001	None	None	None	0	1
You are an expert in linguistics. Imagine a language that is the same as English only except that it uses the object-subject-verb order instead of the subject-verb-object order. Your task is to reconstruct the original sentence in English. You should only use the words in the same form as they appear in the given sentence.\nSentence: liam tim knows.\nLet's think step by step. Show the original sentence at the end with the prefix 'Original sentence: '.\n	Original sentence: Tim knows Liam.	False	models/text-bison-001	None	None	None	0	1
You are an expert in linguistics. Imagine a language that is the same as English only except that it uses the object-subject-verb order instead of the subject-verb-object order. Your task is to reconstruct the original sentence in English. You should only use the words in the same form as they appear in the given sentence.\nSentence: olivia anna knows.\nLet's think step by step. Show the original sentence at the end with the prefix 'Original sentence: '.\n		False	models/text-bison-001	None	None	None	0	1
You are an expert in linguistics. Imagine a language that is the same as English only except that it uses the object-subject-verb order instead of the subject-verb-object order. Your task is to reconstruct the original sentence in English. You should only use the words in the same form as they appear in the given sentence.\nSentence: jacob sue saw.\nLet's think step by step. Show the original sentence at the end with the prefix 'Original sentence: '.\n	Original sentence: Saw Jacob Sue.	False	models/text-bison-001	None	None	None	0	1
You are an expert in linguistics. Imagine a language that is the same as English only except that it uses the object-subject-verb order instead of the subject-verb-object order. Your task is to reconstruct the original sentence in English. You should only use the words in the same form as they appear in the given sentence.\nSentence: ava alice sees.\nLet's think step by step. Show the original sentence at the end with the prefix 'Original sentence: '.\n	Alice sees Ava.\nOriginal sentence: Alice sees Ava.	False	models/text-bison-001	None	None	None	0	1
You are an expert in linguistics. Imagine a language that is the same as English only except that it uses the object-subject-verb order instead of the subject-verb-object order. Your task is to reconstruct the original sentence in English. You should only use the words in the same form as they appear in the given sentence.\nSentence: noah bob loves.\nLet's think step by step. Show the original sentence at the end with the prefix 'Original sentence: '.\n	Original sentence: Bob loves Noah.	False	models/text-bison-001	None	None	None	0	1
You are an expert in linguistics. Imagine a language that is the same as English only except that it uses the object-subject-verb order instead of the subject-verb-object order. Your task is to reconstruct the original sentence in English. You should only use the words in the same form as they appear in the given sentence.\nSentence: noah mary sees.\nLet's think step by step. Show the original sentence at the end with the prefix 'Original sentence: '.\n	Original sentence: Noah sees Mary.	False	models/text-bison-001	None	None	None	0	1
You are an expert in linguistics. Imagine a language that is the same as English only except that it uses the object-subject-verb order instead of the subject-verb-object order. Your task is to reconstruct the original sentence in English. You should only use the words in the same form as they appear in the given sentence.\nSentence: liam mary saw.\nLet's think step by step. Show the original sentence at the end with the prefix 'Original sentence: '.\n	Liam saw Mary.\nOriginal sentence: Liam saw Mary.	False	models/text-bison-001	None	None	None	0	1
You are an expert in linguistics. Imagine a language that is the same as English only except that it uses the object-subject-verb order instead of the subject-verb-object order. Your task is to reconstruct the original sentence in English. You should only use the words in the same form as they appear in the given sentence.\nSentence: emily mary saw.\nLet's think step by step. Show the original sentence at the end with the prefix 'Original sentence: '.\n	Original sentence: Mary saw Emily.	False	models/text-bison-001	None	None	None	0	1
