You are an expert in linguistics. Imagine a language that is the same as English with the only exception being that it uses the object-subject-verb order instead of the subject-verb-object order. Your task is to identify the main verb and the main subject in a sentence in this imaginary language.\nShow the main verb (a single word) and its subject (also a single word) after the prefix 'Main verb and subject: '.\nSentence: he believes in what he plays , and he plays superbly .\n	Main verb and subject: plays he	False	gpt-3.5-turbo-0301	None	None	None	0	1
You are an expert in linguistics. Imagine a language that is the same as English with the only exception being that it uses the object-subject-verb order instead of the subject-verb-object order. Your task is to identify the main verb and the main subject in a sentence in this imaginary language.\nShow the main verb (a single word) and its subject (also a single word) after the prefix 'Main verb and subject: '.\nSentence: it felt more like a party , or a highly polished jam session with a few friends , than a classical concert .\n	Main verb and subject: felt - it	False	gpt-3.5-turbo-0301	None	None	None	0	1
You are an expert in linguistics. Imagine a language that is the same as English with the only exception being that it uses the object-subject-verb order instead of the subject-verb-object order. Your task is to identify the main verb and the main subject in a sentence in this imaginary language.\nShow the main verb (a single word) and its subject (also a single word) after the prefix 'Main verb and subject: '.\nSentence: it was not an unpleasant evening , certainly , thanks to the high level of performance , the compositional talents of mr. douglas , and the obvious sincerity with which his selections mr. stoltzman chooses .\n	Main verb and subject: chooses, Mr. Stoltzman	False	gpt-3.5-turbo-0301	None	None	None	0	1
You are an expert in linguistics. Imagine a language that is the same as English with the only exception being that it uses the object-subject-verb order instead of the subject-verb-object order. Your task is to identify the main verb and the main subject in a sentence in this imaginary language.\nShow the main verb (a single word) and its subject (also a single word) after the prefix 'Main verb and subject: '.\nSentence: but it was neither deep nor lasting : light entertainment that was no substitute for an evening of brahms .\n	Main verb and subject: was - it	False	gpt-3.5-turbo-0301	None	None	None	0	1
You are an expert in linguistics. Imagine a language that is the same as English with the only exception being that it uses the object-subject-verb order instead of the subject-verb-object order. Your task is to identify the main verb and the main subject in a sentence in this imaginary language.\nShow the main verb (a single word) and its subject (also a single word) after the prefix 'Main verb and subject: '.\nSentence: this is the u.n. group that its own charter of education , science and culture promoting to traduce managed .\n	Main verb and subject: promoting - group	False	gpt-3.5-turbo-0301	None	None	None	0	1
You are an expert in linguistics. Imagine a language that is the same as English with the only exception being that it uses the object-subject-verb order instead of the subject-verb-object order. Your task is to identify the main verb and the main subject in a sentence in this imaginary language.\nShow the main verb (a single word) and its subject (also a single word) after the prefix 'Main verb and subject: '.\nSentence: but we can think of many reasons out to stay for the foreseeable future and well beyond .\n	Main verb and subject: think, we	False	gpt-3.5-turbo-0301	None	None	None	0	1
You are an expert in linguistics. Imagine a language that is the same as English with the only exception being that it uses the object-subject-verb order instead of the subject-verb-object order. Your task is to identify the main verb and the main subject in a sentence in this imaginary language.\nShow the main verb (a single word) and its subject (also a single word) after the prefix 'Main verb and subject: '.\nSentence: an even stronger argument against unesco than its unsurprising failure to reform we see .\n	Main verb and subject: see we	False	gpt-3.5-turbo-0301	None	None	None	0	1
You are an expert in linguistics. Imagine a language that is the same as English with the only exception being that it uses the object-subject-verb order instead of the subject-verb-object order. Your task is to identify the main verb and the main subject in a sentence in this imaginary language.\nShow the main verb (a single word) and its subject (also a single word) after the prefix 'Main verb and subject: '.\nSentence: that the power of ideas unencumbered by international civil servants or government functionaries the reagan revolution eastern europe and tiananmen square spanning shows this is .\n	Main verb and subject: shows this	False	gpt-3.5-turbo-0301	None	None	None	0	1
You are an expert in linguistics. Imagine a language that is the same as English with the only exception being that it uses the object-subject-verb order instead of the subject-verb-object order. Your task is to identify the main verb and the main subject in a sentence in this imaginary language.\nShow the main verb (a single word) and its subject (also a single word) after the prefix 'Main verb and subject: '.\nSentence: plenty of reasons to stay out , and none unesco to rejoin we can see .\n	Main verb and subject: can see, we	False	gpt-3.5-turbo-0301	None	None	None	0	1
You are an expert in linguistics. Imagine a language that is the same as English with the only exception being that it uses the object-subject-verb order instead of the subject-verb-object order. Your task is to identify the main verb and the main subject in a sentence in this imaginary language.\nShow the main verb (a single word) and its subject (also a single word) after the prefix 'Main verb and subject: '.\nSentence: a second gene , for herbicide resistance , they attached to the pollen-inhibiting gene .\n	Main verb and subject: attached, they	False	gpt-3.5-turbo-0301	None	None	None	0	1
You are an expert in linguistics. Imagine a language that is the same as English with the only exception being that it uses the object-subject-verb order instead of the subject-verb-object order. Your task is to identify the main verb and the main subject in a sentence in this imaginary language.\nShow the main verb (a single word) and its subject (also a single word) after the prefix 'Main verb and subject: '.\nSentence: the company is experimenting with the technique on alfalfa , and cotton and corn , among other crops to include plans he said .\n	Main verb and subject: experimenting - company	False	gpt-3.5-turbo-0301	None	None	None	0	1
You are an expert in linguistics. Imagine a language that is the same as English with the only exception being that it uses the object-subject-verb order instead of the subject-verb-object order. Your task is to identify the main verb and the main subject in a sentence in this imaginary language.\nShow the main verb (a single word) and its subject (also a single word) after the prefix 'Main verb and subject: '.\nSentence: today is the debut of the senior professional baseball association , a new eight-team pro sports circuit , modeled after the highly successful senior tennis and golf tours and complete with good salaries , a cable television contract and even expansion plans .\n	Main verb and subject: debut is	False	gpt-3.5-turbo-0301	None	None	None	0	1
You are an expert in linguistics. Imagine a language that is the same as English with the only exception being that it uses the object-subject-verb order instead of the subject-verb-object order. Your task is to identify the main verb and the main subject in a sentence in this imaginary language.\nShow the main verb (a single word) and its subject (also a single word) after the prefix 'Main verb and subject: '.\nSentence: midmorning , an orange-and-blue uniform he dons and , for fun , a bunt from dave kingman may field .\n	Main verb and subject: dons, he	False	gpt-3.5-turbo-0301	None	None	None	0	1
You are an expert in linguistics. Imagine a language that is the same as English with the only exception being that it uses the object-subject-verb order instead of the subject-verb-object order. Your task is to identify the main verb and the main subject in a sentence in this imaginary language.\nShow the main verb (a single word) and its subject (also a single word) after the prefix 'Main verb and subject: '.\nSentence: these days he hustles to house-painting jobs in his chevy pickup before and after training with the tropics .\n	Main verb and subject: hustles, he.	False	gpt-3.5-turbo-0301	None	None	None	0	1
You are an expert in linguistics. Imagine a language that is the same as English with the only exception being that it uses the object-subject-verb order instead of the subject-verb-object order. Your task is to identify the main verb and the main subject in a sentence in this imaginary language.\nShow the main verb (a single word) and its subject (also a single word) after the prefix 'Main verb and subject: '.\nSentence: some have been training for months ; active status others only recently left .\n	Main verb and subject: training - some	False	gpt-3.5-turbo-0301	None	None	None	0	1
You are an expert in linguistics. Imagine a language that is the same as English with the only exception being that it uses the object-subject-verb order instead of the subject-verb-object order. Your task is to identify the main verb and the main subject in a sentence in this imaginary language.\nShow the main verb (a single word) and its subject (also a single word) after the prefix 'Main verb and subject: '.\nSentence: the plate he no longer crowds .\n	Main verb and subject: crowds, plate.	False	gpt-3.5-turbo-0301	None	None	None	0	1
You are an expert in linguistics. Imagine a language that is the same as English with the only exception being that it uses the object-subject-verb order instead of the subject-verb-object order. Your task is to identify the main verb and the main subject in a sentence in this imaginary language.\nShow the main verb (a single word) and its subject (also a single word) after the prefix 'Main verb and subject: '.\nSentence: a wad of red man stuffing into his cheek , a slowball the fastball he brought into the majors in 1955 has become he admits .\n	Main verb and subject: admits he	False	gpt-3.5-turbo-0301	None	None	None	0	1
You are an expert in linguistics. Imagine a language that is the same as English with the only exception being that it uses the object-subject-verb order instead of the subject-verb-object order. Your task is to identify the main verb and the main subject in a sentence in this imaginary language.\nShow the main verb (a single word) and its subject (also a single word) after the prefix 'Main verb and subject: '.\nSentence: he will compensate with the guile learned from his years in the majors .\n	Main verb and subject: compensate he	False	gpt-3.5-turbo-0301	None	None	None	0	1
You are an expert in linguistics. Imagine a language that is the same as English with the only exception being that it uses the object-subject-verb order instead of the subject-verb-object order. Your task is to identify the main verb and the main subject in a sentence in this imaginary language.\nShow the main verb (a single word) and its subject (also a single word) after the prefix 'Main verb and subject: '.\nSentence: good control he has .\n	Main verb and subject: has, he.	False	gpt-3.5-turbo-0301	None	None	None	0	1
You are an expert in linguistics. Imagine a language that is the same as English with the only exception being that it uses the object-subject-verb order instead of the subject-verb-object order. Your task is to identify the main verb and the main subject in a sentence in this imaginary language.\nShow the main verb (a single word) and its subject (also a single word) after the prefix 'Main verb and subject: '.\nSentence: 45 % of the franchise , which operations in aiken , s.c. , and augusta , ga has alltel holds .\n	Main verb and subject: holds - alltel	False	gpt-3.5-turbo-0301	None	None	None	0	1
You are an expert in linguistics. Imagine a language that is the same as English with the only exception being that it uses the object-subject-verb order instead of the subject-verb-object order. Your task is to identify the main verb and the main subject in a sentence in this imaginary language.\nShow the main verb (a single word) and its subject (also a single word) after the prefix 'Main verb and subject: '.\nSentence: reserves traded among commercial banks for overnight use in amounts of $ 1 million or more .\n	Main verb and subject: traded reserves	False	gpt-3.5-turbo-0301	None	None	None	0	1
You are an expert in linguistics. Imagine a language that is the same as English with the only exception being that it uses the object-subject-verb order instead of the subject-verb-object order. Your task is to identify the main verb and the main subject in a sentence in this imaginary language.\nShow the main verb (a single word) and its subject (also a single word) after the prefix 'Main verb and subject: '.\nSentence: a 2.6 % decline in its raw-materials price index for september it also reported .\n	Main verb and subject: reported, it	False	gpt-3.5-turbo-0301	None	None	None	0	1
You are an expert in linguistics. Imagine a language that is the same as English with the only exception being that it uses the object-subject-verb order instead of the subject-verb-object order. Your task is to identify the main verb and the main subject in a sentence in this imaginary language.\nShow the main verb (a single word) and its subject (also a single word) after the prefix 'Main verb and subject: '.\nSentence: seats currently are quoted at $ 400,000 bid , $ 425,000 asked .\n	Main verb and subject: quoted seats	False	gpt-3.5-turbo-0301	None	None	None	0	1
You are an expert in linguistics. Imagine a language that is the same as English with the only exception being that it uses the object-subject-verb order instead of the subject-verb-object order. Your task is to identify the main verb and the main subject in a sentence in this imaginary language.\nShow the main verb (a single word) and its subject (also a single word) after the prefix 'Main verb and subject: '.\nSentence: a friendly transaction with jaguar that joint ventures and an eventual stake of just under 30 % likely would involve gm has been negotiating .\n	Main verb and subject: negotiating and gm.	False	gpt-3.5-turbo-0301	None	None	None	0	1
You are an expert in linguistics. Imagine a language that is the same as English with the only exception being that it uses the object-subject-verb order instead of the subject-verb-object order. Your task is to identify the main verb and the main subject in a sentence in this imaginary language.\nShow the main verb (a single word) and its subject (also a single word) after the prefix 'Main verb and subject: '.\nSentence: the first move ford will make , perhaps today , with an initial offer of about 900 pence ( $ 14.25 ) a share analysts expect .\n	Main verb and subject: expect analysts	False	gpt-3.5-turbo-0301	None	None	None	0	1
You are an expert in linguistics. Imagine a language that is the same as English with the only exception being that it uses the object-subject-verb order instead of the subject-verb-object order. Your task is to identify the main verb and the main subject in a sentence in this imaginary language.\nShow the main verb (a single word) and its subject (also a single word) after the prefix 'Main verb and subject: '.\nSentence: in a prepared statement , its plans for jaguar would be more valuable in the long run than the initial windfalls investors might reap from a hostile ford bid gm suggested .\n	Main verb and subject: suggested, gm	False	gpt-3.5-turbo-0301	None	None	None	0	1
You are an expert in linguistics. Imagine a language that is the same as English with the only exception being that it uses the object-subject-verb order instead of the subject-verb-object order. Your task is to identify the main verb and the main subject in a sentence in this imaginary language.\nShow the main verb (a single word) and its subject (also a single word) after the prefix 'Main verb and subject: '.\nSentence: 60 % of the venture dow will own , with the rest eli lilly holding .\n	Main verb and subject: own and dow	False	gpt-3.5-turbo-0301	None	None	None	0	1
You are an expert in linguistics. Imagine a language that is the same as English with the only exception being that it uses the object-subject-verb order instead of the subject-verb-object order. Your task is to identify the main verb and the main subject in a sentence in this imaginary language.\nShow the main verb (a single word) and its subject (also a single word) after the prefix 'Main verb and subject: '.\nSentence: a hostile tender offer by dpc acquisition partners , a group led by new york-based crescott investments associates dataproducts is fighting .\n	Main verb and subject: fighting, Dataproducts	False	gpt-3.5-turbo-0301	None	None	None	0	1
You are an expert in linguistics. Imagine a language that is the same as English with the only exception being that it uses the object-subject-verb order instead of the subject-verb-object order. Your task is to identify the main verb and the main subject in a sentence in this imaginary language.\nShow the main verb (a single word) and its subject (also a single word) after the prefix 'Main verb and subject: '.\nSentence: but trading was very sketchy , as wary investment decision makers remain from gyrations and upsets of recent weeks .\n	Main verb and subject: was trading	False	gpt-3.5-turbo-0301	None	None	None	0	1
You are an expert in linguistics. Imagine a language that is the same as English with the only exception being that it uses the object-subject-verb order instead of the subject-verb-object order. Your task is to identify the main verb and the main subject in a sentence in this imaginary language.\nShow the main verb (a single word) and its subject (also a single word) after the prefix 'Main verb and subject: '.\nSentence: despite the modest gains , dull the market remains , with investors remaining cautiously on the sidelines traders said .\n	Main verb and subject: remains market	False	gpt-3.5-turbo-0301	None	None	None	0	1
You are an expert in linguistics. Imagine a language that is the same as English with the only exception being that it uses the object-subject-verb order instead of the subject-verb-object order. Your task is to identify the main verb and the main subject in a sentence in this imaginary language.\nShow the main verb (a single word) and its subject (also a single word) after the prefix 'Main verb and subject: '.\nSentence: prices were mixed in zurich and lower in stockholm .\n	Main verb and subject: were prices	False	gpt-3.5-turbo-0301	None	None	None	0	1
You are an expert in linguistics. Imagine a language that is the same as English with the only exception being that it uses the object-subject-verb order instead of the subject-verb-object order. Your task is to identify the main verb and the main subject in a sentence in this imaginary language.\nShow the main verb (a single word) and its subject (also a single word) after the prefix 'Main verb and subject: '.\nSentence: stocks closed higher in hong kong , manila , singapore , sydney and wellington , but were lower in seoul .\n	Main verb and subject: closed and stocks.	False	gpt-3.5-turbo-0301	None	None	None	0	1
You are an expert in linguistics. Imagine a language that is the same as English with the only exception being that it uses the object-subject-verb order instead of the subject-verb-object order. Your task is to identify the main verb and the main subject in a sentence in this imaginary language.\nShow the main verb (a single word) and its subject (also a single word) after the prefix 'Main verb and subject: '.\nSentence: taipei was closed for a holiday .\n	Main verb and subject: closed Taipei	False	gpt-3.5-turbo-0301	None	None	None	0	1
You are an expert in linguistics. Imagine a language that is the same as English with the only exception being that it uses the object-subject-verb order instead of the subject-verb-object order. Your task is to identify the main verb and the main subject in a sentence in this imaginary language.\nShow the main verb (a single word) and its subject (also a single word) after the prefix 'Main verb and subject: '.\nSentence: being a major source of price pressure summer drought problems that several southern agricultural regions had hit had stopped in september he said .\n	Main verb and subject: stopped, drought problems	False	gpt-3.5-turbo-0301	None	None	None	0	1
You are an expert in linguistics. Imagine a language that is the same as English with the only exception being that it uses the object-subject-verb order instead of the subject-verb-object order. Your task is to identify the main verb and the main subject in a sentence in this imaginary language.\nShow the main verb (a single word) and its subject (also a single word) after the prefix 'Main verb and subject: '.\nSentence: its unit is the fifth-largest provider of long-distance communications service in the u.s. , with projected 1989 revenue of more than $ 550 million metromedia said .\n	Main verb and subject: said - metromedia	False	gpt-3.5-turbo-0301	None	None	None	0	1
You are an expert in linguistics. Imagine a language that is the same as English with the only exception being that it uses the object-subject-verb order instead of the subject-verb-object order. Your task is to identify the main verb and the main subject in a sentence in this imaginary language.\nShow the main verb (a single word) and its subject (also a single word) after the prefix 'Main verb and subject: '.\nSentence: the average six-month yield on a jumbo cd was at 7.90 % , down from 7.93 % , banxquote said .\n	Main verb and subject: said - banxquote	False	gpt-3.5-turbo-0301	None	None	None	0	1
You are an expert in linguistics. Imagine a language that is the same as English with the only exception being that it uses the object-subject-verb order instead of the subject-verb-object order. Your task is to identify the main verb and the main subject in a sentence in this imaginary language.\nShow the main verb (a single word) and its subject (also a single word) after the prefix 'Main verb and subject: '.\nSentence: for longer-term cds , yields were up .\n	Main verb and subject: were yields	False	gpt-3.5-turbo-0301	None	None	None	0	1
You are an expert in linguistics. Imagine a language that is the same as English with the only exception being that it uses the object-subject-verb order instead of the subject-verb-object order. Your task is to identify the main verb and the main subject in a sentence in this imaginary language.\nShow the main verb (a single word) and its subject (also a single word) after the prefix 'Main verb and subject: '.\nSentence: the naggings of a culture imperative feeling , i promptly signed up .\n	Main verb and subject: signed I	False	gpt-3.5-turbo-0301	None	None	None	0	1
You are an expert in linguistics. Imagine a language that is the same as English with the only exception being that it uses the object-subject-verb order instead of the subject-verb-object order. Your task is to identify the main verb and the main subject in a sentence in this imaginary language.\nShow the main verb (a single word) and its subject (also a single word) after the prefix 'Main verb and subject: '.\nSentence: we were coming down straight into their canal .\n	Main verb and subject: coming we	False	gpt-3.5-turbo-0301	None	None	None	0	1
You are an expert in linguistics. Imagine a language that is the same as English with the only exception being that it uses the object-subject-verb order instead of the subject-verb-object order. Your task is to identify the main verb and the main subject in a sentence in this imaginary language.\nShow the main verb (a single word) and its subject (also a single word) after the prefix 'Main verb and subject: '.\nSentence: i looked at my watch .\n	Main verb and subject: looked I	False	gpt-3.5-turbo-0301	None	None	None	0	1
You are an expert in linguistics. Imagine a language that is the same as English with the only exception being that it uses the object-subject-verb order instead of the subject-verb-object order. Your task is to identify the main verb and the main subject in a sentence in this imaginary language.\nShow the main verb (a single word) and its subject (also a single word) after the prefix 'Main verb and subject: '.\nSentence: a whole morning of ballooning and i had been off the ground barely 30 minutes .\n	Main verb and subject: had and I.	False	gpt-3.5-turbo-0301	None	None	None	0	1
You are an expert in linguistics. Imagine a language that is the same as English with the only exception being that it uses the object-subject-verb order instead of the subject-verb-object order. Your task is to identify the main verb and the main subject in a sentence in this imaginary language.\nShow the main verb (a single word) and its subject (also a single word) after the prefix 'Main verb and subject: '.\nSentence: at the same time , that the possibility of a conventional soviet attack a reduction of nato forces under a treaty will increase unless a residual force of nuclear weapons the west retains in europe they contend .\n	Main verb and subject: contend, they	False	gpt-3.5-turbo-0301	None	None	None	0	1
You are an expert in linguistics. Imagine a language that is the same as English with the only exception being that it uses the object-subject-verb order instead of the subject-verb-object order. Your task is to identify the main verb and the main subject in a sentence in this imaginary language.\nShow the main verb (a single word) and its subject (also a single word) after the prefix 'Main verb and subject: '.\nSentence: tanks currently are defined as armored vehicles 25 tons or more weighing large guns that carry .\n	Main verb and subject: defined and tanks.	False	gpt-3.5-turbo-0301	None	None	None	0	1
You are an expert in linguistics. Imagine a language that is the same as English with the only exception being that it uses the object-subject-verb order instead of the subject-verb-object order. Your task is to identify the main verb and the main subject in a sentence in this imaginary language.\nShow the main verb (a single word) and its subject (also a single word) after the prefix 'Main verb and subject: '.\nSentence: its control to increase when results were sluggish in a given country coke has tended .\n	Main verb and subject: tended and coke.	False	gpt-3.5-turbo-0301	None	None	None	0	1
You are an expert in linguistics. Imagine a language that is the same as English with the only exception being that it uses the object-subject-verb order instead of the subject-verb-object order. Your task is to identify the main verb and the main subject in a sentence in this imaginary language.\nShow the main verb (a single word) and its subject (also a single word) after the prefix 'Main verb and subject: '.\nSentence: nonvoting preferred shares , which are quoted on the milan stock exchange ifi also has .\n	Main verb and subject: has - ifi	False	gpt-3.5-turbo-0301	None	None	None	0	1
You are an expert in linguistics. Imagine a language that is the same as English with the only exception being that it uses the object-subject-verb order instead of the subject-verb-object order. Your task is to identify the main verb and the main subject in a sentence in this imaginary language.\nShow the main verb (a single word) and its subject (also a single word) after the prefix 'Main verb and subject: '.\nSentence: financing of 300 billion lire it raised for the purchase this summer by another agnelli-related group of the food concern galbani s.p . a. , by a chunk of its ifi shares selling to mediobanca s.p . a.\n	Main verb and subject: raised - it	False	gpt-3.5-turbo-0301	None	None	None	0	1
You are an expert in linguistics. Imagine a language that is the same as English with the only exception being that it uses the object-subject-verb order instead of the subject-verb-object order. Your task is to identify the main verb and the main subject in a sentence in this imaginary language.\nShow the main verb (a single word) and its subject (also a single word) after the prefix 'Main verb and subject: '.\nSentence: and such activities it treats in a frivolous , cavalier fashion , with total indifference to common sense and public safety .\n	Main verb and subject: treats and it	False	gpt-3.5-turbo-0301	None	None	None	0	1
You are an expert in linguistics. Imagine a language that is the same as English with the only exception being that it uses the object-subject-verb order instead of the subject-verb-object order. Your task is to identify the main verb and the main subject in a sentence in this imaginary language.\nShow the main verb (a single word) and its subject (also a single word) after the prefix 'Main verb and subject: '.\nSentence: that the training wage was a way of employers less than the minimum wage to pay , while new workers need far less than six months to be trained for their jobs allowing democrats argued .\n	Main verb and subject: argued Democrats	False	gpt-3.5-turbo-0301	None	None	None	0	1
You are an expert in linguistics. Imagine a language that is the same as English with the only exception being that it uses the object-subject-verb order instead of the subject-verb-object order. Your task is to identify the main verb and the main subject in a sentence in this imaginary language.\nShow the main verb (a single word) and its subject (also a single word) after the prefix 'Main verb and subject: '.\nSentence: the white house to compromise on the wage issue republicans have been imploring .\n	Main verb and subject: imploring republicans	False	gpt-3.5-turbo-0301	None	None	None	0	1
You are an expert in linguistics. Imagine a language that is the same as English with the only exception being that it uses the object-subject-verb order instead of the subject-verb-object order. Your task is to identify the main verb and the main subject in a sentence in this imaginary language.\nShow the main verb (a single word) and its subject (also a single word) after the prefix 'Main verb and subject: '.\nSentence: armstrong proceeds of the sale to use debt to reduce , stock buy back or an acquisition perhaps finance analysts expect .\n	Main verb and subject: expect analysts	False	gpt-3.5-turbo-0301	None	None	None	0	1
You are an expert in linguistics. Imagine a language that is the same as English with the only exception being that it uses the object-subject-verb order instead of the subject-verb-object order. Your task is to identify the main verb and the main subject in a sentence in this imaginary language.\nShow the main verb (a single word) and its subject (also a single word) after the prefix 'Main verb and subject: '.\nSentence: the planned transaction analysts hailed as being beneficial to armstrong and shaw , the market leader in the u.s. carpet industry , with an estimated 17 % to 20 % share .\n	Main verb and subject: hailed analysts	False	gpt-3.5-turbo-0301	None	None	None	0	1
You are an expert in linguistics. Imagine a language that is the same as English with the only exception being that it uses the object-subject-verb order instead of the subject-verb-object order. Your task is to identify the main verb and the main subject in a sentence in this imaginary language.\nShow the main verb (a single word) and its subject (also a single word) after the prefix 'Main verb and subject: '.\nSentence: yesterday , flat earnings for the third quarter and nine months , worsened by the stock dilution of an employee stock ownership plan adopted earlier this year armstrong reported .\n	Main verb and subject: reported, Armstrong	False	gpt-3.5-turbo-0301	None	None	None	0	1
You are an expert in linguistics. Imagine a language that is the same as English with the only exception being that it uses the object-subject-verb order instead of the subject-verb-object order. Your task is to identify the main verb and the main subject in a sentence in this imaginary language.\nShow the main verb (a single word) and its subject (also a single word) after the prefix 'Main verb and subject: '.\nSentence: for the quarter , earnings were $ 47 million , or 92 cents a share , including a one-time gain of $ 5.9 million .\n	Main verb and subject: were earnings	False	gpt-3.5-turbo-0301	None	None	None	0	1
You are an expert in linguistics. Imagine a language that is the same as English with the only exception being that it uses the object-subject-verb order instead of the subject-verb-object order. Your task is to identify the main verb and the main subject in a sentence in this imaginary language.\nShow the main verb (a single word) and its subject (also a single word) after the prefix 'Main verb and subject: '.\nSentence: in the year-ago quarter , earnings were $ 42.9 million , or 93 cents a share .\n	Main verb and subject: were earnings	False	gpt-3.5-turbo-0301	None	None	None	0	1
You are an expert in linguistics. Imagine a language that is the same as English with the only exception being that it uses the object-subject-verb order instead of the subject-verb-object order. Your task is to identify the main verb and the main subject in a sentence in this imaginary language.\nShow the main verb (a single word) and its subject (also a single word) after the prefix 'Main verb and subject: '.\nSentence: yesterday , an agreement its small applied color systems unit to sell to a subsidiary of the swiss company , brauerei eichof ltd armstrong announced .\n	Main verb and subject: announced Armstrong	False	gpt-3.5-turbo-0301	None	None	None	0	1
You are an expert in linguistics. Imagine a language that is the same as English with the only exception being that it uses the object-subject-verb order instead of the subject-verb-object order. Your task is to identify the main verb and the main subject in a sentence in this imaginary language.\nShow the main verb (a single word) and its subject (also a single word) after the prefix 'Main verb and subject: '.\nSentence: the sale of the color unit to close in late november and the carpet sale in december , with the gains to be applied to fourth quarter or first-quarter results armstrong expects .\n	Main verb and subject: Expects Armstrong	False	gpt-3.5-turbo-0301	None	None	None	0	1
You are an expert in linguistics. Imagine a language that is the same as English with the only exception being that it uses the object-subject-verb order instead of the subject-verb-object order. Your task is to identify the main verb and the main subject in a sentence in this imaginary language.\nShow the main verb (a single word) and its subject (also a single word) after the prefix 'Main verb and subject: '.\nSentence: new orders for manufactured consumer goods , lead times on vendor deliveries , orders for new plant and equipment , and backlogs of orders for durable goods these include .\n	Main verb and subject: include and backlogs.	False	gpt-3.5-turbo-0301	None	None	None	0	1
You are an expert in linguistics. Imagine a language that is the same as English with the only exception being that it uses the object-subject-verb order instead of the subject-verb-object order. Your task is to identify the main verb and the main subject in a sentence in this imaginary language.\nShow the main verb (a single word) and its subject (also a single word) after the prefix 'Main verb and subject: '.\nSentence: after various adjustments , a 0.5 % rise in the index for august and a 0.2 % rise for september they produced .\n	Main verb and subject: produced they	False	gpt-3.5-turbo-0301	None	None	None	0	1
You are an expert in linguistics. Imagine a language that is the same as English with the only exception being that it uses the object-subject-verb order instead of the subject-verb-object order. Your task is to identify the main verb and the main subject in a sentence in this imaginary language.\nShow the main verb (a single word) and its subject (also a single word) after the prefix 'Main verb and subject: '.\nSentence: he is 37 , an astronomer with impressive credentials , and something of a genius at his bidding computers do making .\n	Main verb and subject: do computers	False	gpt-3.5-turbo-0301	None	None	None	0	1
You are an expert in linguistics. Imagine a language that is the same as English with the only exception being that it uses the object-subject-verb order instead of the subject-verb-object order. Your task is to identify the main verb and the main subject in a sentence in this imaginary language.\nShow the main verb (a single word) and its subject (also a single word) after the prefix 'Main verb and subject: '.\nSentence: yet more for really good stuff they promised .\n	Main verb and subject: promised they	False	gpt-3.5-turbo-0301	None	None	None	0	1
You are an expert in linguistics. Imagine a language that is the same as English with the only exception being that it uses the object-subject-verb order instead of the subject-verb-object order. Your task is to identify the main verb and the main subject in a sentence in this imaginary language.\nShow the main verb (a single word) and its subject (also a single word) after the prefix 'Main verb and subject: '.\nSentence: some nights he slept under his desk .\n	Main verb and subject: slept he	False	gpt-3.5-turbo-0301	None	None	None	0	1
You are an expert in linguistics. Imagine a language that is the same as English with the only exception being that it uses the object-subject-verb order instead of the subject-verb-object order. Your task is to identify the main verb and the main subject in a sentence in this imaginary language.\nShow the main verb (a single word) and its subject (also a single word) after the prefix 'Main verb and subject: '.\nSentence: tymnet is a major network computers linking .\n	Main verb and subject: linking computers	False	gpt-3.5-turbo-0301	None	None	None	0	1
You are an expert in linguistics. Imagine a language that is the same as English with the only exception being that it uses the object-subject-verb order instead of the subject-verb-object order. Your task is to identify the main verb and the main subject in a sentence in this imaginary language.\nShow the main verb (a single word) and its subject (also a single word) after the prefix 'Main verb and subject: '.\nSentence: the humor of his uncombed appearance among these buttoned-up chaps he savored .\n	Main verb and subject: savored, he	False	gpt-3.5-turbo-0301	None	None	None	0	1
You are an expert in linguistics. Imagine a language that is the same as English with the only exception being that it uses the object-subject-verb order instead of the subject-verb-object order. Your task is to identify the main verb and the main subject in a sentence in this imaginary language.\nShow the main verb (a single word) and its subject (also a single word) after the prefix 'Main verb and subject: '.\nSentence: angry he became in return .\n	Main verb and subject: became he	False	gpt-3.5-turbo-0301	None	None	None	0	1
You are an expert in linguistics. Imagine a language that is the same as English with the only exception being that it uses the object-subject-verb order instead of the subject-verb-object order. Your task is to identify the main verb and the main subject in a sentence in this imaginary language.\nShow the main verb (a single word) and its subject (also a single word) after the prefix 'Main verb and subject: '.\nSentence: to wedge into markets other than traditional risc applications such as engineering mips also wants ; the new machine will also be used by businesses and for communications mips said .\n	Main verb and subject: wants, mips	False	gpt-3.5-turbo-0301	None	None	None	0	1
You are an expert in linguistics. Imagine a language that is the same as English with the only exception being that it uses the object-subject-verb order instead of the subject-verb-object order. Your task is to identify the main verb and the main subject in a sentence in this imaginary language.\nShow the main verb (a single word) and its subject (also a single word) after the prefix 'Main verb and subject: '.\nSentence: $ 2.4 million , or 24 cents a share adjusted for the split unifirst a year earlier earned .\n	Main verb and subject: earned Unifirst	False	gpt-3.5-turbo-0301	None	None	None	0	1
You are an expert in linguistics. Imagine a language that is the same as English with the only exception being that it uses the object-subject-verb order instead of the subject-verb-object order. Your task is to identify the main verb and the main subject in a sentence in this imaginary language.\nShow the main verb (a single word) and its subject (also a single word) after the prefix 'Main verb and subject: '.\nSentence: a 12 % note for that overdue amount , to be repaid over three years healthcare has given healthvest .\n	Main verb and subject: given healthcare	False	gpt-3.5-turbo-0301	None	None	None	0	1
You are an expert in linguistics. Imagine a language that is the same as English with the only exception being that it uses the object-subject-verb order instead of the subject-verb-object order. Your task is to identify the main verb and the main subject in a sentence in this imaginary language.\nShow the main verb (a single word) and its subject (also a single word) after the prefix 'Main verb and subject: '.\nSentence: telephone redemptions , daily dividends , total elimination of share certificates and the constant $ 1 pershare pricing , all of which were painfully thought out and not the result of some inadvertence on the part of the sec we innovated .\n	Main verb and subject: innovated, we	False	gpt-3.5-turbo-0301	None	None	None	0	1
You are an expert in linguistics. Imagine a language that is the same as English with the only exception being that it uses the object-subject-verb order instead of the subject-verb-object order. Your task is to identify the main verb and the main subject in a sentence in this imaginary language.\nShow the main verb (a single word) and its subject (also a single word) after the prefix 'Main verb and subject: '.\nSentence: as the judge marched down the center aisle in his flowing black robe , he was heralded by a trumpet fanfare .\n	Main verb and subject: marched and judge.	False	gpt-3.5-turbo-0301	None	None	None	0	1
You are an expert in linguistics. Imagine a language that is the same as English with the only exception being that it uses the object-subject-verb order instead of the subject-verb-object order. Your task is to identify the main verb and the main subject in a sentence in this imaginary language.\nShow the main verb (a single word) and its subject (also a single word) after the prefix 'Main verb and subject: '.\nSentence: to many , it was a ceremony more befitting a king than a rural judge seated in the isolated foothills of the southern allegheny mountains .\n	Main verb and subject: was, ceremony.	False	gpt-3.5-turbo-0301	None	None	None	0	1
You are an expert in linguistics. Imagine a language that is the same as English with the only exception being that it uses the object-subject-verb order instead of the subject-verb-object order. Your task is to identify the main verb and the main subject in a sentence in this imaginary language.\nShow the main verb (a single word) and its subject (also a single word) after the prefix 'Main verb and subject: '.\nSentence: while his case may be extreme , the vulnerability of many small communities to domineering judges it reflects .\n	Main verb and subject: reflects, vulnerability	False	gpt-3.5-turbo-0301	None	None	None	0	1
You are an expert in linguistics. Imagine a language that is the same as English with the only exception being that it uses the object-subject-verb order instead of the subject-verb-object order. Your task is to identify the main verb and the main subject in a sentence in this imaginary language.\nShow the main verb (a single word) and its subject (also a single word) after the prefix 'Main verb and subject: '.\nSentence: him to chauffeur to and from work , his lawn mow , his wood chop , his car fix and his house even drop by his two grown mutts , dixie and husky to feed they were required bailiffs claimed .\n	Main verb and subject: claimed bailiffs	False	gpt-3.5-turbo-0301	None	None	None	0	1
You are an expert in linguistics. Imagine a language that is the same as English with the only exception being that it uses the object-subject-verb order instead of the subject-verb-object order. Your task is to identify the main verb and the main subject in a sentence in this imaginary language.\nShow the main verb (a single word) and its subject (also a single word) after the prefix 'Main verb and subject: '.\nSentence: if only some of the allegations even stand up , , ample testimony to the awesome power of judges in rural communities they however provide .\n	Main verb and subject: provide, they	False	gpt-3.5-turbo-0301	None	None	None	0	1
You are an expert in linguistics. Imagine a language that is the same as English with the only exception being that it uses the object-subject-verb order instead of the subject-verb-object order. Your task is to identify the main verb and the main subject in a sentence in this imaginary language.\nShow the main verb (a single word) and its subject (also a single word) after the prefix 'Main verb and subject: '.\nSentence: tea sweetened with honey he sipped from his high-backed leather chair at his bench , while notes whispering spectators to stop or their hats to take off in his courtroom ordering scribbling .\n	Main verb and subject: sipped he	False	gpt-3.5-turbo-0301	None	None	None	0	1
You are an expert in linguistics. Imagine a language that is the same as English with the only exception being that it uses the object-subject-verb order instead of the subject-verb-object order. Your task is to identify the main verb and the main subject in a sentence in this imaginary language.\nShow the main verb (a single word) and its subject (also a single word) after the prefix 'Main verb and subject: '.\nSentence: but his payment book the judge when received , the deal he disavowed .\n	Main verb and subject: disavowed, he.	False	gpt-3.5-turbo-0301	None	None	None	0	1
You are an expert in linguistics. Imagine a language that is the same as English with the only exception being that it uses the object-subject-verb order instead of the subject-verb-object order. Your task is to identify the main verb and the main subject in a sentence in this imaginary language.\nShow the main verb (a single word) and its subject (also a single word) after the prefix 'Main verb and subject: '.\nSentence: mason is the largest toxicology lab in new england , with annual revenue of $ 8 million and 140 employees .\n	Main verb and subject: is, Mason	False	gpt-3.5-turbo-0301	None	None	None	0	1
You are an expert in linguistics. Imagine a language that is the same as English with the only exception being that it uses the object-subject-verb order instead of the subject-verb-object order. Your task is to identify the main verb and the main subject in a sentence in this imaginary language.\nShow the main verb (a single word) and its subject (also a single word) after the prefix 'Main verb and subject: '.\nSentence: commercial and government customers , including the national institutes of health mason serves .\n	Main verb and subject: serves Mason	False	gpt-3.5-turbo-0301	None	None	None	0	1
You are an expert in linguistics. Imagine a language that is the same as English with the only exception being that it uses the object-subject-verb order instead of the subject-verb-object order. Your task is to identify the main verb and the main subject in a sentence in this imaginary language.\nShow the main verb (a single word) and its subject (also a single word) after the prefix 'Main verb and subject: '.\nSentence: although one obstacle in the way of an overall settlement to the case the action removes , that mr. hunt could be stripped of virtually all of his assets if the tax court rules against him in a 1982 case heard earlier this year in washington , d.c it also means .\n	Main verb and subject: removes, action	False	gpt-3.5-turbo-0301	None	None	None	0	1
You are an expert in linguistics. Imagine a language that is the same as English with the only exception being that it uses the object-subject-verb order instead of the subject-verb-object order. Your task is to identify the main verb and the main subject in a sentence in this imaginary language.\nShow the main verb (a single word) and its subject (also a single word) after the prefix 'Main verb and subject: '.\nSentence: another safe outlet for its money : u.s. home mortgages japan has found .\n	Main verb and subject: found, Japan	False	gpt-3.5-turbo-0301	None	None	None	0	1
You are an expert in linguistics. Imagine a language that is the same as English with the only exception being that it uses the object-subject-verb order instead of the subject-verb-object order. Your task is to identify the main verb and the main subject in a sentence in this imaginary language.\nShow the main verb (a single word) and its subject (also a single word) after the prefix 'Main verb and subject: '.\nSentence: that may not come as a surprise to americans who properties in the u.s. from golf courses to a stake in rockefeller center the japanese snap up have watched .\n	Main verb and subject: watched Americans	False	gpt-3.5-turbo-0301	None	None	None	0	1
You are an expert in linguistics. Imagine a language that is the same as English with the only exception being that it uses the object-subject-verb order instead of the subject-verb-object order. Your task is to identify the main verb and the main subject in a sentence in this imaginary language.\nShow the main verb (a single word) and its subject (also a single word) after the prefix 'Main verb and subject: '.\nSentence: but a big change for the japanese , who mortgage securities shunned after getting burned a few years back by a big downturn in interest rates it marks .\n	Main verb and subject: marks, it	False	gpt-3.5-turbo-0301	None	None	None	0	1
You are an expert in linguistics. Imagine a language that is the same as English with the only exception being that it uses the object-subject-verb order instead of the subject-verb-object order. Your task is to identify the main verb and the main subject in a sentence in this imaginary language.\nShow the main verb (a single word) and its subject (also a single word) after the prefix 'Main verb and subject: '.\nSentence: first , they are safe .\n	Main verb and subject: safe-they	False	gpt-3.5-turbo-0301	None	None	None	0	1
You are an expert in linguistics. Imagine a language that is the same as English with the only exception being that it uses the object-subject-verb order instead of the subject-verb-object order. Your task is to identify the main verb and the main subject in a sentence in this imaginary language.\nShow the main verb (a single word) and its subject (also a single word) after the prefix 'Main verb and subject: '.\nSentence: second , they are liquid .\n	Main verb and subject: are - they	False	gpt-3.5-turbo-0301	None	None	None	0	1
You are an expert in linguistics. Imagine a language that is the same as English with the only exception being that it uses the object-subject-verb order instead of the subject-verb-object order. Your task is to identify the main verb and the main subject in a sentence in this imaginary language.\nShow the main verb (a single word) and its subject (also a single word) after the prefix 'Main verb and subject: '.\nSentence: two years severance pay , equivalent to c$ 720,000 his suit against enfield seeks he said .\n	Main verb and subject: seeks he	False	gpt-3.5-turbo-0301	None	None	None	0	1
You are an expert in linguistics. Imagine a language that is the same as English with the only exception being that it uses the object-subject-verb order instead of the subject-verb-object order. Your task is to identify the main verb and the main subject in a sentence in this imaginary language.\nShow the main verb (a single word) and its subject (also a single word) after the prefix 'Main verb and subject: '.\nSentence: enfield is a holding company with interests in manufacturing concerns .\n	Main verb and subject: is Enfield	False	gpt-3.5-turbo-0301	None	None	None	0	1
You are an expert in linguistics. Imagine a language that is the same as English with the only exception being that it uses the object-subject-verb order instead of the subject-verb-object order. Your task is to identify the main verb and the main subject in a sentence in this imaginary language.\nShow the main verb (a single word) and its subject (also a single word) after the prefix 'Main verb and subject: '.\nSentence: 38.5 % it is owned by canadian express , another holding company .\n	Main verb and subject: owned - it	False	gpt-3.5-turbo-0301	None	None	None	0	1
You are an expert in linguistics. Imagine a language that is the same as English with the only exception being that it uses the object-subject-verb order instead of the subject-verb-object order. Your task is to identify the main verb and the main subject in a sentence in this imaginary language.\nShow the main verb (a single word) and its subject (also a single word) after the prefix 'Main verb and subject: '.\nSentence: first of all , it is a friendly acquisition in which mitsubishi estate rockefeller sought out and it a majority share to buy asked .\n	Main verb and subject: sought Rockefeller	False	gpt-3.5-turbo-0301	None	None	None	0	1
You are an expert in linguistics. Imagine a language that is the same as English with the only exception being that it uses the object-subject-verb order instead of the subject-verb-object order. Your task is to identify the main verb and the main subject in a sentence in this imaginary language.\nShow the main verb (a single word) and its subject (also a single word) after the prefix 'Main verb and subject: '.\nSentence: its match rockefeller may well have found in mitsubishi estate , a company of long history , strong government ties and sound resources .\n	Main verb and subject: found, Rockefeller	False	gpt-3.5-turbo-0301	None	None	None	0	1
You are an expert in linguistics. Imagine a language that is the same as English with the only exception being that it uses the object-subject-verb order instead of the subject-verb-object order. Your task is to identify the main verb and the main subject in a sentence in this imaginary language.\nShow the main verb (a single word) and its subject (also a single word) after the prefix 'Main verb and subject: '.\nSentence: at the time , its doors japan had just opened to the world after about 250 years of isolation and a western-style business center needed .\n	Main verb and subject: needed, business center	False	gpt-3.5-turbo-0301	None	None	None	0	1
You are an expert in linguistics. Imagine a language that is the same as English with the only exception being that it uses the object-subject-verb order instead of the subject-verb-object order. Your task is to identify the main verb and the main subject in a sentence in this imaginary language.\nShow the main verb (a single word) and its subject (also a single word) after the prefix 'Main verb and subject: '.\nSentence: new convertible bonds or warrants the company also could easily issue analysts say .\n	Main verb and subject: issue, company	False	gpt-3.5-turbo-0301	None	None	None	0	1
You are an expert in linguistics. Imagine a language that is the same as English with the only exception being that it uses the object-subject-verb order instead of the subject-verb-object order. Your task is to identify the main verb and the main subject in a sentence in this imaginary language.\nShow the main verb (a single word) and its subject (also a single word) after the prefix 'Main verb and subject: '.\nSentence: it is the largest private-sector landowner of the minato-mirai 21 project , a multibillion-yen development in the port city of yokohama , about an hour outside tokyo .\n	Main verb and subject: is, it	False	gpt-3.5-turbo-0301	None	None	None	0	1
You are an expert in linguistics. Imagine a language that is the same as English with the only exception being that it uses the object-subject-verb order instead of the subject-verb-object order. Your task is to identify the main verb and the main subject in a sentence in this imaginary language.\nShow the main verb (a single word) and its subject (also a single word) after the prefix 'Main verb and subject: '.\nSentence: mitsubishi is also pushing ahead with a controversial plan marunouchi to redevelop into a business center of high-tech buildings , a project budgeted for 30 years and six trillion yen .\n	Main verb and subject: pushing Mitsubishi	False	gpt-3.5-turbo-0301	None	None	None	0	1
You are an expert in linguistics. Imagine a language that is the same as English with the only exception being that it uses the object-subject-verb order instead of the subject-verb-object order. Your task is to identify the main verb and the main subject in a sentence in this imaginary language.\nShow the main verb (a single word) and its subject (also a single word) after the prefix 'Main verb and subject: '.\nSentence: columbia and guber-peters entertainment co. sony is acquiring in two separate transactions valued at more than $ 5 billion .\n	Main verb and subject: acquiring and Sony	False	gpt-3.5-turbo-0301	None	None	None	0	1
You are an expert in linguistics. Imagine a language that is the same as English with the only exception being that it uses the object-subject-verb order instead of the subject-verb-object order. Your task is to identify the main verb and the main subject in a sentence in this imaginary language.\nShow the main verb (a single word) and its subject (also a single word) after the prefix 'Main verb and subject: '.\nSentence: a five-year exclusive contract with mr. guber and mr. peters that them movies to make exclusively at the warner bros. studio requires warner has .\n	Main verb and subject: requires Warner	False	gpt-3.5-turbo-0301	None	None	None	0	1
You are an expert in linguistics. Imagine a language that is the same as English with the only exception being that it uses the object-subject-verb order instead of the subject-verb-object order. Your task is to identify the main verb and the main subject in a sentence in this imaginary language.\nShow the main verb (a single word) and its subject (also a single word) after the prefix 'Main verb and subject: '.\nSentence: but it may amount to little more than posturing ; on-again , off-again settlement talks the two have continued over the last few weeks , and the matter could be resolved within a week people familiar with the talks say .\n	Main verb and subject: amount and it.	False	gpt-3.5-turbo-0301	None	None	None	0	1
You are an expert in linguistics. Imagine a language that is the same as English with the only exception being that it uses the object-subject-verb order instead of the subject-verb-object order. Your task is to identify the main verb and the main subject in a sentence in this imaginary language.\nShow the main verb (a single word) and its subject (also a single word) after the prefix 'Main verb and subject: '.\nSentence: a movie that is in development not to actually make a studio once chooses , producers are typically free it to take elsewhere .\n	Main verb and subject: chooses, studio	False	gpt-3.5-turbo-0301	None	None	None	0	1
You are an expert in linguistics. Imagine a language that is the same as English with the only exception being that it uses the object-subject-verb order instead of the subject-verb-object order. Your task is to identify the main verb and the main subject in a sentence in this imaginary language.\nShow the main verb (a single word) and its subject (also a single word) after the prefix 'Main verb and subject: '.\nSentence: a milk for hispanic tastes goya concocts\n	Main verb and subject: concocts Goya	False	gpt-3.5-turbo-0301	None	None	None	0	1
You are an expert in linguistics. Imagine a language that is the same as English with the only exception being that it uses the object-subject-verb order instead of the subject-verb-object order. Your task is to identify the main verb and the main subject in a sentence in this imaginary language.\nShow the main verb (a single word) and its subject (also a single word) after the prefix 'Main verb and subject: '.\nSentence: that compares with 3.5 % butterfat for whole milk .\n	Main verb and subject: compares - that	False	gpt-3.5-turbo-0301	None	None	None	0	1
You are an expert in linguistics. Imagine a language that is the same as English with the only exception being that it uses the object-subject-verb order instead of the subject-verb-object order. Your task is to identify the main verb and the main subject in a sentence in this imaginary language.\nShow the main verb (a single word) and its subject (also a single word) after the prefix 'Main verb and subject: '.\nSentence: a milk with 4 % butterfat borden even tested in the south , but the market was too small decided .\n	Main verb and subject: decided, market.	False	gpt-3.5-turbo-0301	None	None	None	0	1
You are an expert in linguistics. Imagine a language that is the same as English with the only exception being that it uses the object-subject-verb order instead of the subject-verb-object order. Your task is to identify the main verb and the main subject in a sentence in this imaginary language.\nShow the main verb (a single word) and its subject (also a single word) after the prefix 'Main verb and subject: '.\nSentence: leche fresca goya is selling in nearly 500 grocery stores and bodegas in new york and parts of new jersey .\n	Main verb and subject: selling Goya	False	gpt-3.5-turbo-0301	None	None	None	0	1
