You are an expert in linguistics. Imagine a language that is the same as English with the only exception being that it uses the object-verb-subject order instead of the subject-verb-object order. Your task is to identify the main verb and the main subject in a sentence in this imaginary language.\nShow the main verb (a single word) and its subject (also a single word) after the prefix 'Main verb and subject: '.\nSentence: believes he in what plays he , and plays superbly he .\nLet's think step by step. 	Main verb and subject: plays , he	False	models/text-bison-001	None	None	None	0	1
You are an expert in linguistics. Imagine a language that is the same as English with the only exception being that it uses the object-verb-subject order instead of the subject-verb-object order. Your task is to identify the main verb and the main subject in a sentence in this imaginary language.\nShow the main verb (a single word) and its subject (also a single word) after the prefix 'Main verb and subject: '.\nSentence: felt it more like a party , or a highly polished jam session with a few friends , than a classical concert .\nLet's think step by step. 	Main verb and subject: felt it	False	models/text-bison-001	None	None	None	0	1
You are an expert in linguistics. Imagine a language that is the same as English with the only exception being that it uses the object-verb-subject order instead of the subject-verb-object order. Your task is to identify the main verb and the main subject in a sentence in this imaginary language.\nShow the main verb (a single word) and its subject (also a single word) after the prefix 'Main verb and subject: '.\nSentence: was it not an unpleasant evening , certainly , thanks to the high level of performance , the compositional talents of mr. douglas , and the obvious sincerity with which his selections chooses mr. stoltzman .\nLet's think step by step. 	Main verb and subject: was it	False	models/text-bison-001	None	None	None	0	1
You are an expert in linguistics. Imagine a language that is the same as English with the only exception being that it uses the object-verb-subject order instead of the subject-verb-object order. Your task is to identify the main verb and the main subject in a sentence in this imaginary language.\nShow the main verb (a single word) and its subject (also a single word) after the prefix 'Main verb and subject: '.\nSentence: but was it neither deep nor lasting : light entertainment that was no substitute for an evening of brahms .\nLet's think step by step. 	Main verb and subject: was , it	False	models/text-bison-001	None	None	None	0	1
You are an expert in linguistics. Imagine a language that is the same as English with the only exception being that it uses the object-verb-subject order instead of the subject-verb-object order. Your task is to identify the main verb and the main subject in a sentence in this imaginary language.\nShow the main verb (a single word) and its subject (also a single word) after the prefix 'Main verb and subject: '.\nSentence: is this the u.n. group that its own charter of education , science and culture promoting to traduce managed .\nLet's think step by step. 	Main verb and subject: managed , this	False	models/text-bison-001	None	None	None	0	1
You are an expert in linguistics. Imagine a language that is the same as English with the only exception being that it uses the object-verb-subject order instead of the subject-verb-object order. Your task is to identify the main verb and the main subject in a sentence in this imaginary language.\nShow the main verb (a single word) and its subject (also a single word) after the prefix 'Main verb and subject: '.\nSentence: but can think we of many reasons out to stay for the foreseeable future and well beyond .\nLet's think step by step. 	Main verb and subject: think, we	False	models/text-bison-001	None	None	None	0	1
You are an expert in linguistics. Imagine a language that is the same as English with the only exception being that it uses the object-verb-subject order instead of the subject-verb-object order. Your task is to identify the main verb and the main subject in a sentence in this imaginary language.\nShow the main verb (a single word) and its subject (also a single word) after the prefix 'Main verb and subject: '.\nSentence: an even stronger argument against unesco than its unsurprising failure to reform see we .\nLet's think step by step. 	Main verb and subject: see , we	False	models/text-bison-001	None	None	None	0	1
You are an expert in linguistics. Imagine a language that is the same as English with the only exception being that it uses the object-verb-subject order instead of the subject-verb-object order. Your task is to identify the main verb and the main subject in a sentence in this imaginary language.\nShow the main verb (a single word) and its subject (also a single word) after the prefix 'Main verb and subject: '.\nSentence: that the power of ideas unencumbered by international civil servants or government functionaries shows the reagan revolution eastern europe and tiananmen square spanning is this .\nLet's think step by step. 	Main verb and subject: is, this	False	models/text-bison-001	None	None	None	0	1
You are an expert in linguistics. Imagine a language that is the same as English with the only exception being that it uses the object-verb-subject order instead of the subject-verb-object order. Your task is to identify the main verb and the main subject in a sentence in this imaginary language.\nShow the main verb (a single word) and its subject (also a single word) after the prefix 'Main verb and subject: '.\nSentence: plenty of reasons to stay out , and none unesco to rejoin can see we .\nLet's think step by step. 	Main verb and subject: see and we	False	models/text-bison-001	None	None	None	0	1
You are an expert in linguistics. Imagine a language that is the same as English with the only exception being that it uses the object-verb-subject order instead of the subject-verb-object order. Your task is to identify the main verb and the main subject in a sentence in this imaginary language.\nShow the main verb (a single word) and its subject (also a single word) after the prefix 'Main verb and subject: '.\nSentence: a second gene , for herbicide resistance , attached they to the pollen-inhibiting gene .\nLet's think step by step. 	Main verb and subject: attached , they	False	models/text-bison-001	None	None	None	0	1
You are an expert in linguistics. Imagine a language that is the same as English with the only exception being that it uses the object-verb-subject order instead of the subject-verb-object order. Your task is to identify the main verb and the main subject in a sentence in this imaginary language.\nShow the main verb (a single word) and its subject (also a single word) after the prefix 'Main verb and subject: '.\nSentence: is experimenting the company with the technique on alfalfa , and cotton and corn , among other crops to include plans said he .\nLet's think step by step. 	Main verb and subject: experimenting company	False	models/text-bison-001	None	None	None	0	1
You are an expert in linguistics. Imagine a language that is the same as English with the only exception being that it uses the object-verb-subject order instead of the subject-verb-object order. Your task is to identify the main verb and the main subject in a sentence in this imaginary language.\nShow the main verb (a single word) and its subject (also a single word) after the prefix 'Main verb and subject: '.\nSentence: is today the debut of the senior professional baseball association , a new eight-team pro sports circuit , modeled after the highly successful senior tennis and golf tours and complete with good salaries , a cable television contract and even expansion plans .\nLet's think step by step. 	Main verb and subject: debut , today	False	models/text-bison-001	None	None	None	0	1
You are an expert in linguistics. Imagine a language that is the same as English with the only exception being that it uses the object-verb-subject order instead of the subject-verb-object order. Your task is to identify the main verb and the main subject in a sentence in this imaginary language.\nShow the main verb (a single word) and its subject (also a single word) after the prefix 'Main verb and subject: '.\nSentence: midmorning , an orange-and-blue uniform dons he and , for fun , a bunt from dave kingman may field .\nLet's think step by step. 	Main verb and subject: field, bunt	False	models/text-bison-001	None	None	None	0	1
You are an expert in linguistics. Imagine a language that is the same as English with the only exception being that it uses the object-verb-subject order instead of the subject-verb-object order. Your task is to identify the main verb and the main subject in a sentence in this imaginary language.\nShow the main verb (a single word) and its subject (also a single word) after the prefix 'Main verb and subject: '.\nSentence: these days hustles he to house-painting jobs in his chevy pickup before and after training with the tropics .\nLet's think step by step. 	Main verb and subject: hustles he	False	models/text-bison-001	None	None	None	0	1
You are an expert in linguistics. Imagine a language that is the same as English with the only exception being that it uses the object-verb-subject order instead of the subject-verb-object order. Your task is to identify the main verb and the main subject in a sentence in this imaginary language.\nShow the main verb (a single word) and its subject (also a single word) after the prefix 'Main verb and subject: '.\nSentence: have been training some for months ; active status only recently left others .\nLet's think step by step. 	Main verb and subject: left , others	False	models/text-bison-001	None	None	None	0	1
You are an expert in linguistics. Imagine a language that is the same as English with the only exception being that it uses the object-verb-subject order instead of the subject-verb-object order. Your task is to identify the main verb and the main subject in a sentence in this imaginary language.\nShow the main verb (a single word) and its subject (also a single word) after the prefix 'Main verb and subject: '.\nSentence: the plate no longer crowds he .\nLet's think step by step. 	Main verb and subject: crowds , he	False	models/text-bison-001	None	None	None	0	1
You are an expert in linguistics. Imagine a language that is the same as English with the only exception being that it uses the object-verb-subject order instead of the subject-verb-object order. Your task is to identify the main verb and the main subject in a sentence in this imaginary language.\nShow the main verb (a single word) and its subject (also a single word) after the prefix 'Main verb and subject: '.\nSentence: a wad of red man stuffing into his cheek , a slowball has become the fastball brought he into the majors in 1955 admits he .\nLet's think step by step. 	Main verb and subject: admits, he	False	models/text-bison-001	None	None	None	0	1
You are an expert in linguistics. Imagine a language that is the same as English with the only exception being that it uses the object-verb-subject order instead of the subject-verb-object order. Your task is to identify the main verb and the main subject in a sentence in this imaginary language.\nShow the main verb (a single word) and its subject (also a single word) after the prefix 'Main verb and subject: '.\nSentence: will compensate he with the guile learned from his years in the majors .\nLet's think step by step. 	Main verb and subject: compensate he	False	models/text-bison-001	None	None	None	0	1
You are an expert in linguistics. Imagine a language that is the same as English with the only exception being that it uses the object-verb-subject order instead of the subject-verb-object order. Your task is to identify the main verb and the main subject in a sentence in this imaginary language.\nShow the main verb (a single word) and its subject (also a single word) after the prefix 'Main verb and subject: '.\nSentence: good control has he .\nLet's think step by step. 	Main verb and subject: has , he	False	models/text-bison-001	None	None	None	0	1
You are an expert in linguistics. Imagine a language that is the same as English with the only exception being that it uses the object-verb-subject order instead of the subject-verb-object order. Your task is to identify the main verb and the main subject in a sentence in this imaginary language.\nShow the main verb (a single word) and its subject (also a single word) after the prefix 'Main verb and subject: '.\nSentence: 45 % of the franchise , which operations in aiken , s.c. , and augusta , ga has holds alltel .\nLet's think step by step. 	45 % of the franchise , which operations in aiken , s.c. , and augusta , ga has holds alltel .\nMain verb and subject: holds , 45 %	False	models/text-bison-001	None	None	None	0	1
You are an expert in linguistics. Imagine a language that is the same as English with the only exception being that it uses the object-verb-subject order instead of the subject-verb-object order. Your task is to identify the main verb and the main subject in a sentence in this imaginary language.\nShow the main verb (a single word) and its subject (also a single word) after the prefix 'Main verb and subject: '.\nSentence: traded reserves among commercial banks for overnight use in amounts of $ 1 million or more .\nLet's think step by step. 	Main verb and subject: traded , reserves	False	models/text-bison-001	None	None	None	0	1
You are an expert in linguistics. Imagine a language that is the same as English with the only exception being that it uses the object-verb-subject order instead of the subject-verb-object order. Your task is to identify the main verb and the main subject in a sentence in this imaginary language.\nShow the main verb (a single word) and its subject (also a single word) after the prefix 'Main verb and subject: '.\nSentence: a 2.6 % decline in its raw-materials price index for september also reported it .\nLet's think step by step. 	Main verb and subject: reported , it	False	models/text-bison-001	None	None	None	0	1
You are an expert in linguistics. Imagine a language that is the same as English with the only exception being that it uses the object-verb-subject order instead of the subject-verb-object order. Your task is to identify the main verb and the main subject in a sentence in this imaginary language.\nShow the main verb (a single word) and its subject (also a single word) after the prefix 'Main verb and subject: '.\nSentence: currently are quoted seats at $ 400,000 bid , $ 425,000 asked .\nLet's think step by step. 	Main verb and subject: quoted , seats	False	models/text-bison-001	None	None	None	0	1
You are an expert in linguistics. Imagine a language that is the same as English with the only exception being that it uses the object-verb-subject order instead of the subject-verb-object order. Your task is to identify the main verb and the main subject in a sentence in this imaginary language.\nShow the main verb (a single word) and its subject (also a single word) after the prefix 'Main verb and subject: '.\nSentence: a friendly transaction with jaguar that joint ventures and an eventual stake of just under 30 % likely would involve has been negotiating gm .\nLet's think step by step. 	Main verb and subject: negotiating , gm	False	models/text-bison-001	None	None	None	0	1
You are an expert in linguistics. Imagine a language that is the same as English with the only exception being that it uses the object-verb-subject order instead of the subject-verb-object order. Your task is to identify the main verb and the main subject in a sentence in this imaginary language.\nShow the main verb (a single word) and its subject (also a single word) after the prefix 'Main verb and subject: '.\nSentence: the first move will make ford , perhaps today , with an initial offer of about 900 pence ( $ 14.25 ) a share expect analysts .\nLet's think step by step. 	Main verb and subject: make ford	False	models/text-bison-001	None	None	None	0	1
You are an expert in linguistics. Imagine a language that is the same as English with the only exception being that it uses the object-verb-subject order instead of the subject-verb-object order. Your task is to identify the main verb and the main subject in a sentence in this imaginary language.\nShow the main verb (a single word) and its subject (also a single word) after the prefix 'Main verb and subject: '.\nSentence: in a prepared statement , its plans for jaguar would be more valuable in the long run than the initial windfalls might reap investors from a hostile ford bid suggested gm .\nLet's think step by step. 	Main verb and subject: suggested , gm	False	models/text-bison-001	None	None	None	0	1
You are an expert in linguistics. Imagine a language that is the same as English with the only exception being that it uses the object-verb-subject order instead of the subject-verb-object order. Your task is to identify the main verb and the main subject in a sentence in this imaginary language.\nShow the main verb (a single word) and its subject (also a single word) after the prefix 'Main verb and subject: '.\nSentence: 60 % of the venture will own dow , with the rest holding eli lilly .\nLet's think step by step. 	60 % of the venture will own dow , with the rest holding eli lilly .\nMain verb and subject: own , 60 %	False	models/text-bison-001	None	None	None	0	1
You are an expert in linguistics. Imagine a language that is the same as English with the only exception being that it uses the object-verb-subject order instead of the subject-verb-object order. Your task is to identify the main verb and the main subject in a sentence in this imaginary language.\nShow the main verb (a single word) and its subject (also a single word) after the prefix 'Main verb and subject: '.\nSentence: a hostile tender offer by dpc acquisition partners , a group led by new york-based crescott investments associates is fighting dataproducts .\nLet's think step by step. 	Main verb and subject: fighting , dataproducts	False	models/text-bison-001	None	None	None	0	1
You are an expert in linguistics. Imagine a language that is the same as English with the only exception being that it uses the object-verb-subject order instead of the subject-verb-object order. Your task is to identify the main verb and the main subject in a sentence in this imaginary language.\nShow the main verb (a single word) and its subject (also a single word) after the prefix 'Main verb and subject: '.\nSentence: first , said he , are domestic interest rates likely to stay at higher levels as rising consumer prices reported last week followed increased anticipation of inflation .\nLet's think step by step. 	Main verb and subject: are , interest rates	False	models/text-bison-001	None	None	None	0	1
You are an expert in linguistics. Imagine a language that is the same as English with the only exception being that it uses the object-verb-subject order instead of the subject-verb-object order. Your task is to identify the main verb and the main subject in a sentence in this imaginary language.\nShow the main verb (a single word) and its subject (also a single word) after the prefix 'Main verb and subject: '.\nSentence: despite the modest gains , dull remains the market , with remaining cautiously investors on the sidelines said traders .\nLet's think step by step. 	Main verb and subject: remains market	False	models/text-bison-001	None	None	None	0	1
You are an expert in linguistics. Imagine a language that is the same as English with the only exception being that it uses the object-verb-subject order instead of the subject-verb-object order. Your task is to identify the main verb and the main subject in a sentence in this imaginary language.\nShow the main verb (a single word) and its subject (also a single word) after the prefix 'Main verb and subject: '.\nSentence: were prices mixed in zurich and lower in stockholm .\nLet's think step by step. 	Main verb and subject: were prices	False	models/text-bison-001	None	None	None	0	1
You are an expert in linguistics. Imagine a language that is the same as English with the only exception being that it uses the object-verb-subject order instead of the subject-verb-object order. Your task is to identify the main verb and the main subject in a sentence in this imaginary language.\nShow the main verb (a single word) and its subject (also a single word) after the prefix 'Main verb and subject: '.\nSentence: closed higher stocks in hong kong , manila , singapore , sydney and wellington , but were lower in seoul .\nLet's think step by step. 	Main verb and subject: closed stocks	False	models/text-bison-001	None	None	None	0	1
You are an expert in linguistics. Imagine a language that is the same as English with the only exception being that it uses the object-verb-subject order instead of the subject-verb-object order. Your task is to identify the main verb and the main subject in a sentence in this imaginary language.\nShow the main verb (a single word) and its subject (also a single word) after the prefix 'Main verb and subject: '.\nSentence: was closed taipei for a holiday .\nLet's think step by step. 	Main verb and subject: closed , taipei	False	models/text-bison-001	None	None	None	0	1
You are an expert in linguistics. Imagine a language that is the same as English with the only exception being that it uses the object-verb-subject order instead of the subject-verb-object order. Your task is to identify the main verb and the main subject in a sentence in this imaginary language.\nShow the main verb (a single word) and its subject (also a single word) after the prefix 'Main verb and subject: '.\nSentence: being a major source of price pressure had stopped summer drought problems that several southern agricultural regions had hit in september said he .\nLet's think step by step. 	Main verb and subject: stopped , problems	False	models/text-bison-001	None	None	None	0	1
You are an expert in linguistics. Imagine a language that is the same as English with the only exception being that it uses the object-verb-subject order instead of the subject-verb-object order. Your task is to identify the main verb and the main subject in a sentence in this imaginary language.\nShow the main verb (a single word) and its subject (also a single word) after the prefix 'Main verb and subject: '.\nSentence: is its unit the fifth-largest provider of long-distance communications service in the u.s. , with projected 1989 revenue of more than $ 550 million said metromedia .\nLet's think step by step. 	Main verb and subject: said metromedia	False	models/text-bison-001	None	None	None	0	1
You are an expert in linguistics. Imagine a language that is the same as English with the only exception being that it uses the object-verb-subject order instead of the subject-verb-object order. Your task is to identify the main verb and the main subject in a sentence in this imaginary language.\nShow the main verb (a single word) and its subject (also a single word) after the prefix 'Main verb and subject: '.\nSentence: was the average six-month yield on a jumbo cd at 7.90 % , down from 7.93 % , said banxquote .\nLet's think step by step. 	Main verb and subject: was 7.90 %	False	models/text-bison-001	None	None	None	0	1
You are an expert in linguistics. Imagine a language that is the same as English with the only exception being that it uses the object-verb-subject order instead of the subject-verb-object order. Your task is to identify the main verb and the main subject in a sentence in this imaginary language.\nShow the main verb (a single word) and its subject (also a single word) after the prefix 'Main verb and subject: '.\nSentence: for longer-term cds , were up yields .\nLet's think step by step. 	Main verb and subject: were , yields	False	models/text-bison-001	None	None	None	0	1
You are an expert in linguistics. Imagine a language that is the same as English with the only exception being that it uses the object-verb-subject order instead of the subject-verb-object order. Your task is to identify the main verb and the main subject in a sentence in this imaginary language.\nShow the main verb (a single word) and its subject (also a single word) after the prefix 'Main verb and subject: '.\nSentence: the naggings of a culture imperative feeling , promptly signed up i .\nLet's think step by step. 	Main verb and subject: signed , i	False	models/text-bison-001	None	None	None	0	1
You are an expert in linguistics. Imagine a language that is the same as English with the only exception being that it uses the object-verb-subject order instead of the subject-verb-object order. Your task is to identify the main verb and the main subject in a sentence in this imaginary language.\nShow the main verb (a single word) and its subject (also a single word) after the prefix 'Main verb and subject: '.\nSentence: were coming down we straight into their canal .\nLet's think step by step. 	Main verb and subject: coming , we	False	models/text-bison-001	None	None	None	0	1
You are an expert in linguistics. Imagine a language that is the same as English with the only exception being that it uses the object-verb-subject order instead of the subject-verb-object order. Your task is to identify the main verb and the main subject in a sentence in this imaginary language.\nShow the main verb (a single word) and its subject (also a single word) after the prefix 'Main verb and subject: '.\nSentence: looked i at my watch .\nLet's think step by step. 	Main verb and subject: looked , i	False	models/text-bison-001	None	None	None	0	1
You are an expert in linguistics. Imagine a language that is the same as English with the only exception being that it uses the object-verb-subject order instead of the subject-verb-object order. Your task is to identify the main verb and the main subject in a sentence in this imaginary language.\nShow the main verb (a single word) and its subject (also a single word) after the prefix 'Main verb and subject: '.\nSentence: a whole morning of ballooning and had been off the ground i barely 30 minutes .\nLet's think step by step. 	Main verb and subject: been, i	False	models/text-bison-001	None	None	None	0	1
You are an expert in linguistics. Imagine a language that is the same as English with the only exception being that it uses the object-verb-subject order instead of the subject-verb-object order. Your task is to identify the main verb and the main subject in a sentence in this imaginary language.\nShow the main verb (a single word) and its subject (also a single word) after the prefix 'Main verb and subject: '.\nSentence: at the same time , that the possibility of a conventional soviet attack will increase a reduction of nato forces under a treaty unless a residual force of nuclear weapons retains the west in europe contend they .\nLet's think step by step. 	Main verb and subject: contend they , retain	False	models/text-bison-001	None	None	None	0	1
You are an expert in linguistics. Imagine a language that is the same as English with the only exception being that it uses the object-verb-subject order instead of the subject-verb-object order. Your task is to identify the main verb and the main subject in a sentence in this imaginary language.\nShow the main verb (a single word) and its subject (also a single word) after the prefix 'Main verb and subject: '.\nSentence: currently are defined tanks as armored vehicles 25 tons or more weighing large guns carry that .\nLet's think step by step. 	Main verb and subject: defined , tanks	False	models/text-bison-001	None	None	None	0	1
You are an expert in linguistics. Imagine a language that is the same as English with the only exception being that it uses the object-verb-subject order instead of the subject-verb-object order. Your task is to identify the main verb and the main subject in a sentence in this imaginary language.\nShow the main verb (a single word) and its subject (also a single word) after the prefix 'Main verb and subject: '.\nSentence: its control to increase when were results sluggish in a given country has tended coke .\nLet's think step by step. 	Main verb and subject: tended , coke	False	models/text-bison-001	None	None	None	0	1
You are an expert in linguistics. Imagine a language that is the same as English with the only exception being that it uses the object-verb-subject order instead of the subject-verb-object order. Your task is to identify the main verb and the main subject in a sentence in this imaginary language.\nShow the main verb (a single word) and its subject (also a single word) after the prefix 'Main verb and subject: '.\nSentence: nonvoting preferred shares , which are quoted on the milan stock exchange also has ifi .\nLet's think step by step. 	Main verb and subject: has , ifi	False	models/text-bison-001	None	None	None	0	1
You are an expert in linguistics. Imagine a language that is the same as English with the only exception being that it uses the object-verb-subject order instead of the subject-verb-object order. Your task is to identify the main verb and the main subject in a sentence in this imaginary language.\nShow the main verb (a single word) and its subject (also a single word) after the prefix 'Main verb and subject: '.\nSentence: financing of 300 billion lire raised it for the purchase this summer by another agnelli-related group of the food concern galbani s.p . a. , by a chunk of its ifi shares selling to mediobanca s.p . a.\nLet's think step by step. 	Main verb and subject: raised it	False	models/text-bison-001	None	None	None	0	1
You are an expert in linguistics. Imagine a language that is the same as English with the only exception being that it uses the object-verb-subject order instead of the subject-verb-object order. Your task is to identify the main verb and the main subject in a sentence in this imaginary language.\nShow the main verb (a single word) and its subject (also a single word) after the prefix 'Main verb and subject: '.\nSentence: and such activities treats it in a frivolous , cavalier fashion , with total indifference to common sense and public safety .\nLet's think step by step. 	Main verb and subject: treats , activities	False	models/text-bison-001	None	None	None	0	1
You are an expert in linguistics. Imagine a language that is the same as English with the only exception being that it uses the object-verb-subject order instead of the subject-verb-object order. Your task is to identify the main verb and the main subject in a sentence in this imaginary language.\nShow the main verb (a single word) and its subject (also a single word) after the prefix 'Main verb and subject: '.\nSentence: that was the training wage a way of employers less than the minimum wage to pay , while need new workers far less than six months to be trained for their jobs allowing argued democrats .\nLet's think step by step. 	Main verb and subject: argued , democrats	False	models/text-bison-001	None	None	None	0	1
You are an expert in linguistics. Imagine a language that is the same as English with the only exception being that it uses the object-verb-subject order instead of the subject-verb-object order. Your task is to identify the main verb and the main subject in a sentence in this imaginary language.\nShow the main verb (a single word) and its subject (also a single word) after the prefix 'Main verb and subject: '.\nSentence: the white house to compromise on the wage issue have been imploring republicans .\nLet's think step by step. 	Main verb and subject: imploring , republicans	False	models/text-bison-001	None	None	None	0	1
You are an expert in linguistics. Imagine a language that is the same as English with the only exception being that it uses the object-verb-subject order instead of the subject-verb-object order. Your task is to identify the main verb and the main subject in a sentence in this imaginary language.\nShow the main verb (a single word) and its subject (also a single word) after the prefix 'Main verb and subject: '.\nSentence: armstrong proceeds of the sale to use debt to reduce , stock buy back or an acquisition perhaps finance expect analysts .\nLet's think step by step. 	Main verb and subject: expect analysts , analysts	False	models/text-bison-001	None	None	None	0	1
You are an expert in linguistics. Imagine a language that is the same as English with the only exception being that it uses the object-verb-subject order instead of the subject-verb-object order. Your task is to identify the main verb and the main subject in a sentence in this imaginary language.\nShow the main verb (a single word) and its subject (also a single word) after the prefix 'Main verb and subject: '.\nSentence: the planned transaction hailed analysts as being beneficial to armstrong and shaw , the market leader in the u.s. carpet industry , with an estimated 17 % to 20 % share .\nLet's think step by step. 	Main verb and subject: hailed analysts	False	models/text-bison-001	None	None	None	0	1
You are an expert in linguistics. Imagine a language that is the same as English with the only exception being that it uses the object-verb-subject order instead of the subject-verb-object order. Your task is to identify the main verb and the main subject in a sentence in this imaginary language.\nShow the main verb (a single word) and its subject (also a single word) after the prefix 'Main verb and subject: '.\nSentence: yesterday , flat earnings for the third quarter and nine months , worsened by the stock dilution of an employee stock ownership plan adopted earlier this year reported armstrong .\nLet's think step by step. 	Main verb and subject: reported , armstrong	False	models/text-bison-001	None	None	None	0	1
You are an expert in linguistics. Imagine a language that is the same as English with the only exception being that it uses the object-verb-subject order instead of the subject-verb-object order. Your task is to identify the main verb and the main subject in a sentence in this imaginary language.\nShow the main verb (a single word) and its subject (also a single word) after the prefix 'Main verb and subject: '.\nSentence: for the quarter , were earnings $ 47 million , or 92 cents a share , including a one-time gain of $ 5.9 million .\nLet's think step by step. 	Main verb and subject: were , earnings	False	models/text-bison-001	None	None	None	0	1
You are an expert in linguistics. Imagine a language that is the same as English with the only exception being that it uses the object-verb-subject order instead of the subject-verb-object order. Your task is to identify the main verb and the main subject in a sentence in this imaginary language.\nShow the main verb (a single word) and its subject (also a single word) after the prefix 'Main verb and subject: '.\nSentence: in the year-ago quarter , were earnings $ 42.9 million , or 93 cents a share .\nLet's think step by step. 	Main verb and subject: were , earnings	False	models/text-bison-001	None	None	None	0	1
You are an expert in linguistics. Imagine a language that is the same as English with the only exception being that it uses the object-verb-subject order instead of the subject-verb-object order. Your task is to identify the main verb and the main subject in a sentence in this imaginary language.\nShow the main verb (a single word) and its subject (also a single word) after the prefix 'Main verb and subject: '.\nSentence: yesterday , an agreement its small applied color systems unit to sell to a subsidiary of the swiss company , brauerei eichof ltd announced armstrong .\nLet's think step by step. 	Main verb and subject: announced , armstrong	False	models/text-bison-001	None	None	None	0	1
You are an expert in linguistics. Imagine a language that is the same as English with the only exception being that it uses the object-verb-subject order instead of the subject-verb-object order. Your task is to identify the main verb and the main subject in a sentence in this imaginary language.\nShow the main verb (a single word) and its subject (also a single word) after the prefix 'Main verb and subject: '.\nSentence: the sale of the color unit to close in late november and the carpet sale in december , with to be applied the gains to fourth quarter or first-quarter results expects armstrong .\nLet's think step by step. 	Main verb and subject: expects , armstrong	False	models/text-bison-001	None	None	None	0	1
You are an expert in linguistics. Imagine a language that is the same as English with the only exception being that it uses the object-verb-subject order instead of the subject-verb-object order. Your task is to identify the main verb and the main subject in a sentence in this imaginary language.\nShow the main verb (a single word) and its subject (also a single word) after the prefix 'Main verb and subject: '.\nSentence: new orders for manufactured consumer goods , lead times on vendor deliveries , orders for new plant and equipment , and backlogs of orders for durable goods include these .\nLet's think step by step. 	Main verb and subject: include , these	False	models/text-bison-001	None	None	None	0	1
You are an expert in linguistics. Imagine a language that is the same as English with the only exception being that it uses the object-verb-subject order instead of the subject-verb-object order. Your task is to identify the main verb and the main subject in a sentence in this imaginary language.\nShow the main verb (a single word) and its subject (also a single word) after the prefix 'Main verb and subject: '.\nSentence: after various adjustments , a 0.5 % rise in the index for august and a 0.2 % rise for september produced they .\nLet's think step by step. 	Main verb and subject: produced , they	False	models/text-bison-001	None	None	None	0	1
You are an expert in linguistics. Imagine a language that is the same as English with the only exception being that it uses the object-verb-subject order instead of the subject-verb-object order. Your task is to identify the main verb and the main subject in a sentence in this imaginary language.\nShow the main verb (a single word) and its subject (also a single word) after the prefix 'Main verb and subject: '.\nSentence: is he 37 , an astronomer with impressive credentials , and something of a genius at his bidding do computers making .\nLet's think step by step. 	Main verb and subject: making , he	False	models/text-bison-001	None	None	None	0	1
You are an expert in linguistics. Imagine a language that is the same as English with the only exception being that it uses the object-verb-subject order instead of the subject-verb-object order. Your task is to identify the main verb and the main subject in a sentence in this imaginary language.\nShow the main verb (a single word) and its subject (also a single word) after the prefix 'Main verb and subject: '.\nSentence: yet more for really good stuff promised they .\nLet's think step by step. 	Main verb and subject: promised , they	False	models/text-bison-001	None	None	None	0	1
You are an expert in linguistics. Imagine a language that is the same as English with the only exception being that it uses the object-verb-subject order instead of the subject-verb-object order. Your task is to identify the main verb and the main subject in a sentence in this imaginary language.\nShow the main verb (a single word) and its subject (also a single word) after the prefix 'Main verb and subject: '.\nSentence: some nights slept he under his desk .\nLet's think step by step. 	Main verb and subject: slept, he	False	models/text-bison-001	None	None	None	0	1
You are an expert in linguistics. Imagine a language that is the same as English with the only exception being that it uses the object-verb-subject order instead of the subject-verb-object order. Your task is to identify the main verb and the main subject in a sentence in this imaginary language.\nShow the main verb (a single word) and its subject (also a single word) after the prefix 'Main verb and subject: '.\nSentence: is tymnet a major network computers linking .\nLet's think step by step. 	Main verb and subject: linking , tymnet	False	models/text-bison-001	None	None	None	0	1
You are an expert in linguistics. Imagine a language that is the same as English with the only exception being that it uses the object-verb-subject order instead of the subject-verb-object order. Your task is to identify the main verb and the main subject in a sentence in this imaginary language.\nShow the main verb (a single word) and its subject (also a single word) after the prefix 'Main verb and subject: '.\nSentence: the humor of his uncombed appearance among these buttoned-up chaps savored he .\nLet's think step by step. 	Main verb and subject: savored , he	False	models/text-bison-001	None	None	None	0	1
You are an expert in linguistics. Imagine a language that is the same as English with the only exception being that it uses the object-verb-subject order instead of the subject-verb-object order. Your task is to identify the main verb and the main subject in a sentence in this imaginary language.\nShow the main verb (a single word) and its subject (also a single word) after the prefix 'Main verb and subject: '.\nSentence: angry became he in return .\nLet's think step by step. 	Main verb and subject: became , he	False	models/text-bison-001	None	None	None	0	1
You are an expert in linguistics. Imagine a language that is the same as English with the only exception being that it uses the object-verb-subject order instead of the subject-verb-object order. Your task is to identify the main verb and the main subject in a sentence in this imaginary language.\nShow the main verb (a single word) and its subject (also a single word) after the prefix 'Main verb and subject: '.\nSentence: to wedge into markets other than traditional risc applications such as engineering also wants mips ; will also be used the new machine by businesses and for communications said mips .\nLet's think step by step. 	Main verb and subject: wants, mips	False	models/text-bison-001	None	None	None	0	1
You are an expert in linguistics. Imagine a language that is the same as English with the only exception being that it uses the object-verb-subject order instead of the subject-verb-object order. Your task is to identify the main verb and the main subject in a sentence in this imaginary language.\nShow the main verb (a single word) and its subject (also a single word) after the prefix 'Main verb and subject: '.\nSentence: $ 2.4 million , or 24 cents a share adjusted for the split a year earlier earned unifirst .\nLet's think step by step. 	Main verb and subject: earned , unifirst	False	models/text-bison-001	None	None	None	0	1
You are an expert in linguistics. Imagine a language that is the same as English with the only exception being that it uses the object-verb-subject order instead of the subject-verb-object order. Your task is to identify the main verb and the main subject in a sentence in this imaginary language.\nShow the main verb (a single word) and its subject (also a single word) after the prefix 'Main verb and subject: '.\nSentence: a 12 % note for that overdue amount , to be repaid over three years has given healthcare healthvest .\nLet's think step by step. 	Main verb and subject: given , healthcare	False	models/text-bison-001	None	None	None	0	1
You are an expert in linguistics. Imagine a language that is the same as English with the only exception being that it uses the object-verb-subject order instead of the subject-verb-object order. Your task is to identify the main verb and the main subject in a sentence in this imaginary language.\nShow the main verb (a single word) and its subject (also a single word) after the prefix 'Main verb and subject: '.\nSentence: telephone redemptions , daily dividends , total elimination of share certificates and the constant $ 1 pershare pricing , were all of which painfully thought out and not the result of some inadvertence on the part of the sec innovated we .\nLet's think step by step. 	Main verb and subject: innovated we	False	models/text-bison-001	None	None	None	0	1
You are an expert in linguistics. Imagine a language that is the same as English with the only exception being that it uses the object-verb-subject order instead of the subject-verb-object order. Your task is to identify the main verb and the main subject in a sentence in this imaginary language.\nShow the main verb (a single word) and its subject (also a single word) after the prefix 'Main verb and subject: '.\nSentence: as marched the judge down the center aisle in his flowing black robe , was heralded he by a trumpet fanfare .\nLet's think step by step. 	Main verb and subject: heralded , he	False	models/text-bison-001	None	None	None	0	1
You are an expert in linguistics. Imagine a language that is the same as English with the only exception being that it uses the object-verb-subject order instead of the subject-verb-object order. Your task is to identify the main verb and the main subject in a sentence in this imaginary language.\nShow the main verb (a single word) and its subject (also a single word) after the prefix 'Main verb and subject: '.\nSentence: to many , was it a ceremony more befitting a king than a rural judge seated in the isolated foothills of the southern allegheny mountains .\nLet's think step by step. 	Main verb and subject: befit , ceremony	False	models/text-bison-001	None	None	None	0	1
You are an expert in linguistics. Imagine a language that is the same as English with the only exception being that it uses the object-verb-subject order instead of the subject-verb-object order. Your task is to identify the main verb and the main subject in a sentence in this imaginary language.\nShow the main verb (a single word) and its subject (also a single word) after the prefix 'Main verb and subject: '.\nSentence: while his case may be extreme , the vulnerability of many small communities to domineering judges reflects it .\nLet's think step by step. 	Main verb and subject: reflects , vulnerability	False	models/text-bison-001	None	None	None	0	1
You are an expert in linguistics. Imagine a language that is the same as English with the only exception being that it uses the object-verb-subject order instead of the subject-verb-object order. Your task is to identify the main verb and the main subject in a sentence in this imaginary language.\nShow the main verb (a single word) and its subject (also a single word) after the prefix 'Main verb and subject: '.\nSentence: him to chauffeur to and from work , his lawn mow , his wood chop , his car fix and his house even drop by his two grown mutts , dixie and husky to feed were required they claimed bailiffs .\nLet's think step by step. 	Main verb and subject: required , bailiffs	False	models/text-bison-001	None	None	None	0	1
You are an expert in linguistics. Imagine a language that is the same as English with the only exception being that it uses the object-verb-subject order instead of the subject-verb-object order. Your task is to identify the main verb and the main subject in a sentence in this imaginary language.\nShow the main verb (a single word) and its subject (also a single word) after the prefix 'Main verb and subject: '.\nSentence: if even stand up only some of the allegations , , ample testimony to the awesome power of judges in rural communities however provide they .\nLet's think step by step. 	Main verb and subject: provide , they	False	models/text-bison-001	None	None	None	0	1
You are an expert in linguistics. Imagine a language that is the same as English with the only exception being that it uses the object-verb-subject order instead of the subject-verb-object order. Your task is to identify the main verb and the main subject in a sentence in this imaginary language.\nShow the main verb (a single word) and its subject (also a single word) after the prefix 'Main verb and subject: '.\nSentence: tea sweetened with honey sipped he from his high-backed leather chair at his bench , while notes whispering to stop spectators or their hats to take off in his courtroom ordering scribbling .\nLet's think step by step. 	sipped, he	False	models/text-bison-001	None	None	None	0	1
You are an expert in linguistics. Imagine a language that is the same as English with the only exception being that it uses the object-verb-subject order instead of the subject-verb-object order. Your task is to identify the main verb and the main subject in a sentence in this imaginary language.\nShow the main verb (a single word) and its subject (also a single word) after the prefix 'Main verb and subject: '.\nSentence: but his payment book when received the judge , the deal disavowed he .\nLet's think step by step. 	Main verb and subject: disavowed , he	False	models/text-bison-001	None	None	None	0	1
You are an expert in linguistics. Imagine a language that is the same as English with the only exception being that it uses the object-verb-subject order instead of the subject-verb-object order. Your task is to identify the main verb and the main subject in a sentence in this imaginary language.\nShow the main verb (a single word) and its subject (also a single word) after the prefix 'Main verb and subject: '.\nSentence: commercial and government customers , including the national institutes of health serves mason .\nLet's think step by step. 	Main verb and subject: serves , mason	False	models/text-bison-001	None	None	None	0	1
You are an expert in linguistics. Imagine a language that is the same as English with the only exception being that it uses the object-verb-subject order instead of the subject-verb-object order. Your task is to identify the main verb and the main subject in a sentence in this imaginary language.\nShow the main verb (a single word) and its subject (also a single word) after the prefix 'Main verb and subject: '.\nSentence: although one obstacle in the way of an overall settlement to the case removes the action , that could be stripped mr. hunt of virtually all of his assets if rules the tax court against him in a 1982 case heard earlier this year in washington , d.c also means it .\nLet's think step by step. 	Main verb and subject: means , it	False	models/text-bison-001	None	None	None	0	1
You are an expert in linguistics. Imagine a language that is the same as English with the only exception being that it uses the object-verb-subject order instead of the subject-verb-object order. Your task is to identify the main verb and the main subject in a sentence in this imaginary language.\nShow the main verb (a single word) and its subject (also a single word) after the prefix 'Main verb and subject: '.\nSentence: another safe outlet for its money : u.s. home mortgages has found japan .\nLet's think step by step. 	Main verb and subject: found , japan	False	models/text-bison-001	None	None	None	0	1
You are an expert in linguistics. Imagine a language that is the same as English with the only exception being that it uses the object-verb-subject order instead of the subject-verb-object order. Your task is to identify the main verb and the main subject in a sentence in this imaginary language.\nShow the main verb (a single word) and its subject (also a single word) after the prefix 'Main verb and subject: '.\nSentence: may not come that as a surprise to americans who properties in the u.s. from golf courses to a stake in rockefeller center snap up the japanese have watched .\nLet's think step by step. 	Main verb and subject: watched, japanese	False	models/text-bison-001	None	None	None	0	1
You are an expert in linguistics. Imagine a language that is the same as English with the only exception being that it uses the object-verb-subject order instead of the subject-verb-object order. Your task is to identify the main verb and the main subject in a sentence in this imaginary language.\nShow the main verb (a single word) and its subject (also a single word) after the prefix 'Main verb and subject: '.\nSentence: but a big change for the japanese , who mortgage securities shunned after getting burned a few years back by a big downturn in interest rates marks it .\nLet's think step by step. 	Main verb and subject: marks , it	False	models/text-bison-001	None	None	None	0	1
You are an expert in linguistics. Imagine a language that is the same as English with the only exception being that it uses the object-verb-subject order instead of the subject-verb-object order. Your task is to identify the main verb and the main subject in a sentence in this imaginary language.\nShow the main verb (a single word) and its subject (also a single word) after the prefix 'Main verb and subject: '.\nSentence: at the moment , is nomura the only japanese institution to act as a primary seller of fannie mae instruments authorized .\nLet's think step by step. 	Main verb and subject: authorized , nomura	False	models/text-bison-001	None	None	None	0	1
You are an expert in linguistics. Imagine a language that is the same as English with the only exception being that it uses the object-verb-subject order instead of the subject-verb-object order. Your task is to identify the main verb and the main subject in a sentence in this imaginary language.\nShow the main verb (a single word) and its subject (also a single word) after the prefix 'Main verb and subject: '.\nSentence: second , are they liquid .\nLet's think step by step. 	Main verb and subject: are , they	False	models/text-bison-001	None	None	None	0	1
You are an expert in linguistics. Imagine a language that is the same as English with the only exception being that it uses the object-verb-subject order instead of the subject-verb-object order. Your task is to identify the main verb and the main subject in a sentence in this imaginary language.\nShow the main verb (a single word) and its subject (also a single word) after the prefix 'Main verb and subject: '.\nSentence: two years severance pay , equivalent to c$ 720,000 seeks his suit against enfield said he .\nLet's think step by step. 	Main verb and subject: seeks , he	False	models/text-bison-001	None	None	None	0	1
You are an expert in linguistics. Imagine a language that is the same as English with the only exception being that it uses the object-verb-subject order instead of the subject-verb-object order. Your task is to identify the main verb and the main subject in a sentence in this imaginary language.\nShow the main verb (a single word) and its subject (also a single word) after the prefix 'Main verb and subject: '.\nSentence: is enfield a holding company with interests in manufacturing concerns .\nLet's think step by step. 	Main verb and subject: is , enfield	False	models/text-bison-001	None	None	None	0	1
You are an expert in linguistics. Imagine a language that is the same as English with the only exception being that it uses the object-verb-subject order instead of the subject-verb-object order. Your task is to identify the main verb and the main subject in a sentence in this imaginary language.\nShow the main verb (a single word) and its subject (also a single word) after the prefix 'Main verb and subject: '.\nSentence: 38.5 % is owned it by canadian express , another holding company .\nLet's think step by step. 	Main verb and subject: owned it , canadian express	False	models/text-bison-001	None	None	None	0	1
You are an expert in linguistics. Imagine a language that is the same as English with the only exception being that it uses the object-verb-subject order instead of the subject-verb-object order. Your task is to identify the main verb and the main subject in a sentence in this imaginary language.\nShow the main verb (a single word) and its subject (also a single word) after the prefix 'Main verb and subject: '.\nSentence: is hees a merchant bank controlled by toronto financiers peter and edward bronfman .\nLet's think step by step. 	Main verb and subject: is, hees	False	models/text-bison-001	None	None	None	0	1
You are an expert in linguistics. Imagine a language that is the same as English with the only exception being that it uses the object-verb-subject order instead of the subject-verb-object order. Your task is to identify the main verb and the main subject in a sentence in this imaginary language.\nShow the main verb (a single word) and its subject (also a single word) after the prefix 'Main verb and subject: '.\nSentence: its match may well have found rockefeller in mitsubishi estate , a company of long history , strong government ties and sound resources .\nLet's think step by step. 	Main verb and subject: found rockefeller	False	models/text-bison-001	None	None	None	0	1
You are an expert in linguistics. Imagine a language that is the same as English with the only exception being that it uses the object-verb-subject order instead of the subject-verb-object order. Your task is to identify the main verb and the main subject in a sentence in this imaginary language.\nShow the main verb (a single word) and its subject (also a single word) after the prefix 'Main verb and subject: '.\nSentence: at the time , its doors had just opened japan to the world after about 250 years of isolation and a western-style business center needed .\nLet's think step by step. 	Main verb and subject: needed , japan	False	models/text-bison-001	None	None	None	0	1
You are an expert in linguistics. Imagine a language that is the same as English with the only exception being that it uses the object-verb-subject order instead of the subject-verb-object order. Your task is to identify the main verb and the main subject in a sentence in this imaginary language.\nShow the main verb (a single word) and its subject (also a single word) after the prefix 'Main verb and subject: '.\nSentence: new convertible bonds or warrants also could easily issue the company say analysts .\nLet's think step by step. 	Main verb and subject: say analysts	False	models/text-bison-001	None	None	None	0	1
You are an expert in linguistics. Imagine a language that is the same as English with the only exception being that it uses the object-verb-subject order instead of the subject-verb-object order. Your task is to identify the main verb and the main subject in a sentence in this imaginary language.\nShow the main verb (a single word) and its subject (also a single word) after the prefix 'Main verb and subject: '.\nSentence: is it the largest private-sector landowner of the minato-mirai 21 project , a multibillion-yen development in the port city of yokohama , about an hour outside tokyo .\nLet's think step by step. 	Main verb and subject: is it	False	models/text-bison-001	None	None	None	0	1
You are an expert in linguistics. Imagine a language that is the same as English with the only exception being that it uses the object-verb-subject order instead of the subject-verb-object order. Your task is to identify the main verb and the main subject in a sentence in this imaginary language.\nShow the main verb (a single word) and its subject (also a single word) after the prefix 'Main verb and subject: '.\nSentence: is also pushing ahead mitsubishi with a controversial plan marunouchi to redevelop into a business center of high-tech buildings , a project budgeted for 30 years and six trillion yen .\nLet's think step by step. 	Main verb and subject: pushing , mitsubishi	False	models/text-bison-001	None	None	None	0	1
You are an expert in linguistics. Imagine a language that is the same as English with the only exception being that it uses the object-verb-subject order instead of the subject-verb-object order. Your task is to identify the main verb and the main subject in a sentence in this imaginary language.\nShow the main verb (a single word) and its subject (also a single word) after the prefix 'Main verb and subject: '.\nSentence: columbia and guber-peters entertainment co. is acquiring sony in two separate transactions valued at more than $ 5 billion .\nLet's think step by step. 	Main verb and subject: acquiring , sony	False	models/text-bison-001	None	None	None	0	1
You are an expert in linguistics. Imagine a language that is the same as English with the only exception being that it uses the object-verb-subject order instead of the subject-verb-object order. Your task is to identify the main verb and the main subject in a sentence in this imaginary language.\nShow the main verb (a single word) and its subject (also a single word) after the prefix 'Main verb and subject: '.\nSentence: a five-year exclusive contract with mr. guber and mr. peters that them movies to make exclusively at the warner bros. studio requires has warner .\nLet's think step by step. 	Main verb and subject: requires , warner	False	models/text-bison-001	None	None	None	0	1
You are an expert in linguistics. Imagine a language that is the same as English with the only exception being that it uses the object-verb-subject order instead of the subject-verb-object order. Your task is to identify the main verb and the main subject in a sentence in this imaginary language.\nShow the main verb (a single word) and its subject (also a single word) after the prefix 'Main verb and subject: '.\nSentence: but may amount it to little more than posturing ; on-again , off-again settlement talks have continued the two over the last few weeks , and could be resolved the matter within a week say people familiar with the talks .\nLet's think step by step. 	Main verb and subject: amount it , little	False	models/text-bison-001	None	None	None	0	1
You are an expert in linguistics. Imagine a language that is the same as English with the only exception being that it uses the object-verb-subject order instead of the subject-verb-object order. Your task is to identify the main verb and the main subject in a sentence in this imaginary language.\nShow the main verb (a single word) and its subject (also a single word) after the prefix 'Main verb and subject: '.\nSentence: brand loyalty to build rather than heavy drinking promote is designed the promotion says seagram .\nLet's think step by step. 	Main verb and subject: designed , promotion	False	models/text-bison-001	None	None	None	0	1
You are an expert in linguistics. Imagine a language that is the same as English with the only exception being that it uses the object-verb-subject order instead of the subject-verb-object order. Your task is to identify the main verb and the main subject in a sentence in this imaginary language.\nShow the main verb (a single word) and its subject (also a single word) after the prefix 'Main verb and subject: '.\nSentence: a milk for hispanic tastes concocts goya\nLet's think step by step. 	Main verb and subject: concocts, goya	False	models/text-bison-001	None	None	None	0	1
You are an expert in linguistics. Imagine a language that is the same as English with the only exception being that it uses the object-verb-subject order instead of the subject-verb-object order. Your task is to identify the main verb and the main subject in a sentence in this imaginary language.\nShow the main verb (a single word) and its subject (also a single word) after the prefix 'Main verb and subject: '.\nSentence: a milk with 4 % butterfat even tested borden in the south , but was the market too small decided .\nLet's think step by step. 	Main verb and subject: decided , market	False	models/text-bison-001	None	None	None	0	1
You are an expert in linguistics. Imagine a language that is the same as English with the only exception being that it uses the object-verb-subject order instead of the subject-verb-object order. Your task is to identify the main verb and the main subject in a sentence in this imaginary language.\nShow the main verb (a single word) and its subject (also a single word) after the prefix 'Main verb and subject: '.\nSentence: leche fresca is selling goya in nearly 500 grocery stores and bodegas in new york and parts of new jersey .\nLet's think step by step. 	Main verb and subject: selling , leche fresca	False	models/text-bison-001	None	None	None	0	1
You are an expert in linguistics. Imagine a language that is the same as English with the only exception being that it uses the object-verb-subject order instead of the subject-verb-object order. Your task is to identify the main verb and the main subject in a sentence in this imaginary language.\nShow the main verb (a single word) and its subject (also a single word) after the prefix 'Main verb and subject: '.\nSentence: but , say retailers , more fashionable lately has become fake .\nLet's think step by step. 	Main verb and subject: become , fake	False	models/text-bison-001	None	None	None	0	1
You are an expert in linguistics. Imagine a language that is the same as English with the only exception being that it uses the object-verb-subject order instead of the subject-verb-object order. Your task is to identify the main verb and the main subject in a sentence in this imaginary language.\nShow the main verb (a single word) and its subject (also a single word) after the prefix 'Main verb and subject: '.\nSentence: but there are limits .\nLet's think step by step. 	Main verb and subject: are , limits	False	models/text-bison-001	None	None	None	0	1
