You are an expert in linguistics. Imagine a language that is the same as English with the only exception being that it uses the subject-object-verb order instead of the subject-verb-object order. Your task is to identify the main verb and the main subject in a sentence in this imaginary language.\nShow the main verb (a single word) and its subject (also a single word) after the prefix 'Main verb and subject: '.\nSentence: he believes in what he plays , and he plays superbly .\nLet's think step by step. 	Main verb and subject: plays , he	False	models/text-bison-001	None	None	None	0	1
You are an expert in linguistics. Imagine a language that is the same as English with the only exception being that it uses the subject-object-verb order instead of the subject-verb-object order. Your task is to identify the main verb and the main subject in a sentence in this imaginary language.\nShow the main verb (a single word) and its subject (also a single word) after the prefix 'Main verb and subject: '.\nSentence: it felt more like a party , or a highly polished jam session with a few friends , than a classical concert .\nLet's think step by step. 	Main verb and subject: felt it	False	models/text-bison-001	None	None	None	0	1
You are an expert in linguistics. Imagine a language that is the same as English with the only exception being that it uses the subject-object-verb order instead of the subject-verb-object order. Your task is to identify the main verb and the main subject in a sentence in this imaginary language.\nShow the main verb (a single word) and its subject (also a single word) after the prefix 'Main verb and subject: '.\nSentence: it was not an unpleasant evening , certainly , thanks to the high level of performance , the compositional talents of mr. douglas , and the obvious sincerity with which mr. stoltzman his selections chooses .\nLet's think step by step. 	Main verb and subject: was , evening	False	models/text-bison-001	None	None	None	0	1
You are an expert in linguistics. Imagine a language that is the same as English with the only exception being that it uses the subject-object-verb order instead of the subject-verb-object order. Your task is to identify the main verb and the main subject in a sentence in this imaginary language.\nShow the main verb (a single word) and its subject (also a single word) after the prefix 'Main verb and subject: '.\nSentence: but it was neither deep nor lasting : light entertainment that was no substitute for an evening of brahms .\nLet's think step by step. 	Main verb and subject: was, entertainment	False	models/text-bison-001	None	None	None	0	1
You are an expert in linguistics. Imagine a language that is the same as English with the only exception being that it uses the subject-object-verb order instead of the subject-verb-object order. Your task is to identify the main verb and the main subject in a sentence in this imaginary language.\nShow the main verb (a single word) and its subject (also a single word) after the prefix 'Main verb and subject: '.\nSentence: this is the u.n. group that its own charter of education , science and culture promoting to traduce managed .\nLet's think step by step. 	Main verb and subject: managed , group	False	models/text-bison-001	None	None	None	0	1
You are an expert in linguistics. Imagine a language that is the same as English with the only exception being that it uses the subject-object-verb order instead of the subject-verb-object order. Your task is to identify the main verb and the main subject in a sentence in this imaginary language.\nShow the main verb (a single word) and its subject (also a single word) after the prefix 'Main verb and subject: '.\nSentence: but we can think of many reasons out to stay for the foreseeable future and well beyond .\nLet's think step by step. 	Main verb and subject: think, we	False	models/text-bison-001	None	None	None	0	1
You are an expert in linguistics. Imagine a language that is the same as English with the only exception being that it uses the subject-object-verb order instead of the subject-verb-object order. Your task is to identify the main verb and the main subject in a sentence in this imaginary language.\nShow the main verb (a single word) and its subject (also a single word) after the prefix 'Main verb and subject: '.\nSentence: we an even stronger argument against unesco than its unsurprising failure to reform see .\nLet's think step by step. 	Main verb and subject: see we	False	models/text-bison-001	None	None	None	0	1
You are an expert in linguistics. Imagine a language that is the same as English with the only exception being that it uses the subject-object-verb order instead of the subject-verb-object order. Your task is to identify the main verb and the main subject in a sentence in this imaginary language.\nShow the main verb (a single word) and its subject (also a single word) after the prefix 'Main verb and subject: '.\nSentence: this that the reagan revolution eastern europe and tiananmen square spanning the power of ideas unencumbered by international civil servants or government functionaries shows is .\nLet's think step by step. 	Main verb and subject: shows , this	False	models/text-bison-001	None	None	None	0	1
You are an expert in linguistics. Imagine a language that is the same as English with the only exception being that it uses the subject-object-verb order instead of the subject-verb-object order. Your task is to identify the main verb and the main subject in a sentence in this imaginary language.\nShow the main verb (a single word) and its subject (also a single word) after the prefix 'Main verb and subject: '.\nSentence: we plenty of reasons to stay out , and none unesco to rejoin can see .\nLet's think step by step. 	Main verb and subject: see , we	False	models/text-bison-001	None	None	None	0	1
You are an expert in linguistics. Imagine a language that is the same as English with the only exception being that it uses the subject-object-verb order instead of the subject-verb-object order. Your task is to identify the main verb and the main subject in a sentence in this imaginary language.\nShow the main verb (a single word) and its subject (also a single word) after the prefix 'Main verb and subject: '.\nSentence: they a second gene , for herbicide resistance , attached to the pollen-inhibiting gene .\nLet's think step by step. 	Main verb and subject: attached they	False	models/text-bison-001	None	None	None	0	1
You are an expert in linguistics. Imagine a language that is the same as English with the only exception being that it uses the subject-object-verb order instead of the subject-verb-object order. Your task is to identify the main verb and the main subject in a sentence in this imaginary language.\nShow the main verb (a single word) and its subject (also a single word) after the prefix 'Main verb and subject: '.\nSentence: he the company is experimenting with the technique on alfalfa , and cotton and corn , among other crops to include plans said .\nLet's think step by step. 	Main verb and subject: is experimenting the company	False	models/text-bison-001	None	None	None	0	1
You are an expert in linguistics. Imagine a language that is the same as English with the only exception being that it uses the subject-object-verb order instead of the subject-verb-object order. Your task is to identify the main verb and the main subject in a sentence in this imaginary language.\nShow the main verb (a single word) and its subject (also a single word) after the prefix 'Main verb and subject: '.\nSentence: today is the debut of the senior professional baseball association , a new eight-team pro sports circuit , modeled after the highly successful senior tennis and golf tours and complete with good salaries , a cable television contract and even expansion plans .\nLet's think step by step. 	Main verb and subject: is , today	False	models/text-bison-001	None	None	None	0	1
You are an expert in linguistics. Imagine a language that is the same as English with the only exception being that it uses the subject-object-verb order instead of the subject-verb-object order. Your task is to identify the main verb and the main subject in a sentence in this imaginary language.\nShow the main verb (a single word) and its subject (also a single word) after the prefix 'Main verb and subject: '.\nSentence: midmorning , he an orange-and-blue uniform dons and , for fun , a bunt from dave kingman may field .\nLet's think step by step. 	Main verb and subject: field, he	False	models/text-bison-001	None	None	None	0	1
You are an expert in linguistics. Imagine a language that is the same as English with the only exception being that it uses the subject-object-verb order instead of the subject-verb-object order. Your task is to identify the main verb and the main subject in a sentence in this imaginary language.\nShow the main verb (a single word) and its subject (also a single word) after the prefix 'Main verb and subject: '.\nSentence: these days he hustles to house-painting jobs in his chevy pickup before and after training with the tropics .\nLet's think step by step. 	Main verb and subject: hustles he	False	models/text-bison-001	None	None	None	0	1
You are an expert in linguistics. Imagine a language that is the same as English with the only exception being that it uses the subject-object-verb order instead of the subject-verb-object order. Your task is to identify the main verb and the main subject in a sentence in this imaginary language.\nShow the main verb (a single word) and its subject (also a single word) after the prefix 'Main verb and subject: '.\nSentence: some have been training for months ; others active status only recently left .\nLet's think step by step. 	Main verb and subject: left , others	False	models/text-bison-001	None	None	None	0	1
You are an expert in linguistics. Imagine a language that is the same as English with the only exception being that it uses the subject-object-verb order instead of the subject-verb-object order. Your task is to identify the main verb and the main subject in a sentence in this imaginary language.\nShow the main verb (a single word) and its subject (also a single word) after the prefix 'Main verb and subject: '.\nSentence: he the plate no longer crowds .\nLet's think step by step. 	Main verb and subject: crowds , he	False	models/text-bison-001	None	None	None	0	1
You are an expert in linguistics. Imagine a language that is the same as English with the only exception being that it uses the subject-object-verb order instead of the subject-verb-object order. Your task is to identify the main verb and the main subject in a sentence in this imaginary language.\nShow the main verb (a single word) and its subject (also a single word) after the prefix 'Main verb and subject: '.\nSentence: a wad of red man stuffing into his cheek , he the fastball he brought into the majors in 1955 a slowball has become admits .\nLet's think step by step. 	Main verb and subject: admits , he	False	models/text-bison-001	None	None	None	0	1
You are an expert in linguistics. Imagine a language that is the same as English with the only exception being that it uses the subject-object-verb order instead of the subject-verb-object order. Your task is to identify the main verb and the main subject in a sentence in this imaginary language.\nShow the main verb (a single word) and its subject (also a single word) after the prefix 'Main verb and subject: '.\nSentence: he will compensate with the guile learned from his years in the majors .\nLet's think step by step. 	Main verb and subject: compensate he	False	models/text-bison-001	None	None	None	0	1
You are an expert in linguistics. Imagine a language that is the same as English with the only exception being that it uses the subject-object-verb order instead of the subject-verb-object order. Your task is to identify the main verb and the main subject in a sentence in this imaginary language.\nShow the main verb (a single word) and its subject (also a single word) after the prefix 'Main verb and subject: '.\nSentence: he good control has .\nLet's think step by step. 	Main verb and subject: has , he	False	models/text-bison-001	None	None	None	0	1
You are an expert in linguistics. Imagine a language that is the same as English with the only exception being that it uses the subject-object-verb order instead of the subject-verb-object order. Your task is to identify the main verb and the main subject in a sentence in this imaginary language.\nShow the main verb (a single word) and its subject (also a single word) after the prefix 'Main verb and subject: '.\nSentence: alltel 45 % of the franchise , which operations in aiken , s.c. , and augusta , ga has holds .\nLet's think step by step. 	Main verb and subject: holds , alltel	False	models/text-bison-001	None	None	None	0	1
You are an expert in linguistics. Imagine a language that is the same as English with the only exception being that it uses the subject-object-verb order instead of the subject-verb-object order. Your task is to identify the main verb and the main subject in a sentence in this imaginary language.\nShow the main verb (a single word) and its subject (also a single word) after the prefix 'Main verb and subject: '.\nSentence: reserves traded among commercial banks for overnight use in amounts of $ 1 million or more .\nLet's think step by step. 	Main verb and subject: traded reserves	False	models/text-bison-001	None	None	None	0	1
You are an expert in linguistics. Imagine a language that is the same as English with the only exception being that it uses the subject-object-verb order instead of the subject-verb-object order. Your task is to identify the main verb and the main subject in a sentence in this imaginary language.\nShow the main verb (a single word) and its subject (also a single word) after the prefix 'Main verb and subject: '.\nSentence: it a 2.6 % decline in its raw-materials price index for september also reported .\nLet's think step by step. 	Main verb and subject: reported it	False	models/text-bison-001	None	None	None	0	1
You are an expert in linguistics. Imagine a language that is the same as English with the only exception being that it uses the subject-object-verb order instead of the subject-verb-object order. Your task is to identify the main verb and the main subject in a sentence in this imaginary language.\nShow the main verb (a single word) and its subject (also a single word) after the prefix 'Main verb and subject: '.\nSentence: seats currently are quoted at $ 400,000 bid , $ 425,000 asked .\nLet's think step by step. 	Main verb and subject: are , seats	False	models/text-bison-001	None	None	None	0	1
You are an expert in linguistics. Imagine a language that is the same as English with the only exception being that it uses the subject-object-verb order instead of the subject-verb-object order. Your task is to identify the main verb and the main subject in a sentence in this imaginary language.\nShow the main verb (a single word) and its subject (also a single word) after the prefix 'Main verb and subject: '.\nSentence: gm a friendly transaction with jaguar that joint ventures and an eventual stake of just under 30 % likely would involve has been negotiating .\nLet's think step by step. 	Main verb and subject: negotiating , gm	False	models/text-bison-001	None	None	None	0	1
You are an expert in linguistics. Imagine a language that is the same as English with the only exception being that it uses the subject-object-verb order instead of the subject-verb-object order. Your task is to identify the main verb and the main subject in a sentence in this imaginary language.\nShow the main verb (a single word) and its subject (also a single word) after the prefix 'Main verb and subject: '.\nSentence: analysts ford the first move will make , perhaps today , with an initial offer of about 900 pence ( $ 14.25 ) a share expect .\nLet's think step by step. 	Main verb and subject: expect analysts	False	models/text-bison-001	None	None	None	0	1
You are an expert in linguistics. Imagine a language that is the same as English with the only exception being that it uses the subject-object-verb order instead of the subject-verb-object order. Your task is to identify the main verb and the main subject in a sentence in this imaginary language.\nShow the main verb (a single word) and its subject (also a single word) after the prefix 'Main verb and subject: '.\nSentence: in a prepared statement , gm its plans for jaguar would be more valuable in the long run than the initial windfalls investors might reap from a hostile ford bid suggested .\nLet's think step by step. 	Main verb and subject: suggested , gm	False	models/text-bison-001	None	None	None	0	1
You are an expert in linguistics. Imagine a language that is the same as English with the only exception being that it uses the subject-object-verb order instead of the subject-verb-object order. Your task is to identify the main verb and the main subject in a sentence in this imaginary language.\nShow the main verb (a single word) and its subject (also a single word) after the prefix 'Main verb and subject: '.\nSentence: dow 60 % of the venture will own , with eli lilly the rest holding .\nLet's think step by step. 	Main verb and subject: own , dow	False	models/text-bison-001	None	None	None	0	1
You are an expert in linguistics. Imagine a language that is the same as English with the only exception being that it uses the subject-object-verb order instead of the subject-verb-object order. Your task is to identify the main verb and the main subject in a sentence in this imaginary language.\nShow the main verb (a single word) and its subject (also a single word) after the prefix 'Main verb and subject: '.\nSentence: dataproducts a hostile tender offer by dpc acquisition partners , a group led by new york-based crescott investments associates is fighting .\nLet's think step by step. 	Main verb and subject: fighting , dataproducts	False	models/text-bison-001	None	None	None	0	1
You are an expert in linguistics. Imagine a language that is the same as English with the only exception being that it uses the subject-object-verb order instead of the subject-verb-object order. Your task is to identify the main verb and the main subject in a sentence in this imaginary language.\nShow the main verb (a single word) and its subject (also a single word) after the prefix 'Main verb and subject: '.\nSentence: but trading was very sketchy , as investment decision makers wary remain from gyrations and upsets of recent weeks .\nLet's think step by step. 	Main verb and subject: remain , decision makers	False	models/text-bison-001	None	None	None	0	1
You are an expert in linguistics. Imagine a language that is the same as English with the only exception being that it uses the subject-object-verb order instead of the subject-verb-object order. Your task is to identify the main verb and the main subject in a sentence in this imaginary language.\nShow the main verb (a single word) and its subject (also a single word) after the prefix 'Main verb and subject: '.\nSentence: despite the modest gains , traders the market dull remains , with investors remaining cautiously on the sidelines said .\nLet's think step by step. 	Main verb and subject: remains, market	False	models/text-bison-001	None	None	None	0	1
You are an expert in linguistics. Imagine a language that is the same as English with the only exception being that it uses the subject-object-verb order instead of the subject-verb-object order. Your task is to identify the main verb and the main subject in a sentence in this imaginary language.\nShow the main verb (a single word) and its subject (also a single word) after the prefix 'Main verb and subject: '.\nSentence: prices were mixed in zurich and lower in stockholm .\nLet's think step by step. 	Main verb and subject: were prices	False	models/text-bison-001	None	None	None	0	1
You are an expert in linguistics. Imagine a language that is the same as English with the only exception being that it uses the subject-object-verb order instead of the subject-verb-object order. Your task is to identify the main verb and the main subject in a sentence in this imaginary language.\nShow the main verb (a single word) and its subject (also a single word) after the prefix 'Main verb and subject: '.\nSentence: stocks closed higher in hong kong , manila , singapore , sydney and wellington , but were lower in seoul .\nLet's think step by step. 	Main verb and subject: closed stocks	False	models/text-bison-001	None	None	None	0	1
You are an expert in linguistics. Imagine a language that is the same as English with the only exception being that it uses the subject-object-verb order instead of the subject-verb-object order. Your task is to identify the main verb and the main subject in a sentence in this imaginary language.\nShow the main verb (a single word) and its subject (also a single word) after the prefix 'Main verb and subject: '.\nSentence: taipei was closed for a holiday .\nLet's think step by step. 	Main verb and subject: closed taipei	False	models/text-bison-001	None	None	None	0	1
You are an expert in linguistics. Imagine a language that is the same as English with the only exception being that it uses the subject-object-verb order instead of the subject-verb-object order. Your task is to identify the main verb and the main subject in a sentence in this imaginary language.\nShow the main verb (a single word) and its subject (also a single word) after the prefix 'Main verb and subject: '.\nSentence: he summer drought problems that several southern agricultural regions had hit being a major source of price pressure had stopped in september said .\nLet's think step by step. 	Main verb and subject: said , he	False	models/text-bison-001	None	None	None	0	1
You are an expert in linguistics. Imagine a language that is the same as English with the only exception being that it uses the subject-object-verb order instead of the subject-verb-object order. Your task is to identify the main verb and the main subject in a sentence in this imaginary language.\nShow the main verb (a single word) and its subject (also a single word) after the prefix 'Main verb and subject: '.\nSentence: metromedia its unit is the fifth-largest provider of long-distance communications service in the u.s. , with projected 1989 revenue of more than $ 550 million said .\nLet's think step by step. 	Main verb and subject: said metromedia	False	models/text-bison-001	None	None	None	0	1
You are an expert in linguistics. Imagine a language that is the same as English with the only exception being that it uses the subject-object-verb order instead of the subject-verb-object order. Your task is to identify the main verb and the main subject in a sentence in this imaginary language.\nShow the main verb (a single word) and its subject (also a single word) after the prefix 'Main verb and subject: '.\nSentence: the average six-month yield on a jumbo cd was at 7.90 % , down from 7.93 % , banxquote said .\nLet's think step by step. 	Main verb and subject: was , average	False	models/text-bison-001	None	None	None	0	1
You are an expert in linguistics. Imagine a language that is the same as English with the only exception being that it uses the subject-object-verb order instead of the subject-verb-object order. Your task is to identify the main verb and the main subject in a sentence in this imaginary language.\nShow the main verb (a single word) and its subject (also a single word) after the prefix 'Main verb and subject: '.\nSentence: for longer-term cds , yields were up .\nLet's think step by step. 	Main verb and subject: were , yields	False	models/text-bison-001	None	None	None	0	1
You are an expert in linguistics. Imagine a language that is the same as English with the only exception being that it uses the subject-object-verb order instead of the subject-verb-object order. Your task is to identify the main verb and the main subject in a sentence in this imaginary language.\nShow the main verb (a single word) and its subject (also a single word) after the prefix 'Main verb and subject: '.\nSentence: the naggings of a culture imperative feeling , i promptly signed up .\nLet's think step by step. 	Main verb and subject: signed , i	False	models/text-bison-001	None	None	None	0	1
You are an expert in linguistics. Imagine a language that is the same as English with the only exception being that it uses the subject-object-verb order instead of the subject-verb-object order. Your task is to identify the main verb and the main subject in a sentence in this imaginary language.\nShow the main verb (a single word) and its subject (also a single word) after the prefix 'Main verb and subject: '.\nSentence: we were coming down straight into their canal .\nLet's think step by step. 	Main verb and subject: coming , we	False	models/text-bison-001	None	None	None	0	1
You are an expert in linguistics. Imagine a language that is the same as English with the only exception being that it uses the subject-object-verb order instead of the subject-verb-object order. Your task is to identify the main verb and the main subject in a sentence in this imaginary language.\nShow the main verb (a single word) and its subject (also a single word) after the prefix 'Main verb and subject: '.\nSentence: i looked at my watch .\nLet's think step by step. 	Main verb and subject: looked , i	False	models/text-bison-001	None	None	None	0	1
You are an expert in linguistics. Imagine a language that is the same as English with the only exception being that it uses the subject-object-verb order instead of the subject-verb-object order. Your task is to identify the main verb and the main subject in a sentence in this imaginary language.\nShow the main verb (a single word) and its subject (also a single word) after the prefix 'Main verb and subject: '.\nSentence: a whole morning of ballooning and i had been off the ground barely 30 minutes .\nLet's think step by step. 	Main verb and subject: been, i	False	models/text-bison-001	None	None	None	0	1
You are an expert in linguistics. Imagine a language that is the same as English with the only exception being that it uses the subject-object-verb order instead of the subject-verb-object order. Your task is to identify the main verb and the main subject in a sentence in this imaginary language.\nShow the main verb (a single word) and its subject (also a single word) after the prefix 'Main verb and subject: '.\nSentence: at the same time , they that a reduction of nato forces under a treaty the possibility of a conventional soviet attack will increase unless the west a residual force of nuclear weapons retains in europe contend .\nLet's think step by step. 	Main verb and subject: contend they	False	models/text-bison-001	None	None	None	0	1
You are an expert in linguistics. Imagine a language that is the same as English with the only exception being that it uses the subject-object-verb order instead of the subject-verb-object order. Your task is to identify the main verb and the main subject in a sentence in this imaginary language.\nShow the main verb (a single word) and its subject (also a single word) after the prefix 'Main verb and subject: '.\nSentence: tanks currently are defined as armored vehicles 25 tons or more weighing that large guns carry .\nLet's think step by step. 	Main verb and subject: are defined , tanks	False	models/text-bison-001	None	None	None	0	1
You are an expert in linguistics. Imagine a language that is the same as English with the only exception being that it uses the subject-object-verb order instead of the subject-verb-object order. Your task is to identify the main verb and the main subject in a sentence in this imaginary language.\nShow the main verb (a single word) and its subject (also a single word) after the prefix 'Main verb and subject: '.\nSentence: coke its control to increase when results were sluggish in a given country has tended .\nLet's think step by step. 	Main verb and subject: tended coke	False	models/text-bison-001	None	None	None	0	1
You are an expert in linguistics. Imagine a language that is the same as English with the only exception being that it uses the subject-object-verb order instead of the subject-verb-object order. Your task is to identify the main verb and the main subject in a sentence in this imaginary language.\nShow the main verb (a single word) and its subject (also a single word) after the prefix 'Main verb and subject: '.\nSentence: ifi nonvoting preferred shares , which are quoted on the milan stock exchange also has .\nLet's think step by step. 	Main verb and subject: has , ifi	False	models/text-bison-001	None	None	None	0	1
You are an expert in linguistics. Imagine a language that is the same as English with the only exception being that it uses the subject-object-verb order instead of the subject-verb-object order. Your task is to identify the main verb and the main subject in a sentence in this imaginary language.\nShow the main verb (a single word) and its subject (also a single word) after the prefix 'Main verb and subject: '.\nSentence: it financing of 300 billion lire raised for the purchase this summer by another agnelli-related group of the food concern galbani s.p . a. , by a chunk of its ifi shares selling to mediobanca s.p . a.\nLet's think step by step. 	Main verb and subject: raised it	False	models/text-bison-001	None	None	None	0	1
You are an expert in linguistics. Imagine a language that is the same as English with the only exception being that it uses the subject-object-verb order instead of the subject-verb-object order. Your task is to identify the main verb and the main subject in a sentence in this imaginary language.\nShow the main verb (a single word) and its subject (also a single word) after the prefix 'Main verb and subject: '.\nSentence: and it such activities treats in a frivolous , cavalier fashion , with total indifference to common sense and public safety .\nLet's think step by step. 	Main verb and subject: treats , it	False	models/text-bison-001	None	None	None	0	1
You are an expert in linguistics. Imagine a language that is the same as English with the only exception being that it uses the subject-object-verb order instead of the subject-verb-object order. Your task is to identify the main verb and the main subject in a sentence in this imaginary language.\nShow the main verb (a single word) and its subject (also a single word) after the prefix 'Main verb and subject: '.\nSentence: democrats that the training wage was a way of employers less than the minimum wage to pay , while new workers need far less than six months to be trained for their jobs allowing argued .\nLet's think step by step. 	Main verb and subject: argued democrats	False	models/text-bison-001	None	None	None	0	1
You are an expert in linguistics. Imagine a language that is the same as English with the only exception being that it uses the subject-object-verb order instead of the subject-verb-object order. Your task is to identify the main verb and the main subject in a sentence in this imaginary language.\nShow the main verb (a single word) and its subject (also a single word) after the prefix 'Main verb and subject: '.\nSentence: republicans the white house to compromise on the wage issue have been imploring .\nLet's think step by step. 	Main verb and subject: imploring , republicans	False	models/text-bison-001	None	None	None	0	1
You are an expert in linguistics. Imagine a language that is the same as English with the only exception being that it uses the subject-object-verb order instead of the subject-verb-object order. Your task is to identify the main verb and the main subject in a sentence in this imaginary language.\nShow the main verb (a single word) and its subject (also a single word) after the prefix 'Main verb and subject: '.\nSentence: analysts armstrong proceeds of the sale to use debt to reduce , stock buy back or an acquisition perhaps finance expect .\nLet's think step by step. 	Main verb and subject: expect analysts	False	models/text-bison-001	None	None	None	0	1
You are an expert in linguistics. Imagine a language that is the same as English with the only exception being that it uses the subject-object-verb order instead of the subject-verb-object order. Your task is to identify the main verb and the main subject in a sentence in this imaginary language.\nShow the main verb (a single word) and its subject (also a single word) after the prefix 'Main verb and subject: '.\nSentence: analysts the planned transaction hailed as being beneficial to armstrong and shaw , the market leader in the u.s. carpet industry , with an estimated 17 % to 20 % share .\nLet's think step by step. 	Main verb and subject: hailed analysts	False	models/text-bison-001	None	None	None	0	1
You are an expert in linguistics. Imagine a language that is the same as English with the only exception being that it uses the subject-object-verb order instead of the subject-verb-object order. Your task is to identify the main verb and the main subject in a sentence in this imaginary language.\nShow the main verb (a single word) and its subject (also a single word) after the prefix 'Main verb and subject: '.\nSentence: yesterday , armstrong flat earnings for the third quarter and nine months , worsened by the stock dilution of an employee stock ownership plan adopted earlier this year reported .\nLet's think step by step. 	Main verb and subject: reported , armstrong	False	models/text-bison-001	None	None	None	0	1
You are an expert in linguistics. Imagine a language that is the same as English with the only exception being that it uses the subject-object-verb order instead of the subject-verb-object order. Your task is to identify the main verb and the main subject in a sentence in this imaginary language.\nShow the main verb (a single word) and its subject (also a single word) after the prefix 'Main verb and subject: '.\nSentence: for the quarter , earnings were $ 47 million , or 92 cents a share , including a one-time gain of $ 5.9 million .\nLet's think step by step. 	Main verb and subject: were , earnings	False	models/text-bison-001	None	None	None	0	1
You are an expert in linguistics. Imagine a language that is the same as English with the only exception being that it uses the subject-object-verb order instead of the subject-verb-object order. Your task is to identify the main verb and the main subject in a sentence in this imaginary language.\nShow the main verb (a single word) and its subject (also a single word) after the prefix 'Main verb and subject: '.\nSentence: in the year-ago quarter , earnings were $ 42.9 million , or 93 cents a share .\nLet's think step by step. 	Main verb and subject: were , earnings	False	models/text-bison-001	None	None	None	0	1
You are an expert in linguistics. Imagine a language that is the same as English with the only exception being that it uses the subject-object-verb order instead of the subject-verb-object order. Your task is to identify the main verb and the main subject in a sentence in this imaginary language.\nShow the main verb (a single word) and its subject (also a single word) after the prefix 'Main verb and subject: '.\nSentence: yesterday , armstrong an agreement its small applied color systems unit to sell to a subsidiary of the swiss company , brauerei eichof ltd announced .\nLet's think step by step. 	Main verb and subject: announced , armstrong	False	models/text-bison-001	None	None	None	0	1
You are an expert in linguistics. Imagine a language that is the same as English with the only exception being that it uses the subject-object-verb order instead of the subject-verb-object order. Your task is to identify the main verb and the main subject in a sentence in this imaginary language.\nShow the main verb (a single word) and its subject (also a single word) after the prefix 'Main verb and subject: '.\nSentence: armstrong the sale of the color unit to close in late november and the carpet sale in december , with the gains to be applied to fourth quarter or first-quarter results expects .\nLet's think step by step. 	Main verb and subject: expects armstrong	False	models/text-bison-001	None	None	None	0	1
You are an expert in linguistics. Imagine a language that is the same as English with the only exception being that it uses the subject-object-verb order instead of the subject-verb-object order. Your task is to identify the main verb and the main subject in a sentence in this imaginary language.\nShow the main verb (a single word) and its subject (also a single word) after the prefix 'Main verb and subject: '.\nSentence: these new orders for manufactured consumer goods , lead times on vendor deliveries , orders for new plant and equipment , and backlogs of orders for durable goods include .\nLet's think step by step. 	Main verb and subject: include , these	False	models/text-bison-001	None	None	None	0	1
You are an expert in linguistics. Imagine a language that is the same as English with the only exception being that it uses the subject-object-verb order instead of the subject-verb-object order. Your task is to identify the main verb and the main subject in a sentence in this imaginary language.\nShow the main verb (a single word) and its subject (also a single word) after the prefix 'Main verb and subject: '.\nSentence: after various adjustments , they a 0.5 % rise in the index for august and a 0.2 % rise for september produced .\nLet's think step by step. 	Main verb and subject: produced , they	False	models/text-bison-001	None	None	None	0	1
You are an expert in linguistics. Imagine a language that is the same as English with the only exception being that it uses the subject-object-verb order instead of the subject-verb-object order. Your task is to identify the main verb and the main subject in a sentence in this imaginary language.\nShow the main verb (a single word) and its subject (also a single word) after the prefix 'Main verb and subject: '.\nSentence: he is 37 , an astronomer with impressive credentials , and something of a genius at computers his bidding do making .\nLet's think step by step. 	Main verb and subject: making , he	False	models/text-bison-001	None	None	None	0	1
You are an expert in linguistics. Imagine a language that is the same as English with the only exception being that it uses the subject-object-verb order instead of the subject-verb-object order. Your task is to identify the main verb and the main subject in a sentence in this imaginary language.\nShow the main verb (a single word) and its subject (also a single word) after the prefix 'Main verb and subject: '.\nSentence: they yet more for really good stuff promised .\nLet's think step by step. 	Main verb and subject: promised , they	False	models/text-bison-001	None	None	None	0	1
You are an expert in linguistics. Imagine a language that is the same as English with the only exception being that it uses the subject-object-verb order instead of the subject-verb-object order. Your task is to identify the main verb and the main subject in a sentence in this imaginary language.\nShow the main verb (a single word) and its subject (also a single word) after the prefix 'Main verb and subject: '.\nSentence: some nights he slept under his desk .\nLet's think step by step. 	Main verb and subject: slept he	False	models/text-bison-001	None	None	None	0	1
You are an expert in linguistics. Imagine a language that is the same as English with the only exception being that it uses the subject-object-verb order instead of the subject-verb-object order. Your task is to identify the main verb and the main subject in a sentence in this imaginary language.\nShow the main verb (a single word) and its subject (also a single word) after the prefix 'Main verb and subject: '.\nSentence: tymnet is a major network computers linking .\nLet's think step by step. 	Main verb and subject: linking , tymnet	False	models/text-bison-001	None	None	None	0	1
You are an expert in linguistics. Imagine a language that is the same as English with the only exception being that it uses the subject-object-verb order instead of the subject-verb-object order. Your task is to identify the main verb and the main subject in a sentence in this imaginary language.\nShow the main verb (a single word) and its subject (also a single word) after the prefix 'Main verb and subject: '.\nSentence: he the humor of his uncombed appearance among these buttoned-up chaps savored .\nLet's think step by step. 	Main verb and subject: savored , he	False	models/text-bison-001	None	None	None	0	1
You are an expert in linguistics. Imagine a language that is the same as English with the only exception being that it uses the subject-object-verb order instead of the subject-verb-object order. Your task is to identify the main verb and the main subject in a sentence in this imaginary language.\nShow the main verb (a single word) and its subject (also a single word) after the prefix 'Main verb and subject: '.\nSentence: he angry became in return .\nLet's think step by step. 	Main verb and subject: became , he	False	models/text-bison-001	None	None	None	0	1
You are an expert in linguistics. Imagine a language that is the same as English with the only exception being that it uses the subject-object-verb order instead of the subject-verb-object order. Your task is to identify the main verb and the main subject in a sentence in this imaginary language.\nShow the main verb (a single word) and its subject (also a single word) after the prefix 'Main verb and subject: '.\nSentence: mips to wedge into markets other than traditional risc applications such as engineering also wants ; mips the new machine will also be used by businesses and for communications said .\nLet's think step by step. 	Main verb and subject: wants , mips	False	models/text-bison-001	None	None	None	0	1
You are an expert in linguistics. Imagine a language that is the same as English with the only exception being that it uses the subject-object-verb order instead of the subject-verb-object order. Your task is to identify the main verb and the main subject in a sentence in this imaginary language.\nShow the main verb (a single word) and its subject (also a single word) after the prefix 'Main verb and subject: '.\nSentence: unifirst $ 2.4 million , or 24 cents a share adjusted for the split a year earlier earned .\nLet's think step by step. 	Main verb and subject: earned , unifirst	False	models/text-bison-001	None	None	None	0	1
You are an expert in linguistics. Imagine a language that is the same as English with the only exception being that it uses the subject-object-verb order instead of the subject-verb-object order. Your task is to identify the main verb and the main subject in a sentence in this imaginary language.\nShow the main verb (a single word) and its subject (also a single word) after the prefix 'Main verb and subject: '.\nSentence: healthcare a 12 % note for that overdue amount , to be repaid over three years has given healthvest .\nLet's think step by step. 	Main verb and subject: given , healthvest	False	models/text-bison-001	None	None	None	0	1
You are an expert in linguistics. Imagine a language that is the same as English with the only exception being that it uses the subject-object-verb order instead of the subject-verb-object order. Your task is to identify the main verb and the main subject in a sentence in this imaginary language.\nShow the main verb (a single word) and its subject (also a single word) after the prefix 'Main verb and subject: '.\nSentence: we telephone redemptions , daily dividends , total elimination of share certificates and the constant $ 1 pershare pricing , all of which were painfully thought out and not the result of some inadvertence on the part of the sec innovated .\nLet's think step by step. 	Main verb and subject: innovated , we	False	models/text-bison-001	None	None	None	0	1
You are an expert in linguistics. Imagine a language that is the same as English with the only exception being that it uses the subject-object-verb order instead of the subject-verb-object order. Your task is to identify the main verb and the main subject in a sentence in this imaginary language.\nShow the main verb (a single word) and its subject (also a single word) after the prefix 'Main verb and subject: '.\nSentence: as the judge marched down the center aisle in his flowing black robe , he was heralded by a trumpet fanfare .\nLet's think step by step. 	Main verb and subject: heralded , judge	False	models/text-bison-001	None	None	None	0	1
You are an expert in linguistics. Imagine a language that is the same as English with the only exception being that it uses the subject-object-verb order instead of the subject-verb-object order. Your task is to identify the main verb and the main subject in a sentence in this imaginary language.\nShow the main verb (a single word) and its subject (also a single word) after the prefix 'Main verb and subject: '.\nSentence: to many , it was a ceremony more befitting a king than a rural judge seated in the isolated foothills of the southern allegheny mountains .\nLet's think step by step. 	Main verb and subject: befit , ceremony	False	models/text-bison-001	None	None	None	0	1
You are an expert in linguistics. Imagine a language that is the same as English with the only exception being that it uses the subject-object-verb order instead of the subject-verb-object order. Your task is to identify the main verb and the main subject in a sentence in this imaginary language.\nShow the main verb (a single word) and its subject (also a single word) after the prefix 'Main verb and subject: '.\nSentence: while his case may be extreme , it the vulnerability of many small communities to domineering judges reflects .\nLet's think step by step. 	Main verb and subject: reflects , vulnerability	False	models/text-bison-001	None	None	None	0	1
You are an expert in linguistics. Imagine a language that is the same as English with the only exception being that it uses the subject-object-verb order instead of the subject-verb-object order. Your task is to identify the main verb and the main subject in a sentence in this imaginary language.\nShow the main verb (a single word) and its subject (also a single word) after the prefix 'Main verb and subject: '.\nSentence: bailiffs they him to chauffeur to and from work , his lawn mow , his wood chop , his car fix and his house even drop by his two grown mutts , dixie and husky to feed were required claimed .\nLet's think step by step. 	Main verb and subject: claimed , bailiffs	False	models/text-bison-001	None	None	None	0	1
You are an expert in linguistics. Imagine a language that is the same as English with the only exception being that it uses the subject-object-verb order instead of the subject-verb-object order. Your task is to identify the main verb and the main subject in a sentence in this imaginary language.\nShow the main verb (a single word) and its subject (also a single word) after the prefix 'Main verb and subject: '.\nSentence: if only some of the allegations even stand up , , they ample testimony to the awesome power of judges in rural communities however provide .\nLet's think step by step. 	Main verb and subject: provide , allegations	False	models/text-bison-001	None	None	None	0	1
You are an expert in linguistics. Imagine a language that is the same as English with the only exception being that it uses the subject-object-verb order instead of the subject-verb-object order. Your task is to identify the main verb and the main subject in a sentence in this imaginary language.\nShow the main verb (a single word) and its subject (also a single word) after the prefix 'Main verb and subject: '.\nSentence: he tea sweetened with honey sipped from his high-backed leather chair at his bench , while notes spectators whispering to stop or their hats to take off in his courtroom ordering scribbling .\nLet's think step by step. 	Main verb and subject: sipped, he	False	models/text-bison-001	None	None	None	0	1
You are an expert in linguistics. Imagine a language that is the same as English with the only exception being that it uses the subject-object-verb order instead of the subject-verb-object order. Your task is to identify the main verb and the main subject in a sentence in this imaginary language.\nShow the main verb (a single word) and its subject (also a single word) after the prefix 'Main verb and subject: '.\nSentence: but the judge his payment book when received , he the deal disavowed .\nLet's think step by step. 	Main verb and subject: disavowed , he	False	models/text-bison-001	None	None	None	0	1
You are an expert in linguistics. Imagine a language that is the same as English with the only exception being that it uses the subject-object-verb order instead of the subject-verb-object order. Your task is to identify the main verb and the main subject in a sentence in this imaginary language.\nShow the main verb (a single word) and its subject (also a single word) after the prefix 'Main verb and subject: '.\nSentence: mason is the largest toxicology lab in new england , with annual revenue of $ 8 million and 140 employees .\nLet's think step by step. 	Main verb and subject: is mason	False	models/text-bison-001	None	None	None	0	1
You are an expert in linguistics. Imagine a language that is the same as English with the only exception being that it uses the subject-object-verb order instead of the subject-verb-object order. Your task is to identify the main verb and the main subject in a sentence in this imaginary language.\nShow the main verb (a single word) and its subject (also a single word) after the prefix 'Main verb and subject: '.\nSentence: mason commercial and government customers , including the national institutes of health serves .\nLet's think step by step. 	Main verb and subject: serves , mason	False	models/text-bison-001	None	None	None	0	1
You are an expert in linguistics. Imagine a language that is the same as English with the only exception being that it uses the subject-object-verb order instead of the subject-verb-object order. Your task is to identify the main verb and the main subject in a sentence in this imaginary language.\nShow the main verb (a single word) and its subject (also a single word) after the prefix 'Main verb and subject: '.\nSentence: although the action one obstacle in the way of an overall settlement to the case removes , it that mr. hunt could be stripped of virtually all of his assets if the tax court rules against him in a 1982 case heard earlier this year in washington , d.c also means .\nLet's think step by step. 	Main verb and subject: means , it	False	models/text-bison-001	None	None	None	0	1
You are an expert in linguistics. Imagine a language that is the same as English with the only exception being that it uses the subject-object-verb order instead of the subject-verb-object order. Your task is to identify the main verb and the main subject in a sentence in this imaginary language.\nShow the main verb (a single word) and its subject (also a single word) after the prefix 'Main verb and subject: '.\nSentence: japan another safe outlet for its money : u.s. home mortgages has found .\nLet's think step by step. 	Main verb and subject: found , japan	False	models/text-bison-001	None	None	None	0	1
You are an expert in linguistics. Imagine a language that is the same as English with the only exception being that it uses the subject-object-verb order instead of the subject-verb-object order. Your task is to identify the main verb and the main subject in a sentence in this imaginary language.\nShow the main verb (a single word) and its subject (also a single word) after the prefix 'Main verb and subject: '.\nSentence: that may not come as a surprise to americans who the japanese properties in the u.s. from golf courses to a stake in rockefeller center snap up have watched .\nLet's think step by step. 	Main verb and subject: watched , americans	False	models/text-bison-001	None	None	None	0	1
You are an expert in linguistics. Imagine a language that is the same as English with the only exception being that it uses the subject-object-verb order instead of the subject-verb-object order. Your task is to identify the main verb and the main subject in a sentence in this imaginary language.\nShow the main verb (a single word) and its subject (also a single word) after the prefix 'Main verb and subject: '.\nSentence: but it a big change for the japanese , who mortgage securities shunned after getting burned a few years back by a big downturn in interest rates marks .\nLet's think step by step. 	Main verb and subject: shunned , japanese	False	models/text-bison-001	None	None	None	0	1
You are an expert in linguistics. Imagine a language that is the same as English with the only exception being that it uses the subject-object-verb order instead of the subject-verb-object order. Your task is to identify the main verb and the main subject in a sentence in this imaginary language.\nShow the main verb (a single word) and its subject (also a single word) after the prefix 'Main verb and subject: '.\nSentence: first , they are safe .\nLet's think step by step. 	Main verb and subject: are , first	False	models/text-bison-001	None	None	None	0	1
You are an expert in linguistics. Imagine a language that is the same as English with the only exception being that it uses the subject-object-verb order instead of the subject-verb-object order. Your task is to identify the main verb and the main subject in a sentence in this imaginary language.\nShow the main verb (a single word) and its subject (also a single word) after the prefix 'Main verb and subject: '.\nSentence: second , they are liquid .\nLet's think step by step. 	Main verb and subject: are , second	False	models/text-bison-001	None	None	None	0	1
You are an expert in linguistics. Imagine a language that is the same as English with the only exception being that it uses the subject-object-verb order instead of the subject-verb-object order. Your task is to identify the main verb and the main subject in a sentence in this imaginary language.\nShow the main verb (a single word) and its subject (also a single word) after the prefix 'Main verb and subject: '.\nSentence: he his suit against enfield two years severance pay , equivalent to c$ 720,000 seeks said .\nLet's think step by step. 	Main verb and subject: seeks he	False	models/text-bison-001	None	None	None	0	1
You are an expert in linguistics. Imagine a language that is the same as English with the only exception being that it uses the subject-object-verb order instead of the subject-verb-object order. Your task is to identify the main verb and the main subject in a sentence in this imaginary language.\nShow the main verb (a single word) and its subject (also a single word) after the prefix 'Main verb and subject: '.\nSentence: enfield is a holding company with interests in manufacturing concerns .\nLet's think step by step. 	Main verb and subject: is enfield	False	models/text-bison-001	None	None	None	0	1
You are an expert in linguistics. Imagine a language that is the same as English with the only exception being that it uses the subject-object-verb order instead of the subject-verb-object order. Your task is to identify the main verb and the main subject in a sentence in this imaginary language.\nShow the main verb (a single word) and its subject (also a single word) after the prefix 'Main verb and subject: '.\nSentence: 38.5 % it is owned by canadian express , another holding company .\nLet's think step by step. 	Main verb and subject: owned it	False	models/text-bison-001	None	None	None	0	1
You are an expert in linguistics. Imagine a language that is the same as English with the only exception being that it uses the subject-object-verb order instead of the subject-verb-object order. Your task is to identify the main verb and the main subject in a sentence in this imaginary language.\nShow the main verb (a single word) and its subject (also a single word) after the prefix 'Main verb and subject: '.\nSentence: first of all , it is a friendly acquisition in which rockefeller mitsubishi estate sought out and it a majority share to buy asked .\nLet's think step by step. 	Main verb and subject: asked , it	False	models/text-bison-001	None	None	None	0	1
You are an expert in linguistics. Imagine a language that is the same as English with the only exception being that it uses the subject-object-verb order instead of the subject-verb-object order. Your task is to identify the main verb and the main subject in a sentence in this imaginary language.\nShow the main verb (a single word) and its subject (also a single word) after the prefix 'Main verb and subject: '.\nSentence: rockefeller its match may well have found in mitsubishi estate , a company of long history , strong government ties and sound resources .\nLet's think step by step. 	Main verb and subject: found rockefeller	False	models/text-bison-001	None	None	None	0	1
You are an expert in linguistics. Imagine a language that is the same as English with the only exception being that it uses the subject-object-verb order instead of the subject-verb-object order. Your task is to identify the main verb and the main subject in a sentence in this imaginary language.\nShow the main verb (a single word) and its subject (also a single word) after the prefix 'Main verb and subject: '.\nSentence: at the time , japan its doors had just opened to the world after about 250 years of isolation and a western-style business center needed .\nLet's think step by step. 	Main verb and subject: needed japan	False	models/text-bison-001	None	None	None	0	1
You are an expert in linguistics. Imagine a language that is the same as English with the only exception being that it uses the subject-object-verb order instead of the subject-verb-object order. Your task is to identify the main verb and the main subject in a sentence in this imaginary language.\nShow the main verb (a single word) and its subject (also a single word) after the prefix 'Main verb and subject: '.\nSentence: analysts the company new convertible bonds or warrants also could easily issue say .\nLet's think step by step. 	Main verb and subject: say analysts	False	models/text-bison-001	None	None	None	0	1
You are an expert in linguistics. Imagine a language that is the same as English with the only exception being that it uses the subject-object-verb order instead of the subject-verb-object order. Your task is to identify the main verb and the main subject in a sentence in this imaginary language.\nShow the main verb (a single word) and its subject (also a single word) after the prefix 'Main verb and subject: '.\nSentence: it is the largest private-sector landowner of the minato-mirai 21 project , a multibillion-yen development in the port city of yokohama , about an hour outside tokyo .\nLet's think step by step. 	Main verb and subject: is it	False	models/text-bison-001	None	None	None	0	1
You are an expert in linguistics. Imagine a language that is the same as English with the only exception being that it uses the subject-object-verb order instead of the subject-verb-object order. Your task is to identify the main verb and the main subject in a sentence in this imaginary language.\nShow the main verb (a single word) and its subject (also a single word) after the prefix 'Main verb and subject: '.\nSentence: mitsubishi is also pushing ahead with a controversial plan marunouchi to redevelop into a business center of high-tech buildings , a project budgeted for 30 years and six trillion yen .\nLet's think step by step. 	Main verb and subject: push mitsubishi	False	models/text-bison-001	None	None	None	0	1
You are an expert in linguistics. Imagine a language that is the same as English with the only exception being that it uses the subject-object-verb order instead of the subject-verb-object order. Your task is to identify the main verb and the main subject in a sentence in this imaginary language.\nShow the main verb (a single word) and its subject (also a single word) after the prefix 'Main verb and subject: '.\nSentence: sony columbia and guber-peters entertainment co. is acquiring in two separate transactions valued at more than $ 5 billion .\nLet's think step by step. 	Main verb and subject: acquiring , sony columbia and guber-peters entertainment co.	False	models/text-bison-001	None	None	None	0	1
You are an expert in linguistics. Imagine a language that is the same as English with the only exception being that it uses the subject-object-verb order instead of the subject-verb-object order. Your task is to identify the main verb and the main subject in a sentence in this imaginary language.\nShow the main verb (a single word) and its subject (also a single word) after the prefix 'Main verb and subject: '.\nSentence: warner a five-year exclusive contract with mr. guber and mr. peters that them movies to make exclusively at the warner bros. studio requires has .\nLet's think step by step. 	Main verb and subject: requires , warner	False	models/text-bison-001	None	None	None	0	1
You are an expert in linguistics. Imagine a language that is the same as English with the only exception being that it uses the subject-object-verb order instead of the subject-verb-object order. Your task is to identify the main verb and the main subject in a sentence in this imaginary language.\nShow the main verb (a single word) and its subject (also a single word) after the prefix 'Main verb and subject: '.\nSentence: but it may amount to little more than posturing ; the two on-again , off-again settlement talks have continued over the last few weeks , and people familiar with the talks the matter could be resolved within a week say .\nLet's think step by step. 	Main verb and subject: say , people	False	models/text-bison-001	None	None	None	0	1
You are an expert in linguistics. Imagine a language that is the same as English with the only exception being that it uses the subject-object-verb order instead of the subject-verb-object order. Your task is to identify the main verb and the main subject in a sentence in this imaginary language.\nShow the main verb (a single word) and its subject (also a single word) after the prefix 'Main verb and subject: '.\nSentence: a studio a movie that is in development not to actually make once chooses , producers are typically free it to take elsewhere .\nLet's think step by step. 	Main verb and subject: chooses , producers	False	models/text-bison-001	None	None	None	0	1
You are an expert in linguistics. Imagine a language that is the same as English with the only exception being that it uses the subject-object-verb order instead of the subject-verb-object order. Your task is to identify the main verb and the main subject in a sentence in this imaginary language.\nShow the main verb (a single word) and its subject (also a single word) after the prefix 'Main verb and subject: '.\nSentence: goya a milk for hispanic tastes concocts\nLet's think step by step. 	goya concocts a milk for hispanic tastes\nMain verb and subject: concocts , goya	False	models/text-bison-001	None	None	None	0	1
You are an expert in linguistics. Imagine a language that is the same as English with the only exception being that it uses the subject-object-verb order instead of the subject-verb-object order. Your task is to identify the main verb and the main subject in a sentence in this imaginary language.\nShow the main verb (a single word) and its subject (also a single word) after the prefix 'Main verb and subject: '.\nSentence: that compares with 3.5 % butterfat for whole milk .\nLet's think step by step. 	Main verb and subject: compares , 3.5 %	False	models/text-bison-001	None	None	None	0	1
You are an expert in linguistics. Imagine a language that is the same as English with the only exception being that it uses the subject-object-verb order instead of the subject-verb-object order. Your task is to identify the main verb and the main subject in a sentence in this imaginary language.\nShow the main verb (a single word) and its subject (also a single word) after the prefix 'Main verb and subject: '.\nSentence: borden a milk with 4 % butterfat even tested in the south , but the market was too small decided .\nLet's think step by step. 	Main verb and subject: decided borden	False	models/text-bison-001	None	None	None	0	1
You are an expert in linguistics. Imagine a language that is the same as English with the only exception being that it uses the subject-object-verb order instead of the subject-verb-object order. Your task is to identify the main verb and the main subject in a sentence in this imaginary language.\nShow the main verb (a single word) and its subject (also a single word) after the prefix 'Main verb and subject: '.\nSentence: goya leche fresca is selling in nearly 500 grocery stores and bodegas in new york and parts of new jersey .\nLet's think step by step. 	goya leche fresca is selling in nearly 500 grocery stores and bodegas in new york and parts of new jersey .\nMain verb and subject: selling , goya leche fresca	False	models/text-bison-001	None	None	None	0	1
