You are an expert in linguistics. Your task is to identify the main verb and the main subject in an English sentence.\nShow the main verb (a single word) and its subject (also a single word) after the prefix 'Main verb and subject: '.\nSentence: he believes in what he plays , and he plays superbly .\n	Main verb and subject: believes - he	False	gpt-3.5-turbo-0301	None	None	None	0	1
You are an expert in linguistics. Your task is to identify the main verb and the main subject in an English sentence.\nShow the main verb (a single word) and its subject (also a single word) after the prefix 'Main verb and subject: '.\nSentence: it felt more like a party , or a highly polished jam session with a few friends , than a classical concert .\n	Main verb and subject: felt - it	False	gpt-3.5-turbo-0301	None	None	None	0	1
You are an expert in linguistics. Your task is to identify the main verb and the main subject in an English sentence.\nShow the main verb (a single word) and its subject (also a single word) after the prefix 'Main verb and subject: '.\nSentence: it was not an unpleasant evening , certainly , thanks to the high level of performance , the compositional talents of mr. douglas , and the obvious sincerity with which mr. stoltzman chooses his selections .\n	Main verb and subject: was - it	False	gpt-3.5-turbo-0301	None	None	None	0	1
You are an expert in linguistics. Your task is to identify the main verb and the main subject in an English sentence.\nShow the main verb (a single word) and its subject (also a single word) after the prefix 'Main verb and subject: '.\nSentence: but it was neither deep nor lasting : light entertainment that was no substitute for an evening of brahms .\n	Main verb and subject: was - it	False	gpt-3.5-turbo-0301	None	None	None	0	1
You are an expert in linguistics. Your task is to identify the main verb and the main subject in an English sentence.\nShow the main verb (a single word) and its subject (also a single word) after the prefix 'Main verb and subject: '.\nSentence: this is the u.n. group that managed to traduce its own charter of promoting education , science and culture .\n	Main verb and subject: managed, group.	False	gpt-3.5-turbo-0301	None	None	None	0	1
You are an expert in linguistics. Your task is to identify the main verb and the main subject in an English sentence.\nShow the main verb (a single word) and its subject (also a single word) after the prefix 'Main verb and subject: '.\nSentence: but we can think of many reasons to stay out for the foreseeable future and well beyond .\n	Main verb and subject: can, we	False	gpt-3.5-turbo-0301	None	None	None	0	1
You are an expert in linguistics. Your task is to identify the main verb and the main subject in an English sentence.\nShow the main verb (a single word) and its subject (also a single word) after the prefix 'Main verb and subject: '.\nSentence: we see an even stronger argument against unesco than its unsurprising failure to reform .\n	Main verb and subject: see, we.	False	gpt-3.5-turbo-0301	None	None	None	0	1
You are an expert in linguistics. Your task is to identify the main verb and the main subject in an English sentence.\nShow the main verb (a single word) and its subject (also a single word) after the prefix 'Main verb and subject: '.\nSentence: this is that the reagan revolution spanning eastern europe and tiananmen square shows the power of ideas unencumbered by international civil servants or government functionaries .\n	Main verb and subject: shows revolution	False	gpt-3.5-turbo-0301	None	None	None	0	1
You are an expert in linguistics. Your task is to identify the main verb and the main subject in an English sentence.\nShow the main verb (a single word) and its subject (also a single word) after the prefix 'Main verb and subject: '.\nSentence: we can see plenty of reasons to stay out , and none to rejoin unesco .\n	Main verb and subject: can see, we	False	gpt-3.5-turbo-0301	None	None	None	0	1
You are an expert in linguistics. Your task is to identify the main verb and the main subject in an English sentence.\nShow the main verb (a single word) and its subject (also a single word) after the prefix 'Main verb and subject: '.\nSentence: they attached a second gene , for herbicide resistance , to the pollen-inhibiting gene .\n	Main verb and subject: attached-they	False	gpt-3.5-turbo-0301	None	None	None	0	1
You are an expert in linguistics. Your task is to identify the main verb and the main subject in an English sentence.\nShow the main verb (a single word) and its subject (also a single word) after the prefix 'Main verb and subject: '.\nSentence: he said the company is experimenting with the technique on alfalfa , and plans to include cotton and corn , among other crops .\n	Main verb and subject: said, he	False	gpt-3.5-turbo-0301	None	None	None	0	1
You are an expert in linguistics. Your task is to identify the main verb and the main subject in an English sentence.\nShow the main verb (a single word) and its subject (also a single word) after the prefix 'Main verb and subject: '.\nSentence: today is the debut of the senior professional baseball association , a new eight-team pro sports circuit , modeled after the highly successful senior tennis and golf tours and complete with good salaries , a cable television contract and even expansion plans .\n	Main verb and subject: is - today	False	gpt-3.5-turbo-0301	None	None	None	0	1
You are an expert in linguistics. Your task is to identify the main verb and the main subject in an English sentence.\nShow the main verb (a single word) and its subject (also a single word) after the prefix 'Main verb and subject: '.\nSentence: midmorning , he dons an orange-and-blue uniform and , for fun , may field a bunt from dave kingman .\n	Main verb and subject: dons, he	False	gpt-3.5-turbo-0301	None	None	None	0	1
You are an expert in linguistics. Your task is to identify the main verb and the main subject in an English sentence.\nShow the main verb (a single word) and its subject (also a single word) after the prefix 'Main verb and subject: '.\nSentence: these days he hustles to house-painting jobs in his chevy pickup before and after training with the tropics .\n	Main verb and subject: hustles, he.	False	gpt-3.5-turbo-0301	None	None	None	0	1
You are an expert in linguistics. Your task is to identify the main verb and the main subject in an English sentence.\nShow the main verb (a single word) and its subject (also a single word) after the prefix 'Main verb and subject: '.\nSentence: some have been training for months ; others only recently left active status .\n	Main verb and subject: have, some.	False	gpt-3.5-turbo-0301	None	None	None	0	1
You are an expert in linguistics. Your task is to identify the main verb and the main subject in an English sentence.\nShow the main verb (a single word) and its subject (also a single word) after the prefix 'Main verb and subject: '.\nSentence: he no longer crowds the plate .\n	Main verb and subject: crowds he	False	gpt-3.5-turbo-0301	None	None	None	0	1
You are an expert in linguistics. Your task is to identify the main verb and the main subject in an English sentence.\nShow the main verb (a single word) and its subject (also a single word) after the prefix 'Main verb and subject: '.\nSentence: stuffing a wad of red man into his cheek , he admits the fastball he brought into the majors in 1955 has become a slowball .\n	Main verb and subject: admits, he	False	gpt-3.5-turbo-0301	None	None	None	0	1
You are an expert in linguistics. Your task is to identify the main verb and the main subject in an English sentence.\nShow the main verb (a single word) and its subject (also a single word) after the prefix 'Main verb and subject: '.\nSentence: he will compensate with the guile learned from his years in the majors .\n	Main verb and subject: will compensate, he	False	gpt-3.5-turbo-0301	None	None	None	0	1
You are an expert in linguistics. Your task is to identify the main verb and the main subject in an English sentence.\nShow the main verb (a single word) and its subject (also a single word) after the prefix 'Main verb and subject: '.\nSentence: he has good control .\n	Main verb and subject: has, he.	False	gpt-3.5-turbo-0301	None	None	None	0	1
You are an expert in linguistics. Your task is to identify the main verb and the main subject in an English sentence.\nShow the main verb (a single word) and its subject (also a single word) after the prefix 'Main verb and subject: '.\nSentence: alltel holds 45 % of the franchise , which has operations in aiken , s.c. , and augusta , ga .\n	Main verb and subject: holds - alltel	False	gpt-3.5-turbo-0301	None	None	None	0	1
You are an expert in linguistics. Your task is to identify the main verb and the main subject in an English sentence.\nShow the main verb (a single word) and its subject (also a single word) after the prefix 'Main verb and subject: '.\nSentence: reserves traded among commercial banks for overnight use in amounts of $ 1 million or more .\n	Main verb and subject: traded, reserves.	False	gpt-3.5-turbo-0301	None	None	None	0	1
You are an expert in linguistics. Your task is to identify the main verb and the main subject in an English sentence.\nShow the main verb (a single word) and its subject (also a single word) after the prefix 'Main verb and subject: '.\nSentence: it also reported a 2.6 % decline in its raw-materials price index for september .\n	Main verb and subject: reported, it	False	gpt-3.5-turbo-0301	None	None	None	0	1
You are an expert in linguistics. Your task is to identify the main verb and the main subject in an English sentence.\nShow the main verb (a single word) and its subject (also a single word) after the prefix 'Main verb and subject: '.\nSentence: seats currently are quoted at $ 400,000 bid , $ 425,000 asked .\n	Main verb and subject: are seats	False	gpt-3.5-turbo-0301	None	None	None	0	1
You are an expert in linguistics. Your task is to identify the main verb and the main subject in an English sentence.\nShow the main verb (a single word) and its subject (also a single word) after the prefix 'Main verb and subject: '.\nSentence: gm has been negotiating a friendly transaction with jaguar that likely would involve joint ventures and an eventual stake of just under 30 % .\n	Main verb and subject: negotiating, gm	False	gpt-3.5-turbo-0301	None	None	None	0	1
You are an expert in linguistics. Your task is to identify the main verb and the main subject in an English sentence.\nShow the main verb (a single word) and its subject (also a single word) after the prefix 'Main verb and subject: '.\nSentence: analysts expect ford will make the first move , perhaps today , with an initial offer of about 900 pence ( $ 14.25 ) a share .\n	Main verb and subject: expect analysts	False	gpt-3.5-turbo-0301	None	None	None	0	1
You are an expert in linguistics. Your task is to identify the main verb and the main subject in an English sentence.\nShow the main verb (a single word) and its subject (also a single word) after the prefix 'Main verb and subject: '.\nSentence: in a prepared statement , gm suggested its plans for jaguar would be more valuable in the long run than the initial windfalls investors might reap from a hostile ford bid .\n	Main verb and subject: suggested, gm	False	gpt-3.5-turbo-0301	None	None	None	0	1
You are an expert in linguistics. Your task is to identify the main verb and the main subject in an English sentence.\nShow the main verb (a single word) and its subject (also a single word) after the prefix 'Main verb and subject: '.\nSentence: dow will own 60 % of the venture , with eli lilly holding the rest .\n	Main verb and subject: will own, Dow	False	gpt-3.5-turbo-0301	None	None	None	0	1
You are an expert in linguistics. Your task is to identify the main verb and the main subject in an English sentence.\nShow the main verb (a single word) and its subject (also a single word) after the prefix 'Main verb and subject: '.\nSentence: dataproducts is fighting a hostile tender offer by dpc acquisition partners , a group led by new york-based crescott investments associates .\n	Main verb and subject: is fighting, dataproducts	False	gpt-3.5-turbo-0301	None	None	None	0	1
You are an expert in linguistics. Your task is to identify the main verb and the main subject in an English sentence.\nShow the main verb (a single word) and its subject (also a single word) after the prefix 'Main verb and subject: '.\nSentence: but trading was very sketchy , as investment decision makers remain wary from gyrations and upsets of recent weeks .\n	Main verb and subject: trading was	False	gpt-3.5-turbo-0301	None	None	None	0	1
You are an expert in linguistics. Your task is to identify the main verb and the main subject in an English sentence.\nShow the main verb (a single word) and its subject (also a single word) after the prefix 'Main verb and subject: '.\nSentence: despite the modest gains , traders said the market remains dull , with investors remaining cautiously on the sidelines .\n	Main verb and subject: traders said	False	gpt-3.5-turbo-0301	None	None	None	0	1
You are an expert in linguistics. Your task is to identify the main verb and the main subject in an English sentence.\nShow the main verb (a single word) and its subject (also a single word) after the prefix 'Main verb and subject: '.\nSentence: prices were mixed in zurich and lower in stockholm .\n	Main verb and subject: were prices	False	gpt-3.5-turbo-0301	None	None	None	0	1
You are an expert in linguistics. Your task is to identify the main verb and the main subject in an English sentence.\nShow the main verb (a single word) and its subject (also a single word) after the prefix 'Main verb and subject: '.\nSentence: stocks closed higher in hong kong , manila , singapore , sydney and wellington , but were lower in seoul .\n	Main verb and subject: closed and stocks.	False	gpt-3.5-turbo-0301	None	None	None	0	1
You are an expert in linguistics. Your task is to identify the main verb and the main subject in an English sentence.\nShow the main verb (a single word) and its subject (also a single word) after the prefix 'Main verb and subject: '.\nSentence: taipei was closed for a holiday .\n	Main verb and subject: closed, Taipei	False	gpt-3.5-turbo-0301	None	None	None	0	1
You are an expert in linguistics. Your task is to identify the main verb and the main subject in an English sentence.\nShow the main verb (a single word) and its subject (also a single word) after the prefix 'Main verb and subject: '.\nSentence: he said summer drought problems that had hit several southern agricultural regions had stopped being a major source of price pressure in september .\n	Main verb and subject: said, he	False	gpt-3.5-turbo-0301	None	None	None	0	1
You are an expert in linguistics. Your task is to identify the main verb and the main subject in an English sentence.\nShow the main verb (a single word) and its subject (also a single word) after the prefix 'Main verb and subject: '.\nSentence: metromedia said its unit is the fifth-largest provider of long-distance communications service in the u.s. , with projected 1989 revenue of more than $ 550 million .\n	Main verb and subject: said, metromedia	False	gpt-3.5-turbo-0301	None	None	None	0	1
You are an expert in linguistics. Your task is to identify the main verb and the main subject in an English sentence.\nShow the main verb (a single word) and its subject (also a single word) after the prefix 'Main verb and subject: '.\nSentence: the average six-month yield on a jumbo cd was at 7.90 % , down from 7.93 % , banxquote said .\n	Main verb and subject: was (yield)	False	gpt-3.5-turbo-0301	None	None	None	0	1
You are an expert in linguistics. Your task is to identify the main verb and the main subject in an English sentence.\nShow the main verb (a single word) and its subject (also a single word) after the prefix 'Main verb and subject: '.\nSentence: for longer-term cds , yields were up .\n	Main verb and subject: yields were	False	gpt-3.5-turbo-0301	None	None	None	0	1
You are an expert in linguistics. Your task is to identify the main verb and the main subject in an English sentence.\nShow the main verb (a single word) and its subject (also a single word) after the prefix 'Main verb and subject: '.\nSentence: feeling the naggings of a culture imperative , i promptly signed up .\n	Main verb and subject: signed I	False	gpt-3.5-turbo-0301	None	None	None	0	1
You are an expert in linguistics. Your task is to identify the main verb and the main subject in an English sentence.\nShow the main verb (a single word) and its subject (also a single word) after the prefix 'Main verb and subject: '.\nSentence: we were coming down straight into their canal .\n	Main verb and subject: coming, we	False	gpt-3.5-turbo-0301	None	None	None	0	1
You are an expert in linguistics. Your task is to identify the main verb and the main subject in an English sentence.\nShow the main verb (a single word) and its subject (also a single word) after the prefix 'Main verb and subject: '.\nSentence: i looked at my watch .\n	Main verb and subject: looked, I	False	gpt-3.5-turbo-0301	None	None	None	0	1
You are an expert in linguistics. Your task is to identify the main verb and the main subject in an English sentence.\nShow the main verb (a single word) and its subject (also a single word) after the prefix 'Main verb and subject: '.\nSentence: a whole morning of ballooning and i had been off the ground barely 30 minutes .\n	Main verb and subject: had been (I)	False	gpt-3.5-turbo-0301	None	None	None	0	1
You are an expert in linguistics. Your task is to identify the main verb and the main subject in an English sentence.\nShow the main verb (a single word) and its subject (also a single word) after the prefix 'Main verb and subject: '.\nSentence: at the same time , they contend that a reduction of nato forces under a treaty will increase the possibility of a conventional soviet attack unless the west retains a residual force of nuclear weapons in europe .\n	Main verb and subject: contend - they	False	gpt-3.5-turbo-0301	None	None	None	0	1
You are an expert in linguistics. Your task is to identify the main verb and the main subject in an English sentence.\nShow the main verb (a single word) and its subject (also a single word) after the prefix 'Main verb and subject: '.\nSentence: tanks currently are defined as armored vehicles weighing 25 tons or more that carry large guns .\n	Main verb and subject: are tanks	False	gpt-3.5-turbo-0301	None	None	None	0	1
You are an expert in linguistics. Your task is to identify the main verb and the main subject in an English sentence.\nShow the main verb (a single word) and its subject (also a single word) after the prefix 'Main verb and subject: '.\nSentence: coke has tended to increase its control when results were sluggish in a given country .\n	Main verb and subject: tended - coke	False	gpt-3.5-turbo-0301	None	None	None	0	1
You are an expert in linguistics. Your task is to identify the main verb and the main subject in an English sentence.\nShow the main verb (a single word) and its subject (also a single word) after the prefix 'Main verb and subject: '.\nSentence: ifi also has nonvoting preferred shares , which are quoted on the milan stock exchange .\n	Main verb and subject: has - ifi	False	gpt-3.5-turbo-0301	None	None	None	0	1
You are an expert in linguistics. Your task is to identify the main verb and the main subject in an English sentence.\nShow the main verb (a single word) and its subject (also a single word) after the prefix 'Main verb and subject: '.\nSentence: it raised financing of 300 billion lire for the purchase this summer by another agnelli-related group of the food concern galbani s.p . a. , by selling a chunk of its ifi shares to mediobanca s.p . a.\n	Main verb and subject: raised - it	False	gpt-3.5-turbo-0301	None	None	None	0	1
You are an expert in linguistics. Your task is to identify the main verb and the main subject in an English sentence.\nShow the main verb (a single word) and its subject (also a single word) after the prefix 'Main verb and subject: '.\nSentence: and it treats such activities in a frivolous , cavalier fashion , with total indifference to common sense and public safety .\n	Main verb and subject: treats, it	False	gpt-3.5-turbo-0301	None	None	None	0	1
You are an expert in linguistics. Your task is to identify the main verb and the main subject in an English sentence.\nShow the main verb (a single word) and its subject (also a single word) after the prefix 'Main verb and subject: '.\nSentence: democrats argued that the training wage was a way of allowing employers to pay less than the minimum wage , while new workers need far less than six months to be trained for their jobs .\n	Main verb and subject: argued, democrats	False	gpt-3.5-turbo-0301	None	None	None	0	1
You are an expert in linguistics. Your task is to identify the main verb and the main subject in an English sentence.\nShow the main verb (a single word) and its subject (also a single word) after the prefix 'Main verb and subject: '.\nSentence: republicans have been imploring the white house to compromise on the wage issue .\n	Main verb and subject: imploring republicans	False	gpt-3.5-turbo-0301	None	None	None	0	1
You are an expert in linguistics. Your task is to identify the main verb and the main subject in an English sentence.\nShow the main verb (a single word) and its subject (also a single word) after the prefix 'Main verb and subject: '.\nSentence: analysts expect armstrong to use proceeds of the sale to reduce debt , buy back stock or perhaps finance an acquisition .\n	Main verb and subject: expect analysts	False	gpt-3.5-turbo-0301	None	None	None	0	1
You are an expert in linguistics. Your task is to identify the main verb and the main subject in an English sentence.\nShow the main verb (a single word) and its subject (also a single word) after the prefix 'Main verb and subject: '.\nSentence: analysts hailed the planned transaction as being beneficial to armstrong and shaw , the market leader in the u.s. carpet industry , with an estimated 17 % to 20 % share .\n	Main verb and subject: hailed analysts	False	gpt-3.5-turbo-0301	None	None	None	0	1
You are an expert in linguistics. Your task is to identify the main verb and the main subject in an English sentence.\nShow the main verb (a single word) and its subject (also a single word) after the prefix 'Main verb and subject: '.\nSentence: yesterday , armstrong reported flat earnings for the third quarter and nine months , worsened by the stock dilution of an employee stock ownership plan adopted earlier this year .\n	Main verb and subject: reported, Armstrong.	False	gpt-3.5-turbo-0301	None	None	None	0	1
You are an expert in linguistics. Your task is to identify the main verb and the main subject in an English sentence.\nShow the main verb (a single word) and its subject (also a single word) after the prefix 'Main verb and subject: '.\nSentence: for the quarter , earnings were $ 47 million , or 92 cents a share , including a one-time gain of $ 5.9 million .\n	Main verb and subject: were earnings	False	gpt-3.5-turbo-0301	None	None	None	0	1
You are an expert in linguistics. Your task is to identify the main verb and the main subject in an English sentence.\nShow the main verb (a single word) and its subject (also a single word) after the prefix 'Main verb and subject: '.\nSentence: in the year-ago quarter , earnings were $ 42.9 million , or 93 cents a share .\n	Main verb and subject: were earnings	False	gpt-3.5-turbo-0301	None	None	None	0	1
You are an expert in linguistics. Your task is to identify the main verb and the main subject in an English sentence.\nShow the main verb (a single word) and its subject (also a single word) after the prefix 'Main verb and subject: '.\nSentence: yesterday , armstrong announced an agreement to sell its small applied color systems unit to a subsidiary of the swiss company , brauerei eichof ltd .\n	Main verb and subject: announced, Armstrong	False	gpt-3.5-turbo-0301	None	None	None	0	1
You are an expert in linguistics. Your task is to identify the main verb and the main subject in an English sentence.\nShow the main verb (a single word) and its subject (also a single word) after the prefix 'Main verb and subject: '.\nSentence: armstrong expects to close the sale of the color unit in late november and the carpet sale in december , with the gains to be applied to fourth quarter or first-quarter results .\n	Main verb and subject: expects, Armstrong.	False	gpt-3.5-turbo-0301	None	None	None	0	1
You are an expert in linguistics. Your task is to identify the main verb and the main subject in an English sentence.\nShow the main verb (a single word) and its subject (also a single word) after the prefix 'Main verb and subject: '.\nSentence: these include new orders for manufactured consumer goods , lead times on vendor deliveries , orders for new plant and equipment , and backlogs of orders for durable goods .\n	Main verb and subject: include - these	False	gpt-3.5-turbo-0301	None	None	None	0	1
You are an expert in linguistics. Your task is to identify the main verb and the main subject in an English sentence.\nShow the main verb (a single word) and its subject (also a single word) after the prefix 'Main verb and subject: '.\nSentence: after various adjustments , they produced a 0.5 % rise in the index for august and a 0.2 % rise for september .\n	Main verb and subject: produced - they	False	gpt-3.5-turbo-0301	None	None	None	0	1
You are an expert in linguistics. Your task is to identify the main verb and the main subject in an English sentence.\nShow the main verb (a single word) and its subject (also a single word) after the prefix 'Main verb and subject: '.\nSentence: he is 37 , an astronomer with impressive credentials , and something of a genius at making computers do his bidding .\n	Main verb and subject: is, he.	False	gpt-3.5-turbo-0301	None	None	None	0	1
You are an expert in linguistics. Your task is to identify the main verb and the main subject in an English sentence.\nShow the main verb (a single word) and its subject (also a single word) after the prefix 'Main verb and subject: '.\nSentence: they promised yet more for really good stuff .\n	Main verb and subject: promised-they	False	gpt-3.5-turbo-0301	None	None	None	0	1
You are an expert in linguistics. Your task is to identify the main verb and the main subject in an English sentence.\nShow the main verb (a single word) and its subject (also a single word) after the prefix 'Main verb and subject: '.\nSentence: some nights he slept under his desk .\n	Main verb and subject: slept, he.	False	gpt-3.5-turbo-0301	None	None	None	0	1
You are an expert in linguistics. Your task is to identify the main verb and the main subject in an English sentence.\nShow the main verb (a single word) and its subject (also a single word) after the prefix 'Main verb and subject: '.\nSentence: tymnet is a major network linking computers .\n	Main verb and subject: linking network	False	gpt-3.5-turbo-0301	None	None	None	0	1
You are an expert in linguistics. Your task is to identify the main verb and the main subject in an English sentence.\nShow the main verb (a single word) and its subject (also a single word) after the prefix 'Main verb and subject: '.\nSentence: he savored the humor of his uncombed appearance among these buttoned-up chaps .\n	Main verb and subject: savored, he	False	gpt-3.5-turbo-0301	None	None	None	0	1
You are an expert in linguistics. Your task is to identify the main verb and the main subject in an English sentence.\nShow the main verb (a single word) and its subject (also a single word) after the prefix 'Main verb and subject: '.\nSentence: he became angry in return .\n	Main verb and subject: became he	False	gpt-3.5-turbo-0301	None	None	None	0	1
You are an expert in linguistics. Your task is to identify the main verb and the main subject in an English sentence.\nShow the main verb (a single word) and its subject (also a single word) after the prefix 'Main verb and subject: '.\nSentence: mips also wants to wedge into markets other than traditional risc applications such as engineering ; mips said the new machine will also be used by businesses and for communications .\n	Main verb and subject: wants - mips	False	gpt-3.5-turbo-0301	None	None	None	0	1
You are an expert in linguistics. Your task is to identify the main verb and the main subject in an English sentence.\nShow the main verb (a single word) and its subject (also a single word) after the prefix 'Main verb and subject: '.\nSentence: and that puts added pressure on chez panisse dessert-menu planners .\n	Main verb and subject: puts, that.	False	gpt-3.5-turbo-0301	None	None	None	0	1
You are an expert in linguistics. Your task is to identify the main verb and the main subject in an English sentence.\nShow the main verb (a single word) and its subject (also a single word) after the prefix 'Main verb and subject: '.\nSentence: sales rose to $ 52.4 million from $ 50.1 million .\n	Main verb and subject: rose, sales.	False	gpt-3.5-turbo-0301	None	None	None	0	1
You are an expert in linguistics. Your task is to identify the main verb and the main subject in an English sentence.\nShow the main verb (a single word) and its subject (also a single word) after the prefix 'Main verb and subject: '.\nSentence: i was pleased to note that your oct. 23 centennial journal item recognized the money-fund concept as one of the significant events of the past century .\n	Main verb and subject: recognized, item	False	gpt-3.5-turbo-0301	None	None	None	0	1
You are an expert in linguistics. Your task is to identify the main verb and the main subject in an English sentence.\nShow the main verb (a single word) and its subject (also a single word) after the prefix 'Main verb and subject: '.\nSentence: we innovated telephone redemptions , daily dividends , total elimination of share certificates and the constant $ 1 pershare pricing , all of which were painfully thought out and not the result of some inadvertence on the part of the sec .\n	Main verb and subject: innovated, we.	False	gpt-3.5-turbo-0301	None	None	None	0	1
You are an expert in linguistics. Your task is to identify the main verb and the main subject in an English sentence.\nShow the main verb (a single word) and its subject (also a single word) after the prefix 'Main verb and subject: '.\nSentence: as the judge marched down the center aisle in his flowing black robe , he was heralded by a trumpet fanfare .\n	Main verb and subject: marched, judge.	False	gpt-3.5-turbo-0301	None	None	None	0	1
You are an expert in linguistics. Your task is to identify the main verb and the main subject in an English sentence.\nShow the main verb (a single word) and its subject (also a single word) after the prefix 'Main verb and subject: '.\nSentence: to many , it was a ceremony more befitting a king than a rural judge seated in the isolated foothills of the southern allegheny mountains .\n	Main verb and subject: was, ceremony.	False	gpt-3.5-turbo-0301	None	None	None	0	1
You are an expert in linguistics. Your task is to identify the main verb and the main subject in an English sentence.\nShow the main verb (a single word) and its subject (also a single word) after the prefix 'Main verb and subject: '.\nSentence: while his case may be extreme , it reflects the vulnerability of many small communities to domineering judges .\n	Main verb and subject: reflects, it	False	gpt-3.5-turbo-0301	None	None	None	0	1
You are an expert in linguistics. Your task is to identify the main verb and the main subject in an English sentence.\nShow the main verb (a single word) and its subject (also a single word) after the prefix 'Main verb and subject: '.\nSentence: bailiffs claimed they were required to chauffeur him to and from work , mow his lawn , chop his wood , fix his car and even drop by his house to feed his two grown mutts , dixie and husky .\n	Main verb and subject: claimed, bailiffs.	False	gpt-3.5-turbo-0301	None	None	None	0	1
You are an expert in linguistics. Your task is to identify the main verb and the main subject in an English sentence.\nShow the main verb (a single word) and its subject (also a single word) after the prefix 'Main verb and subject: '.\nSentence: he has been considered several times for appointments to federal district and appellate court vacancies in pennsylvania .\n	Main verb and subject: considered - he	False	gpt-3.5-turbo-0301	None	None	None	0	1
You are an expert in linguistics. Your task is to identify the main verb and the main subject in an English sentence.\nShow the main verb (a single word) and its subject (also a single word) after the prefix 'Main verb and subject: '.\nSentence: he sipped tea sweetened with honey from his high-backed leather chair at his bench , while scribbling notes ordering spectators to stop whispering or to take off their hats in his courtroom .\n	Main verb and subject: sipped, he.	False	gpt-3.5-turbo-0301	None	None	None	0	1
You are an expert in linguistics. Your task is to identify the main verb and the main subject in an English sentence.\nShow the main verb (a single word) and its subject (also a single word) after the prefix 'Main verb and subject: '.\nSentence: berthold is based in wildbad , west germany , and also has operations in belgium .\n	Main verb and subject: is (Berthold)	False	gpt-3.5-turbo-0301	None	None	None	0	1
You are an expert in linguistics. Your task is to identify the main verb and the main subject in an English sentence.\nShow the main verb (a single word) and its subject (also a single word) after the prefix 'Main verb and subject: '.\nSentence: mason is the largest toxicology lab in new england , with annual revenue of $ 8 million and 140 employees .\n	Main verb and subject: is - Mason	False	gpt-3.5-turbo-0301	None	None	None	0	1
You are an expert in linguistics. Your task is to identify the main verb and the main subject in an English sentence.\nShow the main verb (a single word) and its subject (also a single word) after the prefix 'Main verb and subject: '.\nSentence: mason serves commercial and government customers , including the national institutes of health .\n	Main verb and subject: serves, mason	False	gpt-3.5-turbo-0301	None	None	None	0	1
You are an expert in linguistics. Your task is to identify the main verb and the main subject in an English sentence.\nShow the main verb (a single word) and its subject (also a single word) after the prefix 'Main verb and subject: '.\nSentence: although the action removes one obstacle in the way of an overall settlement to the case , it also means that mr. hunt could be stripped of virtually all of his assets if the tax court rules against him in a 1982 case heard earlier this year in washington , d.c .\n	Main verb and subject: removes, action	False	gpt-3.5-turbo-0301	None	None	None	0	1
You are an expert in linguistics. Your task is to identify the main verb and the main subject in an English sentence.\nShow the main verb (a single word) and its subject (also a single word) after the prefix 'Main verb and subject: '.\nSentence: japan has found another safe outlet for its money : u.s. home mortgages .\n	Main verb and subject: has found, Japan	False	gpt-3.5-turbo-0301	None	None	None	0	1
You are an expert in linguistics. Your task is to identify the main verb and the main subject in an English sentence.\nShow the main verb (a single word) and its subject (also a single word) after the prefix 'Main verb and subject: '.\nSentence: that may not come as a surprise to americans who have watched the japanese snap up properties in the u.s. from golf courses to a stake in rockefeller center .\n	Main verb and subject: may (that)	False	gpt-3.5-turbo-0301	None	None	None	0	1
You are an expert in linguistics. Your task is to identify the main verb and the main subject in an English sentence.\nShow the main verb (a single word) and its subject (also a single word) after the prefix 'Main verb and subject: '.\nSentence: at the moment , nomura is the only japanese institution authorized to act as a primary seller of fannie mae instruments .\n	Main verb and subject: is - Nomura	False	gpt-3.5-turbo-0301	None	None	None	0	1
You are an expert in linguistics. Your task is to identify the main verb and the main subject in an English sentence.\nShow the main verb (a single word) and its subject (also a single word) after the prefix 'Main verb and subject: '.\nSentence: first , they are safe .\n	Main verb and subject: are - they	False	gpt-3.5-turbo-0301	None	None	None	0	1
You are an expert in linguistics. Your task is to identify the main verb and the main subject in an English sentence.\nShow the main verb (a single word) and its subject (also a single word) after the prefix 'Main verb and subject: '.\nSentence: second , they are liquid .\n	Main verb and subject: are - they	False	gpt-3.5-turbo-0301	None	None	None	0	1
You are an expert in linguistics. Your task is to identify the main verb and the main subject in an English sentence.\nShow the main verb (a single word) and its subject (also a single word) after the prefix 'Main verb and subject: '.\nSentence: he said his suit against enfield seeks two years severance pay , equivalent to c$ 720,000 .\n	Main verb and subject: said, he	False	gpt-3.5-turbo-0301	None	None	None	0	1
You are an expert in linguistics. Your task is to identify the main verb and the main subject in an English sentence.\nShow the main verb (a single word) and its subject (also a single word) after the prefix 'Main verb and subject: '.\nSentence: enfield is a holding company with interests in manufacturing concerns .\n	Main verb and subject: is - Enfield	False	gpt-3.5-turbo-0301	None	None	None	0	1
You are an expert in linguistics. Your task is to identify the main verb and the main subject in an English sentence.\nShow the main verb (a single word) and its subject (also a single word) after the prefix 'Main verb and subject: '.\nSentence: hees is a merchant bank controlled by toronto financiers peter and edward bronfman .\n	Main verb and subject: is - hees	False	gpt-3.5-turbo-0301	None	None	None	0	1
You are an expert in linguistics. Your task is to identify the main verb and the main subject in an English sentence.\nShow the main verb (a single word) and its subject (also a single word) after the prefix 'Main verb and subject: '.\nSentence: first of all , it is a friendly acquisition in which rockefeller sought out mitsubishi estate and asked it to buy a majority share .\n	Main verb and subject: sought, Rockefeller	False	gpt-3.5-turbo-0301	None	None	None	0	1
You are an expert in linguistics. Your task is to identify the main verb and the main subject in an English sentence.\nShow the main verb (a single word) and its subject (also a single word) after the prefix 'Main verb and subject: '.\nSentence: rockefeller may well have found its match in mitsubishi estate , a company of long history , strong government ties and sound resources .\n	Main verb and subject: found, Rockefeller	False	gpt-3.5-turbo-0301	None	None	None	0	1
You are an expert in linguistics. Your task is to identify the main verb and the main subject in an English sentence.\nShow the main verb (a single word) and its subject (also a single word) after the prefix 'Main verb and subject: '.\nSentence: at the time , japan had just opened its doors to the world after about 250 years of isolation and needed a western-style business center .\n	Main verb and subject: had, Japan	False	gpt-3.5-turbo-0301	None	None	None	0	1
You are an expert in linguistics. Your task is to identify the main verb and the main subject in an English sentence.\nShow the main verb (a single word) and its subject (also a single word) after the prefix 'Main verb and subject: '.\nSentence: analysts say the company also could easily issue new convertible bonds or warrants .\n	Main verb and subject: say, analysts.	False	gpt-3.5-turbo-0301	None	None	None	0	1
You are an expert in linguistics. Your task is to identify the main verb and the main subject in an English sentence.\nShow the main verb (a single word) and its subject (also a single word) after the prefix 'Main verb and subject: '.\nSentence: it is the largest private-sector landowner of the minato-mirai 21 project , a multibillion-yen development in the port city of yokohama , about an hour outside tokyo .\n	Main verb and subject: is - it	False	gpt-3.5-turbo-0301	None	None	None	0	1
You are an expert in linguistics. Your task is to identify the main verb and the main subject in an English sentence.\nShow the main verb (a single word) and its subject (also a single word) after the prefix 'Main verb and subject: '.\nSentence: mitsubishi is also pushing ahead with a controversial plan to redevelop marunouchi into a business center of high-tech buildings , a project budgeted for 30 years and six trillion yen .\n	Main verb and subject: pushing, Mitsubishi	False	gpt-3.5-turbo-0301	None	None	None	0	1
You are an expert in linguistics. Your task is to identify the main verb and the main subject in an English sentence.\nShow the main verb (a single word) and its subject (also a single word) after the prefix 'Main verb and subject: '.\nSentence: sony is acquiring columbia and guber-peters entertainment co. in two separate transactions valued at more than $ 5 billion .\n	Main verb and subject: acquiring Sony	False	gpt-3.5-turbo-0301	None	None	None	0	1
You are an expert in linguistics. Your task is to identify the main verb and the main subject in an English sentence.\nShow the main verb (a single word) and its subject (also a single word) after the prefix 'Main verb and subject: '.\nSentence: warner has a five-year exclusive contract with mr. guber and mr. peters that requires them to make movies exclusively at the warner bros. studio .\n	Main verb and subject: has - Warner	False	gpt-3.5-turbo-0301	None	None	None	0	1
You are an expert in linguistics. Your task is to identify the main verb and the main subject in an English sentence.\nShow the main verb (a single word) and its subject (also a single word) after the prefix 'Main verb and subject: '.\nSentence: but it may amount to little more than posturing ; the two have continued on-again , off-again settlement talks over the last few weeks , and people familiar with the talks say the matter could be resolved within a week .\n	Main verb and subject: may amount	False	gpt-3.5-turbo-0301	None	None	None	0	1
You are an expert in linguistics. Your task is to identify the main verb and the main subject in an English sentence.\nShow the main verb (a single word) and its subject (also a single word) after the prefix 'Main verb and subject: '.\nSentence: seagram says the promotion is designed to build brand loyalty rather than promote heavy drinking .\n	Main verb and subject: says, Seagram	False	gpt-3.5-turbo-0301	None	None	None	0	1
You are an expert in linguistics. Your task is to identify the main verb and the main subject in an English sentence.\nShow the main verb (a single word) and its subject (also a single word) after the prefix 'Main verb and subject: '.\nSentence: goya concocts a milk for hispanic tastes\n	Main verb and subject: concocts, goya	False	gpt-3.5-turbo-0301	None	None	None	0	1
You are an expert in linguistics. Your task is to identify the main verb and the main subject in an English sentence.\nShow the main verb (a single word) and its subject (also a single word) after the prefix 'Main verb and subject: '.\nSentence: that compares with 3.5 % butterfat for whole milk .\n	Main verb and subject: compares - that	False	gpt-3.5-turbo-0301	None	None	None	0	1
You are an expert in linguistics. Your task is to identify the main verb and the main subject in an English sentence.\nShow the main verb (a single word) and its subject (also a single word) after the prefix 'Main verb and subject: '.\nSentence: borden even tested a milk with 4 % butterfat in the south , but decided the market was too small .\n	Main verb and subject: tested Borden	False	gpt-3.5-turbo-0301	None	None	None	0	1
