You are an expert in linguistics. Imagine a language that is the same as English only except that it uses the verb-object-subject order instead of the subject-verb-object order. Your task is to reconstruct the original sentence in English. You should only use the words in the same form as they appear in the given sentence.\nSentence: sees noah mary.\nShow the original sentence the prefix 'Original sentence: '.\n	Original sentence: Mary sees Noah.	False	models/text-bison-001	None	None	None	0	1
You are an expert in linguistics. Imagine a language that is the same as English only except that it uses the verb-object-subject order instead of the subject-verb-object order. Your task is to reconstruct the original sentence in English. You should only use the words in the same form as they appear in the given sentence.\nSentence: loves noah bob.\nShow the original sentence the prefix 'Original sentence: '.\n	Original sentence: Bob loves Noah.	False	models/text-bison-001	None	None	None	0	1
You are an expert in linguistics. Imagine a language that is the same as English only except that it uses the verb-object-subject order instead of the subject-verb-object order. Your task is to reconstruct the original sentence in English. You should only use the words in the same form as they appear in the given sentence.\nSentence: calls ethan tom.\nShow the original sentence the prefix 'Original sentence: '.\n	Original sentence: Tom calls Ethan.	False	models/text-bison-001	None	None	None	0	1
You are an expert in linguistics. Imagine a language that is the same as English only except that it uses the verb-object-subject order instead of the subject-verb-object order. Your task is to reconstruct the original sentence in English. You should only use the words in the same form as they appear in the given sentence.\nSentence: sees jacob alice.\nShow the original sentence the prefix 'Original sentence: '.\n	Original sentence: Alice sees Jacob.	False	models/text-bison-001	None	None	None	0	1
You are an expert in linguistics. Imagine a language that is the same as English only except that it uses the verb-object-subject order instead of the subject-verb-object order. Your task is to reconstruct the original sentence in English. You should only use the words in the same form as they appear in the given sentence.\nSentence: calls jacob alice.\nShow the original sentence the prefix 'Original sentence: '.\n	Original sentence: Alice calls Jacob.	False	models/text-bison-001	None	None	None	0	1
You are an expert in linguistics. Imagine a language that is the same as English only except that it uses the verb-object-subject order instead of the subject-verb-object order. Your task is to reconstruct the original sentence in English. You should only use the words in the same form as they appear in the given sentence.\nSentence: loves emma mary.\nShow the original sentence the prefix 'Original sentence: '.\n	Original sentence: Mary loves Emma.	False	models/text-bison-001	None	None	None	0	1
You are an expert in linguistics. Imagine a language that is the same as English only except that it uses the verb-object-subject order instead of the subject-verb-object order. Your task is to reconstruct the original sentence in English. You should only use the words in the same form as they appear in the given sentence.\nSentence: sees noah mary.\nShow the original sentence the prefix 'Original sentence: '.\n	Original sentence: Mary sees Noah.	False	models/text-bison-001	None	None	None	0	1
You are an expert in linguistics. Imagine a language that is the same as English only except that it uses the verb-object-subject order instead of the subject-verb-object order. Your task is to reconstruct the original sentence in English. You should only use the words in the same form as they appear in the given sentence.\nSentence: knows jacob sophie.\nShow the original sentence the prefix 'Original sentence: '.\n	Original sentence: Sophie knows Jacob.	False	models/text-bison-001	None	None	None	0	1
You are an expert in linguistics. Imagine a language that is the same as English only except that it uses the verb-object-subject order instead of the subject-verb-object order. Your task is to reconstruct the original sentence in English. You should only use the words in the same form as they appear in the given sentence.\nSentence: loves emma jim.\nShow the original sentence the prefix 'Original sentence: '.\n	Original sentence: Jim loves Emma.	False	models/text-bison-001	None	None	None	0	1
You are an expert in linguistics. Imagine a language that is the same as English only except that it uses the verb-object-subject order instead of the subject-verb-object order. Your task is to reconstruct the original sentence in English. You should only use the words in the same form as they appear in the given sentence.\nSentence: loves mia tom.\nShow the original sentence the prefix 'Original sentence: '.\n	Original sentence: Tom loves Mia.	False	models/text-bison-001	None	None	None	0	1
You are an expert in linguistics. Imagine a language that is the same as English only except that it uses the verb-object-subject order instead of the subject-verb-object order. Your task is to reconstruct the original sentence in English. You should only use the words in the same form as they appear in the given sentence.\nSentence: calls emily mary.\nShow the original sentence the prefix 'Original sentence: '.\n	Original sentence: Mary calls Emily.	False	models/text-bison-001	None	None	None	0	1
You are an expert in linguistics. Imagine a language that is the same as English only except that it uses the verb-object-subject order instead of the subject-verb-object order. Your task is to reconstruct the original sentence in English. You should only use the words in the same form as they appear in the given sentence.\nSentence: saw mia tom.\nShow the original sentence the prefix 'Original sentence: '.\n	Original sentence: Tom saw Mia.	False	models/text-bison-001	None	None	None	0	1
You are an expert in linguistics. Imagine a language that is the same as English only except that it uses the verb-object-subject order instead of the subject-verb-object order. Your task is to reconstruct the original sentence in English. You should only use the words in the same form as they appear in the given sentence.\nSentence: knows emily sophie.\nShow the original sentence the prefix 'Original sentence: '.\n	Original sentence: Sophie knows Emily.	False	models/text-bison-001	None	None	None	0	1
You are an expert in linguistics. Imagine a language that is the same as English only except that it uses the verb-object-subject order instead of the subject-verb-object order. Your task is to reconstruct the original sentence in English. You should only use the words in the same form as they appear in the given sentence.\nSentence: saw noah sue.\nShow the original sentence the prefix 'Original sentence: '.\n	Original sentence: Sue saw Noah.	False	models/text-bison-001	None	None	None	0	1
You are an expert in linguistics. Imagine a language that is the same as English only except that it uses the verb-object-subject order instead of the subject-verb-object order. Your task is to reconstruct the original sentence in English. You should only use the words in the same form as they appear in the given sentence.\nSentence: sees liam jim.\nShow the original sentence the prefix 'Original sentence: '.\n	Original sentence: Jim sees Liam.	False	models/text-bison-001	None	None	None	0	1
You are an expert in linguistics. Imagine a language that is the same as English only except that it uses the verb-object-subject order instead of the subject-verb-object order. Your task is to reconstruct the original sentence in English. You should only use the words in the same form as they appear in the given sentence.\nSentence: calls noah mary.\nShow the original sentence the prefix 'Original sentence: '.\n	Original sentence: Mary calls Noah.	False	models/text-bison-001	None	None	None	0	1
You are an expert in linguistics. Imagine a language that is the same as English only except that it uses the verb-object-subject order instead of the subject-verb-object order. Your task is to reconstruct the original sentence in English. You should only use the words in the same form as they appear in the given sentence.\nSentence: loves ava mary.\nShow the original sentence the prefix 'Original sentence: '.\n	Original sentence: Mary loves Ava.	False	models/text-bison-001	None	None	None	0	1
You are an expert in linguistics. Imagine a language that is the same as English only except that it uses the verb-object-subject order instead of the subject-verb-object order. Your task is to reconstruct the original sentence in English. You should only use the words in the same form as they appear in the given sentence.\nSentence: knows liam anna.\nShow the original sentence the prefix 'Original sentence: '.\n	Original sentence: Anna knows Liam.	False	models/text-bison-001	None	None	None	0	1
You are an expert in linguistics. Imagine a language that is the same as English only except that it uses the verb-object-subject order instead of the subject-verb-object order. Your task is to reconstruct the original sentence in English. You should only use the words in the same form as they appear in the given sentence.\nSentence: sees mia sue.\nShow the original sentence the prefix 'Original sentence: '.\n	Original sentence: Sue sees Mia.	False	models/text-bison-001	None	None	None	0	1
You are an expert in linguistics. Imagine a language that is the same as English only except that it uses the verb-object-subject order instead of the subject-verb-object order. Your task is to reconstruct the original sentence in English. You should only use the words in the same form as they appear in the given sentence.\nSentence: calls ava john.\nShow the original sentence the prefix 'Original sentence: '.\n	Original sentence: John calls Ava.	False	models/text-bison-001	None	None	None	0	1
You are an expert in linguistics. Imagine a language that is the same as English only except that it uses the verb-object-subject order instead of the subject-verb-object order. Your task is to reconstruct the original sentence in English. You should only use the words in the same form as they appear in the given sentence.\nSentence: knows noah tom.\nShow the original sentence the prefix 'Original sentence: '.\n	Original sentence: Tom knows Noah.	False	models/text-bison-001	None	None	None	0	1
You are an expert in linguistics. Imagine a language that is the same as English only except that it uses the verb-object-subject order instead of the subject-verb-object order. Your task is to reconstruct the original sentence in English. You should only use the words in the same form as they appear in the given sentence.\nSentence: knows noah sue.\nShow the original sentence the prefix 'Original sentence: '.\n	Original sentence: Sue knows Noah.	False	models/text-bison-001	None	None	None	0	1
You are an expert in linguistics. Imagine a language that is the same as English only except that it uses the verb-object-subject order instead of the subject-verb-object order. Your task is to reconstruct the original sentence in English. You should only use the words in the same form as they appear in the given sentence.\nSentence: loves emily sophie.\nShow the original sentence the prefix 'Original sentence: '.\n	Original sentence: Emily loves Sophie.	False	models/text-bison-001	None	None	None	0	1
You are an expert in linguistics. Imagine a language that is the same as English only except that it uses the verb-object-subject order instead of the subject-verb-object order. Your task is to reconstruct the original sentence in English. You should only use the words in the same form as they appear in the given sentence.\nSentence: calls noah john.\nShow the original sentence the prefix 'Original sentence: '.\n	Original sentence: John calls Noah.	False	models/text-bison-001	None	None	None	0	1
You are an expert in linguistics. Imagine a language that is the same as English only except that it uses the verb-object-subject order instead of the subject-verb-object order. Your task is to reconstruct the original sentence in English. You should only use the words in the same form as they appear in the given sentence.\nSentence: knows emily alice.\nShow the original sentence the prefix 'Original sentence: '.\n	Original sentence: Alice knows Emily.	False	models/text-bison-001	None	None	None	0	1
You are an expert in linguistics. Imagine a language that is the same as English only except that it uses the verb-object-subject order instead of the subject-verb-object order. Your task is to reconstruct the original sentence in English. You should only use the words in the same form as they appear in the given sentence.\nSentence: calls emma bob.\nShow the original sentence the prefix 'Original sentence: '.\n	Original sentence: Bob calls Emma.	False	models/text-bison-001	None	None	None	0	1
You are an expert in linguistics. Imagine a language that is the same as English only except that it uses the verb-object-subject order instead of the subject-verb-object order. Your task is to reconstruct the original sentence in English. You should only use the words in the same form as they appear in the given sentence.\nSentence: sees ava john.\nShow the original sentence the prefix 'Original sentence: '.\n	Original sentence: John sees Ava.	False	models/text-bison-001	None	None	None	0	1
You are an expert in linguistics. Imagine a language that is the same as English only except that it uses the verb-object-subject order instead of the subject-verb-object order. Your task is to reconstruct the original sentence in English. You should only use the words in the same form as they appear in the given sentence.\nSentence: saw emily sue.\nShow the original sentence the prefix 'Original sentence: '.\n	Original sentence: Sue saw Emily.	False	models/text-bison-001	None	None	None	0	1
You are an expert in linguistics. Imagine a language that is the same as English only except that it uses the verb-object-subject order instead of the subject-verb-object order. Your task is to reconstruct the original sentence in English. You should only use the words in the same form as they appear in the given sentence.\nSentence: saw liam tim.\nShow the original sentence the prefix 'Original sentence: '.\n	Original sentence: Tim saw Liam.	False	models/text-bison-001	None	None	None	0	1
You are an expert in linguistics. Imagine a language that is the same as English only except that it uses the verb-object-subject order instead of the subject-verb-object order. Your task is to reconstruct the original sentence in English. You should only use the words in the same form as they appear in the given sentence.\nSentence: saw liam tim.\nShow the original sentence the prefix 'Original sentence: '.\n	Original sentence: Tim saw Liam.	False	models/text-bison-001	None	None	None	0	1
You are an expert in linguistics. Imagine a language that is the same as English only except that it uses the verb-object-subject order instead of the subject-verb-object order. Your task is to reconstruct the original sentence in English. You should only use the words in the same form as they appear in the given sentence.\nSentence: knows lucas mary.\nShow the original sentence the prefix 'Original sentence: '.\n	Original sentence: Mary knows Lucas.	False	models/text-bison-001	None	None	None	0	1
You are an expert in linguistics. Imagine a language that is the same as English only except that it uses the verb-object-subject order instead of the subject-verb-object order. Your task is to reconstruct the original sentence in English. You should only use the words in the same form as they appear in the given sentence.\nSentence: sees emma anna.\nShow the original sentence the prefix 'Original sentence: '.\n	Original sentence: Anna sees Emma.	False	models/text-bison-001	None	None	None	0	1
You are an expert in linguistics. Imagine a language that is the same as English only except that it uses the verb-object-subject order instead of the subject-verb-object order. Your task is to reconstruct the original sentence in English. You should only use the words in the same form as they appear in the given sentence.\nSentence: sees liam mary.\nShow the original sentence the prefix 'Original sentence: '.\n	Original sentence: Mary sees Liam.	False	models/text-bison-001	None	None	None	0	1
You are an expert in linguistics. Imagine a language that is the same as English only except that it uses the verb-object-subject order instead of the subject-verb-object order. Your task is to reconstruct the original sentence in English. You should only use the words in the same form as they appear in the given sentence.\nSentence: loves ethan bob.\nShow the original sentence the prefix 'Original sentence: '.\n	Original sentence: Bob loves Ethan.	False	models/text-bison-001	None	None	None	0	1
You are an expert in linguistics. Imagine a language that is the same as English only except that it uses the verb-object-subject order instead of the subject-verb-object order. Your task is to reconstruct the original sentence in English. You should only use the words in the same form as they appear in the given sentence.\nSentence: knows noah jim.\nShow the original sentence the prefix 'Original sentence: '.\n	Original sentence: Jim knows Noah.	False	models/text-bison-001	None	None	None	0	1
You are an expert in linguistics. Imagine a language that is the same as English only except that it uses the verb-object-subject order instead of the subject-verb-object order. Your task is to reconstruct the original sentence in English. You should only use the words in the same form as they appear in the given sentence.\nSentence: calls liam sophie.\nShow the original sentence the prefix 'Original sentence: '.\n	Original sentence: Liam calls Sophie.	False	models/text-bison-001	None	None	None	0	1
You are an expert in linguistics. Imagine a language that is the same as English only except that it uses the verb-object-subject order instead of the subject-verb-object order. Your task is to reconstruct the original sentence in English. You should only use the words in the same form as they appear in the given sentence.\nSentence: loves emma tim.\nShow the original sentence the prefix 'Original sentence: '.\n	Original sentence: Tim loves Emma.	False	models/text-bison-001	None	None	None	0	1
You are an expert in linguistics. Imagine a language that is the same as English only except that it uses the verb-object-subject order instead of the subject-verb-object order. Your task is to reconstruct the original sentence in English. You should only use the words in the same form as they appear in the given sentence.\nSentence: sees lucas sue.\nShow the original sentence the prefix 'Original sentence: '.\n	Original sentence: Sue sees Lucas.	False	models/text-bison-001	None	None	None	0	1
You are an expert in linguistics. Imagine a language that is the same as English only except that it uses the verb-object-subject order instead of the subject-verb-object order. Your task is to reconstruct the original sentence in English. You should only use the words in the same form as they appear in the given sentence.\nSentence: sees jacob jim.\nShow the original sentence the prefix 'Original sentence: '.\n	Original sentence: Jim sees Jacob.	False	models/text-bison-001	None	None	None	0	1
You are an expert in linguistics. Imagine a language that is the same as English only except that it uses the verb-object-subject order instead of the subject-verb-object order. Your task is to reconstruct the original sentence in English. You should only use the words in the same form as they appear in the given sentence.\nSentence: sees noah tim.\nShow the original sentence the prefix 'Original sentence: '.\n	Original sentence: Tim sees Noah.	False	models/text-bison-001	None	None	None	0	1
You are an expert in linguistics. Imagine a language that is the same as English only except that it uses the verb-object-subject order instead of the subject-verb-object order. Your task is to reconstruct the original sentence in English. You should only use the words in the same form as they appear in the given sentence.\nSentence: loves mia tim.\nShow the original sentence the prefix 'Original sentence: '.\n	Original sentence: Tim loves Mia.	False	models/text-bison-001	None	None	None	0	1
You are an expert in linguistics. Imagine a language that is the same as English only except that it uses the verb-object-subject order instead of the subject-verb-object order. Your task is to reconstruct the original sentence in English. You should only use the words in the same form as they appear in the given sentence.\nSentence: sees olivia alice.\nShow the original sentence the prefix 'Original sentence: '.\n	Original sentence: Alice sees Olivia.	False	models/text-bison-001	None	None	None	0	1
You are an expert in linguistics. Imagine a language that is the same as English only except that it uses the verb-object-subject order instead of the subject-verb-object order. Your task is to reconstruct the original sentence in English. You should only use the words in the same form as they appear in the given sentence.\nSentence: loves mia bob.\nShow the original sentence the prefix 'Original sentence: '.\n	Original sentence: Bob loves Mia.	False	models/text-bison-001	None	None	None	0	1
You are an expert in linguistics. Imagine a language that is the same as English only except that it uses the verb-object-subject order instead of the subject-verb-object order. Your task is to reconstruct the original sentence in English. You should only use the words in the same form as they appear in the given sentence.\nSentence: sees olivia john.\nShow the original sentence the prefix 'Original sentence: '.\n	Original sentence: John sees Olivia.	False	models/text-bison-001	None	None	None	0	1
You are an expert in linguistics. Imagine a language that is the same as English only except that it uses the verb-object-subject order instead of the subject-verb-object order. Your task is to reconstruct the original sentence in English. You should only use the words in the same form as they appear in the given sentence.\nSentence: loves emily sophie.\nShow the original sentence the prefix 'Original sentence: '.\n	Original sentence: Emily loves Sophie.	False	models/text-bison-001	None	None	None	0	1
You are an expert in linguistics. Imagine a language that is the same as English only except that it uses the verb-object-subject order instead of the subject-verb-object order. Your task is to reconstruct the original sentence in English. You should only use the words in the same form as they appear in the given sentence.\nSentence: loves olivia sue.\nShow the original sentence the prefix 'Original sentence: '.\n	Original sentence: Sue loves Olivia.	False	models/text-bison-001	None	None	None	0	1
You are an expert in linguistics. Imagine a language that is the same as English only except that it uses the verb-object-subject order instead of the subject-verb-object order. Your task is to reconstruct the original sentence in English. You should only use the words in the same form as they appear in the given sentence.\nSentence: sees mia alice.\nShow the original sentence the prefix 'Original sentence: '.\n	Original sentence: Alice sees Mia.	False	models/text-bison-001	None	None	None	0	1
You are an expert in linguistics. Imagine a language that is the same as English only except that it uses the verb-object-subject order instead of the subject-verb-object order. Your task is to reconstruct the original sentence in English. You should only use the words in the same form as they appear in the given sentence.\nSentence: saw lucas john.\nShow the original sentence the prefix 'Original sentence: '.\n	Original sentence: John saw Lucas.	False	models/text-bison-001	None	None	None	0	1
You are an expert in linguistics. Imagine a language that is the same as English only except that it uses the verb-object-subject order instead of the subject-verb-object order. Your task is to reconstruct the original sentence in English. You should only use the words in the same form as they appear in the given sentence.\nSentence: calls ethan anna.\nShow the original sentence the prefix 'Original sentence: '.\n	Original sentence: Anna calls Ethan.	False	models/text-bison-001	None	None	None	0	1
You are an expert in linguistics. Imagine a language that is the same as English only except that it uses the verb-object-subject order instead of the subject-verb-object order. Your task is to reconstruct the original sentence in English. You should only use the words in the same form as they appear in the given sentence.\nSentence: sees lucas tom.\nShow the original sentence the prefix 'Original sentence: '.\n	Original sentence: Tom sees Lucas.	False	models/text-bison-001	None	None	None	0	1
You are an expert in linguistics. Imagine a language that is the same as English only except that it uses the verb-object-subject order instead of the subject-verb-object order. Your task is to reconstruct the original sentence in English. You should only use the words in the same form as they appear in the given sentence.\nSentence: saw ava bob.\nShow the original sentence the prefix 'Original sentence: '.\n	Original sentence: Bob saw Ava.	False	models/text-bison-001	None	None	None	0	1
You are an expert in linguistics. Imagine a language that is the same as English only except that it uses the verb-object-subject order instead of the subject-verb-object order. Your task is to reconstruct the original sentence in English. You should only use the words in the same form as they appear in the given sentence.\nSentence: saw mia tom.\nShow the original sentence the prefix 'Original sentence: '.\n	Original sentence: Tom saw Mia.	False	models/text-bison-001	None	None	None	0	1
You are an expert in linguistics. Imagine a language that is the same as English only except that it uses the verb-object-subject order instead of the subject-verb-object order. Your task is to reconstruct the original sentence in English. You should only use the words in the same form as they appear in the given sentence.\nSentence: calls olivia anna.\nShow the original sentence the prefix 'Original sentence: '.\n	Original sentence: Anna calls Olivia.	False	models/text-bison-001	None	None	None	0	1
You are an expert in linguistics. Imagine a language that is the same as English only except that it uses the verb-object-subject order instead of the subject-verb-object order. Your task is to reconstruct the original sentence in English. You should only use the words in the same form as they appear in the given sentence.\nSentence: knows lucas tim.\nShow the original sentence the prefix 'Original sentence: '.\n	Original sentence: Tim knows Lucas.	False	models/text-bison-001	None	None	None	0	1
You are an expert in linguistics. Imagine a language that is the same as English only except that it uses the verb-object-subject order instead of the subject-verb-object order. Your task is to reconstruct the original sentence in English. You should only use the words in the same form as they appear in the given sentence.\nSentence: knows jacob anna.\nShow the original sentence the prefix 'Original sentence: '.\n	Original sentence: Anna knows Jacob.	False	models/text-bison-001	None	None	None	0	1
You are an expert in linguistics. Imagine a language that is the same as English only except that it uses the verb-object-subject order instead of the subject-verb-object order. Your task is to reconstruct the original sentence in English. You should only use the words in the same form as they appear in the given sentence.\nSentence: loves lucas tim.\nShow the original sentence the prefix 'Original sentence: '.\n	Original sentence: Tim loves Lucas.	False	models/text-bison-001	None	None	None	0	1
You are an expert in linguistics. Imagine a language that is the same as English only except that it uses the verb-object-subject order instead of the subject-verb-object order. Your task is to reconstruct the original sentence in English. You should only use the words in the same form as they appear in the given sentence.\nSentence: saw emma sophie.\nShow the original sentence the prefix 'Original sentence: '.\n	Original sentence: Sophie saw Emma.	False	models/text-bison-001	None	None	None	0	1
You are an expert in linguistics. Imagine a language that is the same as English only except that it uses the verb-object-subject order instead of the subject-verb-object order. Your task is to reconstruct the original sentence in English. You should only use the words in the same form as they appear in the given sentence.\nSentence: knows olivia john.\nShow the original sentence the prefix 'Original sentence: '.\n	Original sentence: John knows Olivia.	False	models/text-bison-001	None	None	None	0	1
You are an expert in linguistics. Imagine a language that is the same as English only except that it uses the verb-object-subject order instead of the subject-verb-object order. Your task is to reconstruct the original sentence in English. You should only use the words in the same form as they appear in the given sentence.\nSentence: saw mia mary.\nShow the original sentence the prefix 'Original sentence: '.\n	Original sentence: Mary saw Mia.	False	models/text-bison-001	None	None	None	0	1
You are an expert in linguistics. Imagine a language that is the same as English only except that it uses the verb-object-subject order instead of the subject-verb-object order. Your task is to reconstruct the original sentence in English. You should only use the words in the same form as they appear in the given sentence.\nSentence: calls lucas tim.\nShow the original sentence the prefix 'Original sentence: '.\n	Original sentence: Tim calls Lucas.	False	models/text-bison-001	None	None	None	0	1
You are an expert in linguistics. Imagine a language that is the same as English only except that it uses the verb-object-subject order instead of the subject-verb-object order. Your task is to reconstruct the original sentence in English. You should only use the words in the same form as they appear in the given sentence.\nSentence: calls emily jim.\nShow the original sentence the prefix 'Original sentence: '.\n	Original sentence: Jim calls Emily.	False	models/text-bison-001	None	None	None	0	1
You are an expert in linguistics. Imagine a language that is the same as English only except that it uses the verb-object-subject order instead of the subject-verb-object order. Your task is to reconstruct the original sentence in English. You should only use the words in the same form as they appear in the given sentence.\nSentence: loves mia bob.\nShow the original sentence the prefix 'Original sentence: '.\n	Original sentence: Bob loves Mia.	False	models/text-bison-001	None	None	None	0	1
You are an expert in linguistics. Imagine a language that is the same as English only except that it uses the verb-object-subject order instead of the subject-verb-object order. Your task is to reconstruct the original sentence in English. You should only use the words in the same form as they appear in the given sentence.\nSentence: saw mia jim.\nShow the original sentence the prefix 'Original sentence: '.\n	Original sentence: Jim saw Mia.	False	models/text-bison-001	None	None	None	0	1
You are an expert in linguistics. Imagine a language that is the same as English only except that it uses the verb-object-subject order instead of the subject-verb-object order. Your task is to reconstruct the original sentence in English. You should only use the words in the same form as they appear in the given sentence.\nSentence: saw ethan sue.\nShow the original sentence the prefix 'Original sentence: '.\n	Original sentence: Sue saw Ethan.	False	models/text-bison-001	None	None	None	0	1
You are an expert in linguistics. Imagine a language that is the same as English only except that it uses the verb-object-subject order instead of the subject-verb-object order. Your task is to reconstruct the original sentence in English. You should only use the words in the same form as they appear in the given sentence.\nSentence: saw emma mary.\nShow the original sentence the prefix 'Original sentence: '.\n	Original sentence: Mary saw Emma.	False	models/text-bison-001	None	None	None	0	1
You are an expert in linguistics. Imagine a language that is the same as English only except that it uses the verb-object-subject order instead of the subject-verb-object order. Your task is to reconstruct the original sentence in English. You should only use the words in the same form as they appear in the given sentence.\nSentence: loves emily sue.\nShow the original sentence the prefix 'Original sentence: '.\n	Original sentence: Sue loves Emily.	False	models/text-bison-001	None	None	None	0	1
You are an expert in linguistics. Imagine a language that is the same as English only except that it uses the verb-object-subject order instead of the subject-verb-object order. Your task is to reconstruct the original sentence in English. You should only use the words in the same form as they appear in the given sentence.\nSentence: knows ava mary.\nShow the original sentence the prefix 'Original sentence: '.\n	Original sentence: Mary knows Ava.	False	models/text-bison-001	None	None	None	0	1
You are an expert in linguistics. Imagine a language that is the same as English only except that it uses the verb-object-subject order instead of the subject-verb-object order. Your task is to reconstruct the original sentence in English. You should only use the words in the same form as they appear in the given sentence.\nSentence: knows mia tim.\nShow the original sentence the prefix 'Original sentence: '.\n	Original sentence: Tim knows Mia.	False	models/text-bison-001	None	None	None	0	1
You are an expert in linguistics. Imagine a language that is the same as English only except that it uses the verb-object-subject order instead of the subject-verb-object order. Your task is to reconstruct the original sentence in English. You should only use the words in the same form as they appear in the given sentence.\nSentence: sees emily sophie.\nShow the original sentence the prefix 'Original sentence: '.\n	Original sentence: Sophie sees Emily.	False	models/text-bison-001	None	None	None	0	1
You are an expert in linguistics. Imagine a language that is the same as English only except that it uses the verb-object-subject order instead of the subject-verb-object order. Your task is to reconstruct the original sentence in English. You should only use the words in the same form as they appear in the given sentence.\nSentence: knows ethan tom.\nShow the original sentence the prefix 'Original sentence: '.\n	Original sentence: Tom knows Ethan.	False	models/text-bison-001	None	None	None	0	1
You are an expert in linguistics. Imagine a language that is the same as English only except that it uses the verb-object-subject order instead of the subject-verb-object order. Your task is to reconstruct the original sentence in English. You should only use the words in the same form as they appear in the given sentence.\nSentence: sees liam alice.\nShow the original sentence the prefix 'Original sentence: '.\n	Original sentence: Alice sees Liam.	False	models/text-bison-001	None	None	None	0	1
You are an expert in linguistics. Imagine a language that is the same as English only except that it uses the verb-object-subject order instead of the subject-verb-object order. Your task is to reconstruct the original sentence in English. You should only use the words in the same form as they appear in the given sentence.\nSentence: calls ethan sophie.\nShow the original sentence the prefix 'Original sentence: '.\n	Original sentence: Ethan calls Sophie.	False	models/text-bison-001	None	None	None	0	1
You are an expert in linguistics. Imagine a language that is the same as English only except that it uses the verb-object-subject order instead of the subject-verb-object order. Your task is to reconstruct the original sentence in English. You should only use the words in the same form as they appear in the given sentence.\nSentence: knows mia anna.\nShow the original sentence the prefix 'Original sentence: '.\n	Original sentence: Anna knows Mia.	False	models/text-bison-001	None	None	None	0	1
You are an expert in linguistics. Imagine a language that is the same as English only except that it uses the verb-object-subject order instead of the subject-verb-object order. Your task is to reconstruct the original sentence in English. You should only use the words in the same form as they appear in the given sentence.\nSentence: saw mia tim.\nShow the original sentence the prefix 'Original sentence: '.\n	Original sentence: Tim saw Mia.	False	models/text-bison-001	None	None	None	0	1
You are an expert in linguistics. Imagine a language that is the same as English only except that it uses the verb-object-subject order instead of the subject-verb-object order. Your task is to reconstruct the original sentence in English. You should only use the words in the same form as they appear in the given sentence.\nSentence: knows emma sophie.\nShow the original sentence the prefix 'Original sentence: '.\n	Original sentence: Sophie knows Emma.	False	models/text-bison-001	None	None	None	0	1
You are an expert in linguistics. Imagine a language that is the same as English only except that it uses the verb-object-subject order instead of the subject-verb-object order. Your task is to reconstruct the original sentence in English. You should only use the words in the same form as they appear in the given sentence.\nSentence: loves noah sophie.\nShow the original sentence the prefix 'Original sentence: '.\n	Original sentence: Sophie loves Noah.	False	models/text-bison-001	None	None	None	0	1
You are an expert in linguistics. Imagine a language that is the same as English only except that it uses the verb-object-subject order instead of the subject-verb-object order. Your task is to reconstruct the original sentence in English. You should only use the words in the same form as they appear in the given sentence.\nSentence: loves ethan sophie.\nShow the original sentence the prefix 'Original sentence: '.\n	Original sentence: Sophie loves Ethan.	False	models/text-bison-001	None	None	None	0	1
You are an expert in linguistics. Imagine a language that is the same as English only except that it uses the verb-object-subject order instead of the subject-verb-object order. Your task is to reconstruct the original sentence in English. You should only use the words in the same form as they appear in the given sentence.\nSentence: calls ethan tom.\nShow the original sentence the prefix 'Original sentence: '.\n	Original sentence: Tom calls Ethan.	False	models/text-bison-001	None	None	None	0	1
You are an expert in linguistics. Imagine a language that is the same as English only except that it uses the verb-object-subject order instead of the subject-verb-object order. Your task is to reconstruct the original sentence in English. You should only use the words in the same form as they appear in the given sentence.\nSentence: loves ethan sophie.\nShow the original sentence the prefix 'Original sentence: '.\n	Original sentence: Sophie loves Ethan.	False	models/text-bison-001	None	None	None	0	1
You are an expert in linguistics. Imagine a language that is the same as English only except that it uses the verb-object-subject order instead of the subject-verb-object order. Your task is to reconstruct the original sentence in English. You should only use the words in the same form as they appear in the given sentence.\nSentence: knows ethan sophie.\nShow the original sentence the prefix 'Original sentence: '.\n	Original sentence: Sophie knows Ethan.	False	models/text-bison-001	None	None	None	0	1
You are an expert in linguistics. Imagine a language that is the same as English only except that it uses the verb-object-subject order instead of the subject-verb-object order. Your task is to reconstruct the original sentence in English. You should only use the words in the same form as they appear in the given sentence.\nSentence: knows lucas alice.\nShow the original sentence the prefix 'Original sentence: '.\n	Original sentence: Alice knows Lucas.	False	models/text-bison-001	None	None	None	0	1
You are an expert in linguistics. Imagine a language that is the same as English only except that it uses the verb-object-subject order instead of the subject-verb-object order. Your task is to reconstruct the original sentence in English. You should only use the words in the same form as they appear in the given sentence.\nSentence: knows liam anna.\nShow the original sentence the prefix 'Original sentence: '.\n	Original sentence: Anna knows Liam.	False	models/text-bison-001	None	None	None	0	1
You are an expert in linguistics. Imagine a language that is the same as English only except that it uses the verb-object-subject order instead of the subject-verb-object order. Your task is to reconstruct the original sentence in English. You should only use the words in the same form as they appear in the given sentence.\nSentence: knows noah alice.\nShow the original sentence the prefix 'Original sentence: '.\n	Original sentence: Alice knows Noah.	False	models/text-bison-001	None	None	None	0	1
You are an expert in linguistics. Imagine a language that is the same as English only except that it uses the verb-object-subject order instead of the subject-verb-object order. Your task is to reconstruct the original sentence in English. You should only use the words in the same form as they appear in the given sentence.\nSentence: loves ethan alice.\nShow the original sentence the prefix 'Original sentence: '.\n	Original sentence: Alice loves Ethan.	False	models/text-bison-001	None	None	None	0	1
You are an expert in linguistics. Imagine a language that is the same as English only except that it uses the verb-object-subject order instead of the subject-verb-object order. Your task is to reconstruct the original sentence in English. You should only use the words in the same form as they appear in the given sentence.\nSentence: sees mia alice.\nShow the original sentence the prefix 'Original sentence: '.\n	Original sentence: Alice sees Mia.	False	models/text-bison-001	None	None	None	0	1
You are an expert in linguistics. Imagine a language that is the same as English only except that it uses the verb-object-subject order instead of the subject-verb-object order. Your task is to reconstruct the original sentence in English. You should only use the words in the same form as they appear in the given sentence.\nSentence: knows emma tom.\nShow the original sentence the prefix 'Original sentence: '.\n	Original sentence: Tom knows Emma.	False	models/text-bison-001	None	None	None	0	1
You are an expert in linguistics. Imagine a language that is the same as English only except that it uses the verb-object-subject order instead of the subject-verb-object order. Your task is to reconstruct the original sentence in English. You should only use the words in the same form as they appear in the given sentence.\nSentence: saw emma tom.\nShow the original sentence the prefix 'Original sentence: '.\n	Original sentence: Tom saw Emma.	False	models/text-bison-001	None	None	None	0	1
You are an expert in linguistics. Imagine a language that is the same as English only except that it uses the verb-object-subject order instead of the subject-verb-object order. Your task is to reconstruct the original sentence in English. You should only use the words in the same form as they appear in the given sentence.\nSentence: knows jacob tom.\nShow the original sentence the prefix 'Original sentence: '.\n	Original sentence: Tom knows Jacob.	False	models/text-bison-001	None	None	None	0	1
You are an expert in linguistics. Imagine a language that is the same as English only except that it uses the verb-object-subject order instead of the subject-verb-object order. Your task is to reconstruct the original sentence in English. You should only use the words in the same form as they appear in the given sentence.\nSentence: sees emily alice.\nShow the original sentence the prefix 'Original sentence: '.\n	Original sentence: Alice sees Emily.	False	models/text-bison-001	None	None	None	0	1
You are an expert in linguistics. Imagine a language that is the same as English only except that it uses the verb-object-subject order instead of the subject-verb-object order. Your task is to reconstruct the original sentence in English. You should only use the words in the same form as they appear in the given sentence.\nSentence: knows liam anna.\nShow the original sentence the prefix 'Original sentence: '.\n	Original sentence: Anna knows Liam.	False	models/text-bison-001	None	None	None	0	1
You are an expert in linguistics. Imagine a language that is the same as English only except that it uses the verb-object-subject order instead of the subject-verb-object order. Your task is to reconstruct the original sentence in English. You should only use the words in the same form as they appear in the given sentence.\nSentence: saw liam tom.\nShow the original sentence the prefix 'Original sentence: '.\n	Original sentence: Tom saw Liam.	False	models/text-bison-001	None	None	None	0	1
You are an expert in linguistics. Imagine a language that is the same as English only except that it uses the verb-object-subject order instead of the subject-verb-object order. Your task is to reconstruct the original sentence in English. You should only use the words in the same form as they appear in the given sentence.\nSentence: sees noah john.\nShow the original sentence the prefix 'Original sentence: '.\n	Original sentence: John sees Noah.	False	models/text-bison-001	None	None	None	0	1
You are an expert in linguistics. Imagine a language that is the same as English only except that it uses the verb-object-subject order instead of the subject-verb-object order. Your task is to reconstruct the original sentence in English. You should only use the words in the same form as they appear in the given sentence.\nSentence: calls jacob sue.\nShow the original sentence the prefix 'Original sentence: '.\n	Original sentence: Sue calls Jacob.	False	models/text-bison-001	None	None	None	0	1
You are an expert in linguistics. Imagine a language that is the same as English only except that it uses the verb-object-subject order instead of the subject-verb-object order. Your task is to reconstruct the original sentence in English. You should only use the words in the same form as they appear in the given sentence.\nSentence: loves ava jim.\nShow the original sentence the prefix 'Original sentence: '.\n	Original sentence: Jim loves Ava.	False	models/text-bison-001	None	None	None	0	1
You are an expert in linguistics. Imagine a language that is the same as English only except that it uses the verb-object-subject order instead of the subject-verb-object order. Your task is to reconstruct the original sentence in English. You should only use the words in the same form as they appear in the given sentence.\nSentence: sees emma anna.\nShow the original sentence the prefix 'Original sentence: '.\n	Original sentence: Anna sees Emma.	False	models/text-bison-001	None	None	None	0	1
You are an expert in linguistics. Imagine a language that is the same as English only except that it uses the verb-object-subject order instead of the subject-verb-object order. Your task is to reconstruct the original sentence in English. You should only use the words in the same form as they appear in the given sentence.\nSentence: loves olivia mary.\nShow the original sentence the prefix 'Original sentence: '.\n	Original sentence: Mary loves Olivia.	False	models/text-bison-001	None	None	None	0	1
You are an expert in linguistics. Imagine a language that is the same as English only except that it uses the verb-object-subject order instead of the subject-verb-object order. Your task is to reconstruct the original sentence in English. You should only use the words in the same form as they appear in the given sentence.\nSentence: sees emily mary.\nShow the original sentence the prefix 'Original sentence: '.\n	Original sentence: Mary sees Emily.	False	models/text-bison-001	None	None	None	0	1
You are an expert in linguistics. Imagine a language that is the same as English only except that it uses the verb-object-subject order instead of the subject-verb-object order. Your task is to reconstruct the original sentence in English. You should only use the words in the same form as they appear in the given sentence.\nSentence: loves mia tim.\nShow the original sentence the prefix 'Original sentence: '.\n	Original sentence: Tim loves Mia.	False	models/text-bison-001	None	None	None	0	1
You are an expert in linguistics. Imagine a language that is the same as English only except that it uses the verb-object-subject order instead of the subject-verb-object order. Your task is to reconstruct the original sentence in English. You should only use the words in the same form as they appear in the given sentence.\nSentence: sees olivia tom.\nShow the original sentence the prefix 'Original sentence: '.\n	Original sentence: Tom sees Olivia.	False	models/text-bison-001	None	None	None	0	1
You are an expert in linguistics. Imagine a language that is the same as English only except that it uses the verb-object-subject order instead of the subject-verb-object order. Your task is to reconstruct the original sentence in English. You should only use the words in the same form as they appear in the given sentence.\nSentence: sees ava tim.\nShow the original sentence the prefix 'Original sentence: '.\n	Original sentence: Tim sees Ava.	False	models/text-bison-001	None	None	None	0	1
