You are an expert in linguistics. Imagine a language that is the same as English with the only exception being that it uses the verb-object-subject order instead of the subject-verb-object order. Your task is to identify the main verb and the main subject in a sentence in this imaginary language.\nShow the main verb (a single word) and its subject (also a single word) after the prefix 'Main verb and subject: '.\nSentence: believes he in what plays he , and plays superbly he .\n	Main verb and subject: plays, he	False	models/text-bison-001	None	None	None	0	1
You are an expert in linguistics. Imagine a language that is the same as English with the only exception being that it uses the verb-object-subject order instead of the subject-verb-object order. Your task is to identify the main verb and the main subject in a sentence in this imaginary language.\nShow the main verb (a single word) and its subject (also a single word) after the prefix 'Main verb and subject: '.\nSentence: felt it more like a party , or a highly polished jam session with a few friends , than a classical concert .\n	Main verb and subject: felt it	False	models/text-bison-001	None	None	None	0	1
You are an expert in linguistics. Imagine a language that is the same as English with the only exception being that it uses the verb-object-subject order instead of the subject-verb-object order. Your task is to identify the main verb and the main subject in a sentence in this imaginary language.\nShow the main verb (a single word) and its subject (also a single word) after the prefix 'Main verb and subject: '.\nSentence: was it not an unpleasant evening , certainly , thanks to the high level of performance , the compositional talents of mr. douglas , and the obvious sincerity with which chooses his selections mr. stoltzman .\n	Main verb and subject: was , it	False	models/text-bison-001	None	None	None	0	1
You are an expert in linguistics. Imagine a language that is the same as English with the only exception being that it uses the verb-object-subject order instead of the subject-verb-object order. Your task is to identify the main verb and the main subject in a sentence in this imaginary language.\nShow the main verb (a single word) and its subject (also a single word) after the prefix 'Main verb and subject: '.\nSentence: but was it neither deep nor lasting : light entertainment that was no substitute for an evening of brahms .\n	Main verb and subject: was , it	False	models/text-bison-001	None	None	None	0	1
You are an expert in linguistics. Imagine a language that is the same as English with the only exception being that it uses the verb-object-subject order instead of the subject-verb-object order. Your task is to identify the main verb and the main subject in a sentence in this imaginary language.\nShow the main verb (a single word) and its subject (also a single word) after the prefix 'Main verb and subject: '.\nSentence: is this the u.n. group that managed to traduce its own charter of promoting education , science and culture .\n	Main verb and subject: is this the u.n. group	False	models/text-bison-001	None	None	None	0	1
You are an expert in linguistics. Imagine a language that is the same as English with the only exception being that it uses the verb-object-subject order instead of the subject-verb-object order. Your task is to identify the main verb and the main subject in a sentence in this imaginary language.\nShow the main verb (a single word) and its subject (also a single word) after the prefix 'Main verb and subject: '.\nSentence: but can think we of many reasons to stay out for the foreseeable future and well beyond .\n	Main verb and subject: think we	False	models/text-bison-001	None	None	None	0	1
You are an expert in linguistics. Imagine a language that is the same as English with the only exception being that it uses the verb-object-subject order instead of the subject-verb-object order. Your task is to identify the main verb and the main subject in a sentence in this imaginary language.\nShow the main verb (a single word) and its subject (also a single word) after the prefix 'Main verb and subject: '.\nSentence: see an even stronger argument against unesco than its unsurprising failure to reform we .\n	Main verb and subject: see , we	False	models/text-bison-001	None	None	None	0	1
You are an expert in linguistics. Imagine a language that is the same as English with the only exception being that it uses the verb-object-subject order instead of the subject-verb-object order. Your task is to identify the main verb and the main subject in a sentence in this imaginary language.\nShow the main verb (a single word) and its subject (also a single word) after the prefix 'Main verb and subject: '.\nSentence: is that shows the power of ideas unencumbered by international civil servants or government functionaries the reagan revolution spanning eastern europe and tiananmen square this .\n	Main verb and subject: shows , this	False	models/text-bison-001	None	None	None	0	1
You are an expert in linguistics. Imagine a language that is the same as English with the only exception being that it uses the verb-object-subject order instead of the subject-verb-object order. Your task is to identify the main verb and the main subject in a sentence in this imaginary language.\nShow the main verb (a single word) and its subject (also a single word) after the prefix 'Main verb and subject: '.\nSentence: can see plenty of reasons to stay out , and none to rejoin unesco we .\n	Main verb and subject: see , we	False	models/text-bison-001	None	None	None	0	1
You are an expert in linguistics. Imagine a language that is the same as English with the only exception being that it uses the verb-object-subject order instead of the subject-verb-object order. Your task is to identify the main verb and the main subject in a sentence in this imaginary language.\nShow the main verb (a single word) and its subject (also a single word) after the prefix 'Main verb and subject: '.\nSentence: attached a second gene , for herbicide resistance , they to the pollen-inhibiting gene .\n	Main verb and subject: attached , they	False	models/text-bison-001	None	None	None	0	1
You are an expert in linguistics. Imagine a language that is the same as English with the only exception being that it uses the verb-object-subject order instead of the subject-verb-object order. Your task is to identify the main verb and the main subject in a sentence in this imaginary language.\nShow the main verb (a single word) and its subject (also a single word) after the prefix 'Main verb and subject: '.\nSentence: said is experimenting the company with the technique on alfalfa , and plans to include cotton and corn , among other crops he .\n	Main verb and subject: said, he	False	models/text-bison-001	None	None	None	0	1
You are an expert in linguistics. Imagine a language that is the same as English with the only exception being that it uses the verb-object-subject order instead of the subject-verb-object order. Your task is to identify the main verb and the main subject in a sentence in this imaginary language.\nShow the main verb (a single word) and its subject (also a single word) after the prefix 'Main verb and subject: '.\nSentence: is today the debut of the senior professional baseball association , a new eight-team pro sports circuit , modeled after the highly successful senior tennis and golf tours and complete with good salaries , a cable television contract and even expansion plans .\n	Main verb and subject: is today , debut	False	models/text-bison-001	None	None	None	0	1
You are an expert in linguistics. Imagine a language that is the same as English with the only exception being that it uses the verb-object-subject order instead of the subject-verb-object order. Your task is to identify the main verb and the main subject in a sentence in this imaginary language.\nShow the main verb (a single word) and its subject (also a single word) after the prefix 'Main verb and subject: '.\nSentence: midmorning , dons an orange-and-blue uniform he and , for fun , may field a bunt from dave kingman .\n	Main verb and subject: field, he	False	models/text-bison-001	None	None	None	0	1
You are an expert in linguistics. Imagine a language that is the same as English with the only exception being that it uses the verb-object-subject order instead of the subject-verb-object order. Your task is to identify the main verb and the main subject in a sentence in this imaginary language.\nShow the main verb (a single word) and its subject (also a single word) after the prefix 'Main verb and subject: '.\nSentence: these days hustles he to house-painting jobs in his chevy pickup before and after training with the tropics .\n	Main verb and subject: hustles, he	False	models/text-bison-001	None	None	None	0	1
You are an expert in linguistics. Imagine a language that is the same as English with the only exception being that it uses the verb-object-subject order instead of the subject-verb-object order. Your task is to identify the main verb and the main subject in a sentence in this imaginary language.\nShow the main verb (a single word) and its subject (also a single word) after the prefix 'Main verb and subject: '.\nSentence: have been training some for months ; only recently left active status others .\n	Main verb and subject: trained, some	False	models/text-bison-001	None	None	None	0	1
You are an expert in linguistics. Imagine a language that is the same as English with the only exception being that it uses the verb-object-subject order instead of the subject-verb-object order. Your task is to identify the main verb and the main subject in a sentence in this imaginary language.\nShow the main verb (a single word) and its subject (also a single word) after the prefix 'Main verb and subject: '.\nSentence: no longer crowds the plate he .\n	Main verb and subject: crowds , he	False	models/text-bison-001	None	None	None	0	1
You are an expert in linguistics. Imagine a language that is the same as English with the only exception being that it uses the verb-object-subject order instead of the subject-verb-object order. Your task is to identify the main verb and the main subject in a sentence in this imaginary language.\nShow the main verb (a single word) and its subject (also a single word) after the prefix 'Main verb and subject: '.\nSentence: stuffing a wad of red man into his cheek , admits has become a slowball the fastball brought he into the majors in 1955 he .\n	Main verb and subject: admits, he	False	models/text-bison-001	None	None	None	0	1
You are an expert in linguistics. Imagine a language that is the same as English with the only exception being that it uses the verb-object-subject order instead of the subject-verb-object order. Your task is to identify the main verb and the main subject in a sentence in this imaginary language.\nShow the main verb (a single word) and its subject (also a single word) after the prefix 'Main verb and subject: '.\nSentence: will compensate he with the guile learned from his years in the majors .\n	Main verb and subject: compensate he	False	models/text-bison-001	None	None	None	0	1
You are an expert in linguistics. Imagine a language that is the same as English with the only exception being that it uses the verb-object-subject order instead of the subject-verb-object order. Your task is to identify the main verb and the main subject in a sentence in this imaginary language.\nShow the main verb (a single word) and its subject (also a single word) after the prefix 'Main verb and subject: '.\nSentence: has good control he .\n	Main verb and subject: has , he	False	models/text-bison-001	None	None	None	0	1
You are an expert in linguistics. Imagine a language that is the same as English with the only exception being that it uses the verb-object-subject order instead of the subject-verb-object order. Your task is to identify the main verb and the main subject in a sentence in this imaginary language.\nShow the main verb (a single word) and its subject (also a single word) after the prefix 'Main verb and subject: '.\nSentence: holds 45 % of the franchise , which has operations in aiken , s.c. , and augusta , ga alltel .\n	Main verb and subject: holds, alltel	False	models/text-bison-001	None	None	None	0	1
You are an expert in linguistics. Imagine a language that is the same as English with the only exception being that it uses the verb-object-subject order instead of the subject-verb-object order. Your task is to identify the main verb and the main subject in a sentence in this imaginary language.\nShow the main verb (a single word) and its subject (also a single word) after the prefix 'Main verb and subject: '.\nSentence: traded reserves among commercial banks for overnight use in amounts of $ 1 million or more .\n	Main verb and subject: traded , reserves	False	models/text-bison-001	None	None	None	0	1
You are an expert in linguistics. Imagine a language that is the same as English with the only exception being that it uses the verb-object-subject order instead of the subject-verb-object order. Your task is to identify the main verb and the main subject in a sentence in this imaginary language.\nShow the main verb (a single word) and its subject (also a single word) after the prefix 'Main verb and subject: '.\nSentence: also reported a 2.6 % decline in its raw-materials price index for september it .\n	Main verb and subject: reported , it	False	models/text-bison-001	None	None	None	0	1
You are an expert in linguistics. Imagine a language that is the same as English with the only exception being that it uses the verb-object-subject order instead of the subject-verb-object order. Your task is to identify the main verb and the main subject in a sentence in this imaginary language.\nShow the main verb (a single word) and its subject (also a single word) after the prefix 'Main verb and subject: '.\nSentence: currently are quoted seats at $ 400,000 bid , $ 425,000 asked .\n	Main verb and subject: are , seats	False	models/text-bison-001	None	None	None	0	1
You are an expert in linguistics. Imagine a language that is the same as English with the only exception being that it uses the verb-object-subject order instead of the subject-verb-object order. Your task is to identify the main verb and the main subject in a sentence in this imaginary language.\nShow the main verb (a single word) and its subject (also a single word) after the prefix 'Main verb and subject: '.\nSentence: has been negotiating a friendly transaction with jaguar that likely would involve joint ventures and an eventual stake of just under 30 % gm .\n	Main verb and subject: negotiated , gm	False	models/text-bison-001	None	None	None	0	1
You are an expert in linguistics. Imagine a language that is the same as English with the only exception being that it uses the verb-object-subject order instead of the subject-verb-object order. Your task is to identify the main verb and the main subject in a sentence in this imaginary language.\nShow the main verb (a single word) and its subject (also a single word) after the prefix 'Main verb and subject: '.\nSentence: expect will make the first move ford , perhaps today , with an initial offer of about 900 pence ( $ 14.25 ) a share analysts .\n	Main verb and subject: expect, analysts	False	models/text-bison-001	None	None	None	0	1
You are an expert in linguistics. Imagine a language that is the same as English with the only exception being that it uses the verb-object-subject order instead of the subject-verb-object order. Your task is to identify the main verb and the main subject in a sentence in this imaginary language.\nShow the main verb (a single word) and its subject (also a single word) after the prefix 'Main verb and subject: '.\nSentence: in a prepared statement , suggested its plans for jaguar would be more valuable in the long run than the initial windfalls might reap investors from a hostile ford bid gm .\n	Main verb and subject: suggested , gm	False	models/text-bison-001	None	None	None	0	1
You are an expert in linguistics. Imagine a language that is the same as English with the only exception being that it uses the verb-object-subject order instead of the subject-verb-object order. Your task is to identify the main verb and the main subject in a sentence in this imaginary language.\nShow the main verb (a single word) and its subject (also a single word) after the prefix 'Main verb and subject: '.\nSentence: will own 60 % of the venture dow , with holding the rest eli lilly .\n	Main verb and subject: own , dow	False	models/text-bison-001	None	None	None	0	1
You are an expert in linguistics. Imagine a language that is the same as English with the only exception being that it uses the verb-object-subject order instead of the subject-verb-object order. Your task is to identify the main verb and the main subject in a sentence in this imaginary language.\nShow the main verb (a single word) and its subject (also a single word) after the prefix 'Main verb and subject: '.\nSentence: is fighting a hostile tender offer by dpc acquisition partners , a group led by new york-based crescott investments associates dataproducts .\n	Main verb and subject: fighting , dataproducts	False	models/text-bison-001	None	None	None	0	1
You are an expert in linguistics. Imagine a language that is the same as English with the only exception being that it uses the verb-object-subject order instead of the subject-verb-object order. Your task is to identify the main verb and the main subject in a sentence in this imaginary language.\nShow the main verb (a single word) and its subject (also a single word) after the prefix 'Main verb and subject: '.\nSentence: but was trading very sketchy , as remain wary investment decision makers from gyrations and upsets of recent weeks .\n	Main verb and subject: was , trading	False	models/text-bison-001	None	None	None	0	1
You are an expert in linguistics. Imagine a language that is the same as English with the only exception being that it uses the verb-object-subject order instead of the subject-verb-object order. Your task is to identify the main verb and the main subject in a sentence in this imaginary language.\nShow the main verb (a single word) and its subject (also a single word) after the prefix 'Main verb and subject: '.\nSentence: despite the modest gains , said remains dull the market , with remaining cautiously investors on the sidelines traders .\n	Main verb and subject: remains, market	False	models/text-bison-001	None	None	None	0	1
You are an expert in linguistics. Imagine a language that is the same as English with the only exception being that it uses the verb-object-subject order instead of the subject-verb-object order. Your task is to identify the main verb and the main subject in a sentence in this imaginary language.\nShow the main verb (a single word) and its subject (also a single word) after the prefix 'Main verb and subject: '.\nSentence: were prices mixed in zurich and lower in stockholm .\n	Main verb and subject: were prices	False	models/text-bison-001	None	None	None	0	1
You are an expert in linguistics. Imagine a language that is the same as English with the only exception being that it uses the verb-object-subject order instead of the subject-verb-object order. Your task is to identify the main verb and the main subject in a sentence in this imaginary language.\nShow the main verb (a single word) and its subject (also a single word) after the prefix 'Main verb and subject: '.\nSentence: closed higher stocks in hong kong , manila , singapore , sydney and wellington , but were lower in seoul .\n	Main verb and subject: closed stocks	False	models/text-bison-001	None	None	None	0	1
You are an expert in linguistics. Imagine a language that is the same as English with the only exception being that it uses the verb-object-subject order instead of the subject-verb-object order. Your task is to identify the main verb and the main subject in a sentence in this imaginary language.\nShow the main verb (a single word) and its subject (also a single word) after the prefix 'Main verb and subject: '.\nSentence: was closed taipei for a holiday .\n	Main verb and subject: closed , taipei	False	models/text-bison-001	None	None	None	0	1
You are an expert in linguistics. Imagine a language that is the same as English with the only exception being that it uses the verb-object-subject order instead of the subject-verb-object order. Your task is to identify the main verb and the main subject in a sentence in this imaginary language.\nShow the main verb (a single word) and its subject (also a single word) after the prefix 'Main verb and subject: '.\nSentence: said had stopped being a major source of price pressure summer drought problems that had hit several southern agricultural regions in september he .\n	Main verb and subject: said , he	False	models/text-bison-001	None	None	None	0	1
You are an expert in linguistics. Imagine a language that is the same as English with the only exception being that it uses the verb-object-subject order instead of the subject-verb-object order. Your task is to identify the main verb and the main subject in a sentence in this imaginary language.\nShow the main verb (a single word) and its subject (also a single word) after the prefix 'Main verb and subject: '.\nSentence: said is its unit the fifth-largest provider of long-distance communications service in the u.s. , with projected 1989 revenue of more than $ 550 million metromedia .\n	Main verb and subject: said , metromedia	False	models/text-bison-001	None	None	None	0	1
You are an expert in linguistics. Imagine a language that is the same as English with the only exception being that it uses the verb-object-subject order instead of the subject-verb-object order. Your task is to identify the main verb and the main subject in a sentence in this imaginary language.\nShow the main verb (a single word) and its subject (also a single word) after the prefix 'Main verb and subject: '.\nSentence: was the average six-month yield on a jumbo cd at 7.90 % , down from 7.93 % , said banxquote .\n	Main verb and subject: was , average	False	models/text-bison-001	None	None	None	0	1
You are an expert in linguistics. Imagine a language that is the same as English with the only exception being that it uses the verb-object-subject order instead of the subject-verb-object order. Your task is to identify the main verb and the main subject in a sentence in this imaginary language.\nShow the main verb (a single word) and its subject (also a single word) after the prefix 'Main verb and subject: '.\nSentence: for longer-term cds , were up yields .\n	Main verb and subject: were , yields	False	models/text-bison-001	None	None	None	0	1
You are an expert in linguistics. Imagine a language that is the same as English with the only exception being that it uses the verb-object-subject order instead of the subject-verb-object order. Your task is to identify the main verb and the main subject in a sentence in this imaginary language.\nShow the main verb (a single word) and its subject (also a single word) after the prefix 'Main verb and subject: '.\nSentence: feeling the naggings of a culture imperative , promptly signed up i .\n	Main verb and subject: signed , i	False	models/text-bison-001	None	None	None	0	1
You are an expert in linguistics. Imagine a language that is the same as English with the only exception being that it uses the verb-object-subject order instead of the subject-verb-object order. Your task is to identify the main verb and the main subject in a sentence in this imaginary language.\nShow the main verb (a single word) and its subject (also a single word) after the prefix 'Main verb and subject: '.\nSentence: were coming down we straight into their canal .\n	Main verb and subject: were , we	False	models/text-bison-001	None	None	None	0	1
You are an expert in linguistics. Imagine a language that is the same as English with the only exception being that it uses the verb-object-subject order instead of the subject-verb-object order. Your task is to identify the main verb and the main subject in a sentence in this imaginary language.\nShow the main verb (a single word) and its subject (also a single word) after the prefix 'Main verb and subject: '.\nSentence: looked i at my watch .\n	Main verb and subject: looked , i	False	models/text-bison-001	None	None	None	0	1
You are an expert in linguistics. Imagine a language that is the same as English with the only exception being that it uses the verb-object-subject order instead of the subject-verb-object order. Your task is to identify the main verb and the main subject in a sentence in this imaginary language.\nShow the main verb (a single word) and its subject (also a single word) after the prefix 'Main verb and subject: '.\nSentence: a whole morning of ballooning and had been off the ground i barely 30 minutes .\n	Main verb and subject: been, i	False	models/text-bison-001	None	None	None	0	1
You are an expert in linguistics. Imagine a language that is the same as English with the only exception being that it uses the verb-object-subject order instead of the subject-verb-object order. Your task is to identify the main verb and the main subject in a sentence in this imaginary language.\nShow the main verb (a single word) and its subject (also a single word) after the prefix 'Main verb and subject: '.\nSentence: at the same time , contend that will increase the possibility of a conventional soviet attack a reduction of nato forces under a treaty unless retains a residual force of nuclear weapons the west in europe they .\n	Main verb and subject: contend , they	False	models/text-bison-001	None	None	None	0	1
You are an expert in linguistics. Imagine a language that is the same as English with the only exception being that it uses the verb-object-subject order instead of the subject-verb-object order. Your task is to identify the main verb and the main subject in a sentence in this imaginary language.\nShow the main verb (a single word) and its subject (also a single word) after the prefix 'Main verb and subject: '.\nSentence: currently are defined tanks as armored vehicles weighing 25 tons or more carry large guns that .\n	Main verb and subject: are, tanks	False	models/text-bison-001	None	None	None	0	1
You are an expert in linguistics. Imagine a language that is the same as English with the only exception being that it uses the verb-object-subject order instead of the subject-verb-object order. Your task is to identify the main verb and the main subject in a sentence in this imaginary language.\nShow the main verb (a single word) and its subject (also a single word) after the prefix 'Main verb and subject: '.\nSentence: has tended to increase its control when were results sluggish in a given country coke .\n	Main verb and subject: tended , coke	False	models/text-bison-001	None	None	None	0	1
You are an expert in linguistics. Imagine a language that is the same as English with the only exception being that it uses the verb-object-subject order instead of the subject-verb-object order. Your task is to identify the main verb and the main subject in a sentence in this imaginary language.\nShow the main verb (a single word) and its subject (also a single word) after the prefix 'Main verb and subject: '.\nSentence: also has nonvoting preferred shares , which are quoted on the milan stock exchange ifi .\n	Main verb and subject: has , ifi	False	models/text-bison-001	None	None	None	0	1
You are an expert in linguistics. Imagine a language that is the same as English with the only exception being that it uses the verb-object-subject order instead of the subject-verb-object order. Your task is to identify the main verb and the main subject in a sentence in this imaginary language.\nShow the main verb (a single word) and its subject (also a single word) after the prefix 'Main verb and subject: '.\nSentence: raised financing of 300 billion lire it for the purchase this summer by another agnelli-related group of the food concern galbani s.p . a. , by selling a chunk of its ifi shares to mediobanca s.p . a.\n	Main verb and subject: raised , financing	False	models/text-bison-001	None	None	None	0	1
You are an expert in linguistics. Imagine a language that is the same as English with the only exception being that it uses the verb-object-subject order instead of the subject-verb-object order. Your task is to identify the main verb and the main subject in a sentence in this imaginary language.\nShow the main verb (a single word) and its subject (also a single word) after the prefix 'Main verb and subject: '.\nSentence: and treats such activities it in a frivolous , cavalier fashion , with total indifference to common sense and public safety .\n	Main verb and subject: treats, activities	False	models/text-bison-001	None	None	None	0	1
You are an expert in linguistics. Imagine a language that is the same as English with the only exception being that it uses the verb-object-subject order instead of the subject-verb-object order. Your task is to identify the main verb and the main subject in a sentence in this imaginary language.\nShow the main verb (a single word) and its subject (also a single word) after the prefix 'Main verb and subject: '.\nSentence: argued that was the training wage a way of allowing employers to pay less than the minimum wage , while need new workers far less than six months to be trained for their jobs democrats .\n	Main verb and subject: argued , democrats	False	models/text-bison-001	None	None	None	0	1
You are an expert in linguistics. Imagine a language that is the same as English with the only exception being that it uses the verb-object-subject order instead of the subject-verb-object order. Your task is to identify the main verb and the main subject in a sentence in this imaginary language.\nShow the main verb (a single word) and its subject (also a single word) after the prefix 'Main verb and subject: '.\nSentence: have been imploring the white house to compromise on the wage issue republicans .\n	Main verb and subject: implored , republicans	False	models/text-bison-001	None	None	None	0	1
You are an expert in linguistics. Imagine a language that is the same as English with the only exception being that it uses the verb-object-subject order instead of the subject-verb-object order. Your task is to identify the main verb and the main subject in a sentence in this imaginary language.\nShow the main verb (a single word) and its subject (also a single word) after the prefix 'Main verb and subject: '.\nSentence: expect armstrong to use proceeds of the sale to reduce debt , buy back stock or perhaps finance an acquisition analysts .\n	Main verb and subject: expect armstrong	False	models/text-bison-001	None	None	None	0	1
You are an expert in linguistics. Imagine a language that is the same as English with the only exception being that it uses the verb-object-subject order instead of the subject-verb-object order. Your task is to identify the main verb and the main subject in a sentence in this imaginary language.\nShow the main verb (a single word) and its subject (also a single word) after the prefix 'Main verb and subject: '.\nSentence: hailed the planned transaction analysts as being beneficial to armstrong and shaw , the market leader in the u.s. carpet industry , with an estimated 17 % to 20 % share .\n	Main verb and subject: hailed analysts	False	models/text-bison-001	None	None	None	0	1
You are an expert in linguistics. Imagine a language that is the same as English with the only exception being that it uses the verb-object-subject order instead of the subject-verb-object order. Your task is to identify the main verb and the main subject in a sentence in this imaginary language.\nShow the main verb (a single word) and its subject (also a single word) after the prefix 'Main verb and subject: '.\nSentence: yesterday , reported flat earnings for the third quarter and nine months , worsened by the stock dilution of an employee stock ownership plan adopted earlier this year armstrong .\n	Main verb and subject: reported , armstrong	False	models/text-bison-001	None	None	None	0	1
You are an expert in linguistics. Imagine a language that is the same as English with the only exception being that it uses the verb-object-subject order instead of the subject-verb-object order. Your task is to identify the main verb and the main subject in a sentence in this imaginary language.\nShow the main verb (a single word) and its subject (also a single word) after the prefix 'Main verb and subject: '.\nSentence: for the quarter , were earnings $ 47 million , or 92 cents a share , including a one-time gain of $ 5.9 million .\n	Main verb and subject: were , earnings	False	models/text-bison-001	None	None	None	0	1
You are an expert in linguistics. Imagine a language that is the same as English with the only exception being that it uses the verb-object-subject order instead of the subject-verb-object order. Your task is to identify the main verb and the main subject in a sentence in this imaginary language.\nShow the main verb (a single word) and its subject (also a single word) after the prefix 'Main verb and subject: '.\nSentence: in the year-ago quarter , were earnings $ 42.9 million , or 93 cents a share .\n	Main verb and subject: were , earnings	False	models/text-bison-001	None	None	None	0	1
You are an expert in linguistics. Imagine a language that is the same as English with the only exception being that it uses the verb-object-subject order instead of the subject-verb-object order. Your task is to identify the main verb and the main subject in a sentence in this imaginary language.\nShow the main verb (a single word) and its subject (also a single word) after the prefix 'Main verb and subject: '.\nSentence: yesterday , announced an agreement to sell its small applied color systems unit to a subsidiary of the swiss company , brauerei eichof ltd armstrong .\n	Main verb and subject: announced , armstrong	False	models/text-bison-001	None	None	None	0	1
You are an expert in linguistics. Imagine a language that is the same as English with the only exception being that it uses the verb-object-subject order instead of the subject-verb-object order. Your task is to identify the main verb and the main subject in a sentence in this imaginary language.\nShow the main verb (a single word) and its subject (also a single word) after the prefix 'Main verb and subject: '.\nSentence: expects to close the sale of the color unit in late november and the carpet sale in december , with to be applied the gains to fourth quarter or first-quarter results armstrong .\n	Main verb and subject: expects , armstrong	False	models/text-bison-001	None	None	None	0	1
You are an expert in linguistics. Imagine a language that is the same as English with the only exception being that it uses the verb-object-subject order instead of the subject-verb-object order. Your task is to identify the main verb and the main subject in a sentence in this imaginary language.\nShow the main verb (a single word) and its subject (also a single word) after the prefix 'Main verb and subject: '.\nSentence: include new orders for manufactured consumer goods , lead times on vendor deliveries , orders for new plant and equipment , and backlogs of orders for durable goods these .\n	Main verb and subject: include these	False	models/text-bison-001	None	None	None	0	1
You are an expert in linguistics. Imagine a language that is the same as English with the only exception being that it uses the verb-object-subject order instead of the subject-verb-object order. Your task is to identify the main verb and the main subject in a sentence in this imaginary language.\nShow the main verb (a single word) and its subject (also a single word) after the prefix 'Main verb and subject: '.\nSentence: after various adjustments , produced a 0.5 % rise in the index for august and a 0.2 % rise for september they .\n	Main verb and subject: produced , they	False	models/text-bison-001	None	None	None	0	1
You are an expert in linguistics. Imagine a language that is the same as English with the only exception being that it uses the verb-object-subject order instead of the subject-verb-object order. Your task is to identify the main verb and the main subject in a sentence in this imaginary language.\nShow the main verb (a single word) and its subject (also a single word) after the prefix 'Main verb and subject: '.\nSentence: is he 37 , an astronomer with impressive credentials , and something of a genius at making do his bidding computers .\n	Main verb and subject: is he	False	models/text-bison-001	None	None	None	0	1
You are an expert in linguistics. Imagine a language that is the same as English with the only exception being that it uses the verb-object-subject order instead of the subject-verb-object order. Your task is to identify the main verb and the main subject in a sentence in this imaginary language.\nShow the main verb (a single word) and its subject (also a single word) after the prefix 'Main verb and subject: '.\nSentence: promised yet more for really good stuff they .\n	Main verb and subject: promised they	False	models/text-bison-001	None	None	None	0	1
You are an expert in linguistics. Imagine a language that is the same as English with the only exception being that it uses the verb-object-subject order instead of the subject-verb-object order. Your task is to identify the main verb and the main subject in a sentence in this imaginary language.\nShow the main verb (a single word) and its subject (also a single word) after the prefix 'Main verb and subject: '.\nSentence: some nights slept he under his desk .\n	Main verb and subject: slept he	False	models/text-bison-001	None	None	None	0	1
You are an expert in linguistics. Imagine a language that is the same as English with the only exception being that it uses the verb-object-subject order instead of the subject-verb-object order. Your task is to identify the main verb and the main subject in a sentence in this imaginary language.\nShow the main verb (a single word) and its subject (also a single word) after the prefix 'Main verb and subject: '.\nSentence: is tymnet a major network linking computers .\n	Main verb and subject: is tymnet	False	models/text-bison-001	None	None	None	0	1
You are an expert in linguistics. Imagine a language that is the same as English with the only exception being that it uses the verb-object-subject order instead of the subject-verb-object order. Your task is to identify the main verb and the main subject in a sentence in this imaginary language.\nShow the main verb (a single word) and its subject (also a single word) after the prefix 'Main verb and subject: '.\nSentence: savored the humor of his uncombed appearance among these buttoned-up chaps he .\n	Main verb and subject: savored, he	False	models/text-bison-001	None	None	None	0	1
You are an expert in linguistics. Imagine a language that is the same as English with the only exception being that it uses the verb-object-subject order instead of the subject-verb-object order. Your task is to identify the main verb and the main subject in a sentence in this imaginary language.\nShow the main verb (a single word) and its subject (also a single word) after the prefix 'Main verb and subject: '.\nSentence: became angry he in return .\n	Main verb and subject: became , he	False	models/text-bison-001	None	None	None	0	1
You are an expert in linguistics. Imagine a language that is the same as English with the only exception being that it uses the verb-object-subject order instead of the subject-verb-object order. Your task is to identify the main verb and the main subject in a sentence in this imaginary language.\nShow the main verb (a single word) and its subject (also a single word) after the prefix 'Main verb and subject: '.\nSentence: also wants to wedge into markets other than traditional risc applications such as engineering mips ; said will also be used the new machine by businesses and for communications mips .\n	Main verb and subject: wants , engineering	False	models/text-bison-001	None	None	None	0	1
You are an expert in linguistics. Imagine a language that is the same as English with the only exception being that it uses the verb-object-subject order instead of the subject-verb-object order. Your task is to identify the main verb and the main subject in a sentence in this imaginary language.\nShow the main verb (a single word) and its subject (also a single word) after the prefix 'Main verb and subject: '.\nSentence: a year earlier earned $ 2.4 million , or 24 cents a share adjusted for the split unifirst .\n	Main verb and subject: earned unifirst	False	models/text-bison-001	None	None	None	0	1
You are an expert in linguistics. Imagine a language that is the same as English with the only exception being that it uses the verb-object-subject order instead of the subject-verb-object order. Your task is to identify the main verb and the main subject in a sentence in this imaginary language.\nShow the main verb (a single word) and its subject (also a single word) after the prefix 'Main verb and subject: '.\nSentence: has given a 12 % note for that overdue amount , to be repaid over three years healthcare healthvest .\n	Main verb and subject: given , healthcare	False	models/text-bison-001	None	None	None	0	1
You are an expert in linguistics. Imagine a language that is the same as English with the only exception being that it uses the verb-object-subject order instead of the subject-verb-object order. Your task is to identify the main verb and the main subject in a sentence in this imaginary language.\nShow the main verb (a single word) and its subject (also a single word) after the prefix 'Main verb and subject: '.\nSentence: innovated telephone redemptions , daily dividends , total elimination of share certificates and the constant $ 1 pershare pricing , were all of which painfully thought out and not the result of some inadvertence on the part of the sec we .\n	Main verb and subject: were , all	False	models/text-bison-001	None	None	None	0	1
You are an expert in linguistics. Imagine a language that is the same as English with the only exception being that it uses the verb-object-subject order instead of the subject-verb-object order. Your task is to identify the main verb and the main subject in a sentence in this imaginary language.\nShow the main verb (a single word) and its subject (also a single word) after the prefix 'Main verb and subject: '.\nSentence: as marched the judge down the center aisle in his flowing black robe , was heralded he by a trumpet fanfare .\n	Main verb and subject: heralded , he	False	models/text-bison-001	None	None	None	0	1
You are an expert in linguistics. Imagine a language that is the same as English with the only exception being that it uses the verb-object-subject order instead of the subject-verb-object order. Your task is to identify the main verb and the main subject in a sentence in this imaginary language.\nShow the main verb (a single word) and its subject (also a single word) after the prefix 'Main verb and subject: '.\nSentence: to many , was it a ceremony more befitting a king than a rural judge seated in the isolated foothills of the southern allegheny mountains .\n	Main verb and subject: befit , ceremony	False	models/text-bison-001	None	None	None	0	1
You are an expert in linguistics. Imagine a language that is the same as English with the only exception being that it uses the verb-object-subject order instead of the subject-verb-object order. Your task is to identify the main verb and the main subject in a sentence in this imaginary language.\nShow the main verb (a single word) and its subject (also a single word) after the prefix 'Main verb and subject: '.\nSentence: while his case may be extreme , reflects the vulnerability of many small communities to domineering judges it .\n	Main verb and subject: reflects , vulnerability	False	models/text-bison-001	None	None	None	0	1
You are an expert in linguistics. Imagine a language that is the same as English with the only exception being that it uses the verb-object-subject order instead of the subject-verb-object order. Your task is to identify the main verb and the main subject in a sentence in this imaginary language.\nShow the main verb (a single word) and its subject (also a single word) after the prefix 'Main verb and subject: '.\nSentence: claimed were required to chauffeur him to and from work , mow his lawn , chop his wood , fix his car and even drop by his house to feed his two grown mutts , dixie and husky they bailiffs .\n	Main verb and subject: claimed , they	False	models/text-bison-001	None	None	None	0	1
You are an expert in linguistics. Imagine a language that is the same as English with the only exception being that it uses the verb-object-subject order instead of the subject-verb-object order. Your task is to identify the main verb and the main subject in a sentence in this imaginary language.\nShow the main verb (a single word) and its subject (also a single word) after the prefix 'Main verb and subject: '.\nSentence: if even stand up only some of the allegations , , however provide ample testimony to the awesome power of judges in rural communities they .\n	Main verb and subject: provide , allegations	False	models/text-bison-001	None	None	None	0	1
You are an expert in linguistics. Imagine a language that is the same as English with the only exception being that it uses the verb-object-subject order instead of the subject-verb-object order. Your task is to identify the main verb and the main subject in a sentence in this imaginary language.\nShow the main verb (a single word) and its subject (also a single word) after the prefix 'Main verb and subject: '.\nSentence: sipped tea sweetened with honey he from his high-backed leather chair at his bench , while scribbling notes ordering to stop whispering spectators or to take off their hats in his courtroom .\n	Main verb and subject: sipped, he	False	models/text-bison-001	None	None	None	0	1
You are an expert in linguistics. Imagine a language that is the same as English with the only exception being that it uses the verb-object-subject order instead of the subject-verb-object order. Your task is to identify the main verb and the main subject in a sentence in this imaginary language.\nShow the main verb (a single word) and its subject (also a single word) after the prefix 'Main verb and subject: '.\nSentence: but when received his payment book the judge , disavowed the deal he .\n	Main verb and subject: disavowed, judge	False	models/text-bison-001	None	None	None	0	1
You are an expert in linguistics. Imagine a language that is the same as English with the only exception being that it uses the verb-object-subject order instead of the subject-verb-object order. Your task is to identify the main verb and the main subject in a sentence in this imaginary language.\nShow the main verb (a single word) and its subject (also a single word) after the prefix 'Main verb and subject: '.\nSentence: is mason the largest toxicology lab in new england , with annual revenue of $ 8 million and 140 employees .\n	Main verb and subject: is mason	False	models/text-bison-001	None	None	None	0	1
You are an expert in linguistics. Imagine a language that is the same as English with the only exception being that it uses the verb-object-subject order instead of the subject-verb-object order. Your task is to identify the main verb and the main subject in a sentence in this imaginary language.\nShow the main verb (a single word) and its subject (also a single word) after the prefix 'Main verb and subject: '.\nSentence: serves commercial and government customers , including the national institutes of health mason .\n	Main verb and subject: serves, mason	False	models/text-bison-001	None	None	None	0	1
You are an expert in linguistics. Imagine a language that is the same as English with the only exception being that it uses the verb-object-subject order instead of the subject-verb-object order. Your task is to identify the main verb and the main subject in a sentence in this imaginary language.\nShow the main verb (a single word) and its subject (also a single word) after the prefix 'Main verb and subject: '.\nSentence: although removes one obstacle in the way of an overall settlement to the case the action , also means that could be stripped mr. hunt of virtually all of his assets if rules the tax court against him in a 1982 case heard earlier this year in washington , d.c it .\n	Main verb and subject: means , it	False	models/text-bison-001	None	None	None	0	1
You are an expert in linguistics. Imagine a language that is the same as English with the only exception being that it uses the verb-object-subject order instead of the subject-verb-object order. Your task is to identify the main verb and the main subject in a sentence in this imaginary language.\nShow the main verb (a single word) and its subject (also a single word) after the prefix 'Main verb and subject: '.\nSentence: has found another safe outlet for its money : u.s. home mortgages japan .\n	Main verb and subject: found Japan	False	models/text-bison-001	None	None	None	0	1
You are an expert in linguistics. Imagine a language that is the same as English with the only exception being that it uses the verb-object-subject order instead of the subject-verb-object order. Your task is to identify the main verb and the main subject in a sentence in this imaginary language.\nShow the main verb (a single word) and its subject (also a single word) after the prefix 'Main verb and subject: '.\nSentence: may not come that as a surprise to americans who have watched snap up properties in the u.s. from golf courses to a stake in rockefeller center the japanese .\n	Main verb and subject: come, japanese	False	models/text-bison-001	None	None	None	0	1
You are an expert in linguistics. Imagine a language that is the same as English with the only exception being that it uses the verb-object-subject order instead of the subject-verb-object order. Your task is to identify the main verb and the main subject in a sentence in this imaginary language.\nShow the main verb (a single word) and its subject (also a single word) after the prefix 'Main verb and subject: '.\nSentence: but marks a big change for the japanese , who shunned mortgage securities after getting burned a few years back by a big downturn in interest rates it .\n	Main verb and subject: marks , japanese	False	models/text-bison-001	None	None	None	0	1
You are an expert in linguistics. Imagine a language that is the same as English with the only exception being that it uses the verb-object-subject order instead of the subject-verb-object order. Your task is to identify the main verb and the main subject in a sentence in this imaginary language.\nShow the main verb (a single word) and its subject (also a single word) after the prefix 'Main verb and subject: '.\nSentence: first , are they safe .\n	Main verb and subject: are , they	False	models/text-bison-001	None	None	None	0	1
You are an expert in linguistics. Imagine a language that is the same as English with the only exception being that it uses the verb-object-subject order instead of the subject-verb-object order. Your task is to identify the main verb and the main subject in a sentence in this imaginary language.\nShow the main verb (a single word) and its subject (also a single word) after the prefix 'Main verb and subject: '.\nSentence: second , are they liquid .\n	Main verb and subject: are , they	False	models/text-bison-001	None	None	None	0	1
You are an expert in linguistics. Imagine a language that is the same as English with the only exception being that it uses the verb-object-subject order instead of the subject-verb-object order. Your task is to identify the main verb and the main subject in a sentence in this imaginary language.\nShow the main verb (a single word) and its subject (also a single word) after the prefix 'Main verb and subject: '.\nSentence: said seeks two years severance pay , equivalent to c$ 720,000 his suit against enfield he .\n	Main verb and subject: said he	False	models/text-bison-001	None	None	None	0	1
You are an expert in linguistics. Imagine a language that is the same as English with the only exception being that it uses the verb-object-subject order instead of the subject-verb-object order. Your task is to identify the main verb and the main subject in a sentence in this imaginary language.\nShow the main verb (a single word) and its subject (also a single word) after the prefix 'Main verb and subject: '.\nSentence: is enfield a holding company with interests in manufacturing concerns .\n	Main verb and subject: is enfield	False	models/text-bison-001	None	None	None	0	1
You are an expert in linguistics. Imagine a language that is the same as English with the only exception being that it uses the verb-object-subject order instead of the subject-verb-object order. Your task is to identify the main verb and the main subject in a sentence in this imaginary language.\nShow the main verb (a single word) and its subject (also a single word) after the prefix 'Main verb and subject: '.\nSentence: 38.5 % is owned it by canadian express , another holding company .\n	Main verb and subject: owned , 38.5 %	False	models/text-bison-001	None	None	None	0	1
You are an expert in linguistics. Imagine a language that is the same as English with the only exception being that it uses the verb-object-subject order instead of the subject-verb-object order. Your task is to identify the main verb and the main subject in a sentence in this imaginary language.\nShow the main verb (a single word) and its subject (also a single word) after the prefix 'Main verb and subject: '.\nSentence: first of all , is it a friendly acquisition in which sought out mitsubishi estate rockefeller and asked it to buy a majority share .\n	Main verb and subject: is , it	False	models/text-bison-001	None	None	None	0	1
You are an expert in linguistics. Imagine a language that is the same as English with the only exception being that it uses the verb-object-subject order instead of the subject-verb-object order. Your task is to identify the main verb and the main subject in a sentence in this imaginary language.\nShow the main verb (a single word) and its subject (also a single word) after the prefix 'Main verb and subject: '.\nSentence: may well have found its match rockefeller in mitsubishi estate , a company of long history , strong government ties and sound resources .\n	Main verb and subject: found, rockefeller	False	models/text-bison-001	None	None	None	0	1
You are an expert in linguistics. Imagine a language that is the same as English with the only exception being that it uses the verb-object-subject order instead of the subject-verb-object order. Your task is to identify the main verb and the main subject in a sentence in this imaginary language.\nShow the main verb (a single word) and its subject (also a single word) after the prefix 'Main verb and subject: '.\nSentence: at the time , had just opened its doors japan to the world after about 250 years of isolation and needed a western-style business center .\n	Main verb and subject: needed, japan	False	models/text-bison-001	None	None	None	0	1
You are an expert in linguistics. Imagine a language that is the same as English with the only exception being that it uses the verb-object-subject order instead of the subject-verb-object order. Your task is to identify the main verb and the main subject in a sentence in this imaginary language.\nShow the main verb (a single word) and its subject (also a single word) after the prefix 'Main verb and subject: '.\nSentence: say also could easily issue new convertible bonds or warrants the company analysts .\n	Main verb and subject: say , company	False	models/text-bison-001	None	None	None	0	1
You are an expert in linguistics. Imagine a language that is the same as English with the only exception being that it uses the verb-object-subject order instead of the subject-verb-object order. Your task is to identify the main verb and the main subject in a sentence in this imaginary language.\nShow the main verb (a single word) and its subject (also a single word) after the prefix 'Main verb and subject: '.\nSentence: is it the largest private-sector landowner of the minato-mirai 21 project , a multibillion-yen development in the port city of yokohama , about an hour outside tokyo .\n	Main verb and subject: is it	False	models/text-bison-001	None	None	None	0	1
You are an expert in linguistics. Imagine a language that is the same as English with the only exception being that it uses the verb-object-subject order instead of the subject-verb-object order. Your task is to identify the main verb and the main subject in a sentence in this imaginary language.\nShow the main verb (a single word) and its subject (also a single word) after the prefix 'Main verb and subject: '.\nSentence: is also pushing ahead mitsubishi with a controversial plan to redevelop marunouchi into a business center of high-tech buildings , a project budgeted for 30 years and six trillion yen .\n	Main verb and subject: pushing , mitsubishi	False	models/text-bison-001	None	None	None	0	1
You are an expert in linguistics. Imagine a language that is the same as English with the only exception being that it uses the verb-object-subject order instead of the subject-verb-object order. Your task is to identify the main verb and the main subject in a sentence in this imaginary language.\nShow the main verb (a single word) and its subject (also a single word) after the prefix 'Main verb and subject: '.\nSentence: is acquiring columbia and guber-peters entertainment co. sony in two separate transactions valued at more than $ 5 billion .\n	Main verb and subject: acquiring , sony	False	models/text-bison-001	None	None	None	0	1
You are an expert in linguistics. Imagine a language that is the same as English with the only exception being that it uses the verb-object-subject order instead of the subject-verb-object order. Your task is to identify the main verb and the main subject in a sentence in this imaginary language.\nShow the main verb (a single word) and its subject (also a single word) after the prefix 'Main verb and subject: '.\nSentence: has a five-year exclusive contract with mr. guber and mr. peters that requires them to make movies exclusively at the warner bros. studio warner .\n	Main verb and subject: has , warner	False	models/text-bison-001	None	None	None	0	1
You are an expert in linguistics. Imagine a language that is the same as English with the only exception being that it uses the verb-object-subject order instead of the subject-verb-object order. Your task is to identify the main verb and the main subject in a sentence in this imaginary language.\nShow the main verb (a single word) and its subject (also a single word) after the prefix 'Main verb and subject: '.\nSentence: but may amount it to little more than posturing ; have continued on-again , off-again settlement talks the two over the last few weeks , and say could be resolved the matter within a week people familiar with the talks .\n	Main verb and subject: say, two	False	models/text-bison-001	None	None	None	0	1
You are an expert in linguistics. Imagine a language that is the same as English with the only exception being that it uses the verb-object-subject order instead of the subject-verb-object order. Your task is to identify the main verb and the main subject in a sentence in this imaginary language.\nShow the main verb (a single word) and its subject (also a single word) after the prefix 'Main verb and subject: '.\nSentence: says is designed to build brand loyalty rather than promote heavy drinking the promotion seagram .\n	Main verb and subject: says, seagram	False	models/text-bison-001	None	None	None	0	1
You are an expert in linguistics. Imagine a language that is the same as English with the only exception being that it uses the verb-object-subject order instead of the subject-verb-object order. Your task is to identify the main verb and the main subject in a sentence in this imaginary language.\nShow the main verb (a single word) and its subject (also a single word) after the prefix 'Main verb and subject: '.\nSentence: compares that with 3.5 % butterfat for whole milk .\n	Main verb and subject: compares , that	False	models/text-bison-001	None	None	None	0	1
You are an expert in linguistics. Imagine a language that is the same as English with the only exception being that it uses the verb-object-subject order instead of the subject-verb-object order. Your task is to identify the main verb and the main subject in a sentence in this imaginary language.\nShow the main verb (a single word) and its subject (also a single word) after the prefix 'Main verb and subject: '.\nSentence: even tested a milk with 4 % butterfat borden in the south , but decided was the market too small .\n	Main verb and subject: tested , milk	False	models/text-bison-001	None	None	None	0	1
You are an expert in linguistics. Imagine a language that is the same as English with the only exception being that it uses the verb-object-subject order instead of the subject-verb-object order. Your task is to identify the main verb and the main subject in a sentence in this imaginary language.\nShow the main verb (a single word) and its subject (also a single word) after the prefix 'Main verb and subject: '.\nSentence: is selling leche fresca goya in nearly 500 grocery stores and bodegas in new york and parts of new jersey .\n	Main verb and subject: selling , goya	False	models/text-bison-001	None	None	None	0	1
You are an expert in linguistics. Imagine a language that is the same as English with the only exception being that it uses the verb-object-subject order instead of the subject-verb-object order. Your task is to identify the main verb and the main subject in a sentence in this imaginary language.\nShow the main verb (a single word) and its subject (also a single word) after the prefix 'Main verb and subject: '.\nSentence: but , say retailers , lately has become more fashionable fake .\n	Main verb and subject: become , fake	False	models/text-bison-001	None	None	None	0	1
