You are an expert in linguistics. Imagine a language that is the same as English only except that it uses the verb-object-subject order instead of the subject-verb-object order. Your task is to reconstruct the original sentence in English. You should only use the words in the same form as they appear in the given sentence.\nSentence: sees noah mary.\nLet's think step by step. Show the original sentence at the end with the prefix 'Original sentence: '.\n	Original sentence: Mary sees Noah.	False	models/text-bison-001	None	None	None	0	1
You are an expert in linguistics. Imagine a language that is the same as English only except that it uses the verb-object-subject order instead of the subject-verb-object order. Your task is to reconstruct the original sentence in English. You should only use the words in the same form as they appear in the given sentence.\nSentence: loves noah bob.\nLet's think step by step. Show the original sentence at the end with the prefix 'Original sentence: '.\n	Bob loves Noah.\nOriginal sentence: Bob loves Noah.	False	models/text-bison-001	None	None	None	0	1
You are an expert in linguistics. Imagine a language that is the same as English only except that it uses the verb-object-subject order instead of the subject-verb-object order. Your task is to reconstruct the original sentence in English. You should only use the words in the same form as they appear in the given sentence.\nSentence: calls ethan tom.\nLet's think step by step. Show the original sentence at the end with the prefix 'Original sentence: '.\n	Tom calls Ethan.\nOriginal sentence: Tom calls Ethan.	False	models/text-bison-001	None	None	None	0	1
You are an expert in linguistics. Imagine a language that is the same as English only except that it uses the verb-object-subject order instead of the subject-verb-object order. Your task is to reconstruct the original sentence in English. You should only use the words in the same form as they appear in the given sentence.\nSentence: sees jacob alice.\nLet's think step by step. Show the original sentence at the end with the prefix 'Original sentence: '.\n	Alice sees Jacob.\nOriginal sentence: Alice sees Jacob.	False	models/text-bison-001	None	None	None	0	1
You are an expert in linguistics. Imagine a language that is the same as English only except that it uses the verb-object-subject order instead of the subject-verb-object order. Your task is to reconstruct the original sentence in English. You should only use the words in the same form as they appear in the given sentence.\nSentence: calls jacob alice.\nLet's think step by step. Show the original sentence at the end with the prefix 'Original sentence: '.\n	Original sentence: Alice calls Jacob.	False	models/text-bison-001	None	None	None	0	1
You are an expert in linguistics. Imagine a language that is the same as English only except that it uses the verb-object-subject order instead of the subject-verb-object order. Your task is to reconstruct the original sentence in English. You should only use the words in the same form as they appear in the given sentence.\nSentence: loves emma mary.\nLet's think step by step. Show the original sentence at the end with the prefix 'Original sentence: '.\n	Original sentence: Mary loves Emma.	False	models/text-bison-001	None	None	None	0	1
You are an expert in linguistics. Imagine a language that is the same as English only except that it uses the verb-object-subject order instead of the subject-verb-object order. Your task is to reconstruct the original sentence in English. You should only use the words in the same form as they appear in the given sentence.\nSentence: sees noah mary.\nLet's think step by step. Show the original sentence at the end with the prefix 'Original sentence: '.\n	Original sentence: Mary sees Noah.	False	models/text-bison-001	None	None	None	0	1
You are an expert in linguistics. Imagine a language that is the same as English only except that it uses the verb-object-subject order instead of the subject-verb-object order. Your task is to reconstruct the original sentence in English. You should only use the words in the same form as they appear in the given sentence.\nSentence: knows jacob sophie.\nLet's think step by step. Show the original sentence at the end with the prefix 'Original sentence: '.\n	Original sentence: Sophie knows Jacob.	False	models/text-bison-001	None	None	None	0	1
You are an expert in linguistics. Imagine a language that is the same as English only except that it uses the verb-object-subject order instead of the subject-verb-object order. Your task is to reconstruct the original sentence in English. You should only use the words in the same form as they appear in the given sentence.\nSentence: loves emma jim.\nLet's think step by step. Show the original sentence at the end with the prefix 'Original sentence: '.\n	Original sentence: Jim loves Emma.	False	models/text-bison-001	None	None	None	0	1
You are an expert in linguistics. Imagine a language that is the same as English only except that it uses the verb-object-subject order instead of the subject-verb-object order. Your task is to reconstruct the original sentence in English. You should only use the words in the same form as they appear in the given sentence.\nSentence: loves mia tom.\nLet's think step by step. Show the original sentence at the end with the prefix 'Original sentence: '.\n	Tom loves Mia.\nOriginal sentence: Tom loves Mia.	False	models/text-bison-001	None	None	None	0	1
You are an expert in linguistics. Imagine a language that is the same as English only except that it uses the verb-object-subject order instead of the subject-verb-object order. Your task is to reconstruct the original sentence in English. You should only use the words in the same form as they appear in the given sentence.\nSentence: calls emily mary.\nLet's think step by step. Show the original sentence at the end with the prefix 'Original sentence: '.\n	Original sentence: Mary calls Emily.	False	models/text-bison-001	None	None	None	0	1
You are an expert in linguistics. Imagine a language that is the same as English only except that it uses the verb-object-subject order instead of the subject-verb-object order. Your task is to reconstruct the original sentence in English. You should only use the words in the same form as they appear in the given sentence.\nSentence: saw mia tom.\nLet's think step by step. Show the original sentence at the end with the prefix 'Original sentence: '.\n	Tom saw Mia.\nOriginal sentence: Tom saw Mia.	False	models/text-bison-001	None	None	None	0	1
You are an expert in linguistics. Imagine a language that is the same as English only except that it uses the verb-object-subject order instead of the subject-verb-object order. Your task is to reconstruct the original sentence in English. You should only use the words in the same form as they appear in the given sentence.\nSentence: knows emily sophie.\nLet's think step by step. Show the original sentence at the end with the prefix 'Original sentence: '.\n	Original sentence: Sophie knows Emily.	False	models/text-bison-001	None	None	None	0	1
You are an expert in linguistics. Imagine a language that is the same as English only except that it uses the verb-object-subject order instead of the subject-verb-object order. Your task is to reconstruct the original sentence in English. You should only use the words in the same form as they appear in the given sentence.\nSentence: saw noah sue.\nLet's think step by step. Show the original sentence at the end with the prefix 'Original sentence: '.\n	Original sentence: Sue saw Noah.	False	models/text-bison-001	None	None	None	0	1
You are an expert in linguistics. Imagine a language that is the same as English only except that it uses the verb-object-subject order instead of the subject-verb-object order. Your task is to reconstruct the original sentence in English. You should only use the words in the same form as they appear in the given sentence.\nSentence: sees liam jim.\nLet's think step by step. Show the original sentence at the end with the prefix 'Original sentence: '.\n	Original sentence: Jim sees Liam.	False	models/text-bison-001	None	None	None	0	1
You are an expert in linguistics. Imagine a language that is the same as English only except that it uses the verb-object-subject order instead of the subject-verb-object order. Your task is to reconstruct the original sentence in English. You should only use the words in the same form as they appear in the given sentence.\nSentence: calls noah mary.\nLet's think step by step. Show the original sentence at the end with the prefix 'Original sentence: '.\n	Original sentence: Mary calls Noah.	False	models/text-bison-001	None	None	None	0	1
You are an expert in linguistics. Imagine a language that is the same as English only except that it uses the verb-object-subject order instead of the subject-verb-object order. Your task is to reconstruct the original sentence in English. You should only use the words in the same form as they appear in the given sentence.\nSentence: loves ava mary.\nLet's think step by step. Show the original sentence at the end with the prefix 'Original sentence: '.\n	Mary loves Ava.\nOriginal sentence: Mary loves Ava.	False	models/text-bison-001	None	None	None	0	1
You are an expert in linguistics. Imagine a language that is the same as English only except that it uses the verb-object-subject order instead of the subject-verb-object order. Your task is to reconstruct the original sentence in English. You should only use the words in the same form as they appear in the given sentence.\nSentence: knows liam anna.\nLet's think step by step. Show the original sentence at the end with the prefix 'Original sentence: '.\n	Anna knows Liam. Original sentence: Anna knows Liam.	False	models/text-bison-001	None	None	None	0	1
You are an expert in linguistics. Imagine a language that is the same as English only except that it uses the verb-object-subject order instead of the subject-verb-object order. Your task is to reconstruct the original sentence in English. You should only use the words in the same form as they appear in the given sentence.\nSentence: sees mia sue.\nLet's think step by step. Show the original sentence at the end with the prefix 'Original sentence: '.\n	Original sentence: Sue sees Mia.	False	models/text-bison-001	None	None	None	0	1
You are an expert in linguistics. Imagine a language that is the same as English only except that it uses the verb-object-subject order instead of the subject-verb-object order. Your task is to reconstruct the original sentence in English. You should only use the words in the same form as they appear in the given sentence.\nSentence: calls ava john.\nLet's think step by step. Show the original sentence at the end with the prefix 'Original sentence: '.\n	Original sentence: John calls Ava.	False	models/text-bison-001	None	None	None	0	1
You are an expert in linguistics. Imagine a language that is the same as English only except that it uses the verb-object-subject order instead of the subject-verb-object order. Your task is to reconstruct the original sentence in English. You should only use the words in the same form as they appear in the given sentence.\nSentence: knows noah tom.\nLet's think step by step. Show the original sentence at the end with the prefix 'Original sentence: '.\n	Tom knows Noah.\nOriginal sentence: Tom knows Noah.	False	models/text-bison-001	None	None	None	0	1
You are an expert in linguistics. Imagine a language that is the same as English only except that it uses the verb-object-subject order instead of the subject-verb-object order. Your task is to reconstruct the original sentence in English. You should only use the words in the same form as they appear in the given sentence.\nSentence: knows noah sue.\nLet's think step by step. Show the original sentence at the end with the prefix 'Original sentence: '.\n	Original sentence: Sue knows Noah.	False	models/text-bison-001	None	None	None	0	1
You are an expert in linguistics. Imagine a language that is the same as English only except that it uses the verb-object-subject order instead of the subject-verb-object order. Your task is to reconstruct the original sentence in English. You should only use the words in the same form as they appear in the given sentence.\nSentence: loves emily sophie.\nLet's think step by step. Show the original sentence at the end with the prefix 'Original sentence: '.\n	Original sentence: Emily loves Sophie.	False	models/text-bison-001	None	None	None	0	1
You are an expert in linguistics. Imagine a language that is the same as English only except that it uses the verb-object-subject order instead of the subject-verb-object order. Your task is to reconstruct the original sentence in English. You should only use the words in the same form as they appear in the given sentence.\nSentence: calls noah john.\nLet's think step by step. Show the original sentence at the end with the prefix 'Original sentence: '.\n	Original sentence: John calls Noah.	False	models/text-bison-001	None	None	None	0	1
You are an expert in linguistics. Imagine a language that is the same as English only except that it uses the verb-object-subject order instead of the subject-verb-object order. Your task is to reconstruct the original sentence in English. You should only use the words in the same form as they appear in the given sentence.\nSentence: knows emily alice.\nLet's think step by step. Show the original sentence at the end with the prefix 'Original sentence: '.\n	Alice knows Emily.\nOriginal sentence: Alice knows Emily.	False	models/text-bison-001	None	None	None	0	1
You are an expert in linguistics. Imagine a language that is the same as English only except that it uses the verb-object-subject order instead of the subject-verb-object order. Your task is to reconstruct the original sentence in English. You should only use the words in the same form as they appear in the given sentence.\nSentence: calls emma bob.\nLet's think step by step. Show the original sentence at the end with the prefix 'Original sentence: '.\n	Emma calls Bob.\nOriginal sentence: Emma calls Bob.	False	models/text-bison-001	None	None	None	0	1
You are an expert in linguistics. Imagine a language that is the same as English only except that it uses the verb-object-subject order instead of the subject-verb-object order. Your task is to reconstruct the original sentence in English. You should only use the words in the same form as they appear in the given sentence.\nSentence: sees ava john.\nLet's think step by step. Show the original sentence at the end with the prefix 'Original sentence: '.\n	John sees Ava.\nOriginal sentence: John sees Ava.	False	models/text-bison-001	None	None	None	0	1
You are an expert in linguistics. Imagine a language that is the same as English only except that it uses the verb-object-subject order instead of the subject-verb-object order. Your task is to reconstruct the original sentence in English. You should only use the words in the same form as they appear in the given sentence.\nSentence: saw emily sue.\nLet's think step by step. Show the original sentence at the end with the prefix 'Original sentence: '.\n	Original sentence: Sue saw Emily.	False	models/text-bison-001	None	None	None	0	1
You are an expert in linguistics. Imagine a language that is the same as English only except that it uses the verb-object-subject order instead of the subject-verb-object order. Your task is to reconstruct the original sentence in English. You should only use the words in the same form as they appear in the given sentence.\nSentence: saw liam tim.\nLet's think step by step. Show the original sentence at the end with the prefix 'Original sentence: '.\n	Original sentence: Tim saw Liam.	False	models/text-bison-001	None	None	None	0	1
You are an expert in linguistics. Imagine a language that is the same as English only except that it uses the verb-object-subject order instead of the subject-verb-object order. Your task is to reconstruct the original sentence in English. You should only use the words in the same form as they appear in the given sentence.\nSentence: saw liam tim.\nLet's think step by step. Show the original sentence at the end with the prefix 'Original sentence: '.\n	Original sentence: Tim saw Liam.	False	models/text-bison-001	None	None	None	0	1
You are an expert in linguistics. Imagine a language that is the same as English only except that it uses the verb-object-subject order instead of the subject-verb-object order. Your task is to reconstruct the original sentence in English. You should only use the words in the same form as they appear in the given sentence.\nSentence: knows lucas mary.\nLet's think step by step. Show the original sentence at the end with the prefix 'Original sentence: '.\n	Original sentence: Mary knows Lucas.	False	models/text-bison-001	None	None	None	0	1
You are an expert in linguistics. Imagine a language that is the same as English only except that it uses the verb-object-subject order instead of the subject-verb-object order. Your task is to reconstruct the original sentence in English. You should only use the words in the same form as they appear in the given sentence.\nSentence: sees emma anna.\nLet's think step by step. Show the original sentence at the end with the prefix 'Original sentence: '.\n	Original sentence: Anna sees Emma.	False	models/text-bison-001	None	None	None	0	1
You are an expert in linguistics. Imagine a language that is the same as English only except that it uses the verb-object-subject order instead of the subject-verb-object order. Your task is to reconstruct the original sentence in English. You should only use the words in the same form as they appear in the given sentence.\nSentence: sees liam mary.\nLet's think step by step. Show the original sentence at the end with the prefix 'Original sentence: '.\n	Original sentence: Mary sees Liam.	False	models/text-bison-001	None	None	None	0	1
You are an expert in linguistics. Imagine a language that is the same as English only except that it uses the verb-object-subject order instead of the subject-verb-object order. Your task is to reconstruct the original sentence in English. You should only use the words in the same form as they appear in the given sentence.\nSentence: loves ethan bob.\nLet's think step by step. Show the original sentence at the end with the prefix 'Original sentence: '.\n	Bob loves Ethan.\nOriginal sentence: Bob loves Ethan.	False	models/text-bison-001	None	None	None	0	1
You are an expert in linguistics. Imagine a language that is the same as English only except that it uses the verb-object-subject order instead of the subject-verb-object order. Your task is to reconstruct the original sentence in English. You should only use the words in the same form as they appear in the given sentence.\nSentence: knows noah jim.\nLet's think step by step. Show the original sentence at the end with the prefix 'Original sentence: '.\n	Original sentence: Jim knows Noah.	False	models/text-bison-001	None	None	None	0	1
You are an expert in linguistics. Imagine a language that is the same as English only except that it uses the verb-object-subject order instead of the subject-verb-object order. Your task is to reconstruct the original sentence in English. You should only use the words in the same form as they appear in the given sentence.\nSentence: calls liam sophie.\nLet's think step by step. Show the original sentence at the end with the prefix 'Original sentence: '.\n	Liam calls Sophie.\nOriginal sentence: Liam calls Sophie.	False	models/text-bison-001	None	None	None	0	1
You are an expert in linguistics. Imagine a language that is the same as English only except that it uses the verb-object-subject order instead of the subject-verb-object order. Your task is to reconstruct the original sentence in English. You should only use the words in the same form as they appear in the given sentence.\nSentence: loves emma tim.\nLet's think step by step. Show the original sentence at the end with the prefix 'Original sentence: '.\n	Original sentence: Tim loves Emma.	False	models/text-bison-001	None	None	None	0	1
You are an expert in linguistics. Imagine a language that is the same as English only except that it uses the verb-object-subject order instead of the subject-verb-object order. Your task is to reconstruct the original sentence in English. You should only use the words in the same form as they appear in the given sentence.\nSentence: sees lucas sue.\nLet's think step by step. Show the original sentence at the end with the prefix 'Original sentence: '.\n	Lucas sees sue.\nOriginal sentence: Lucas sees sue.	False	models/text-bison-001	None	None	None	0	1
You are an expert in linguistics. Imagine a language that is the same as English only except that it uses the verb-object-subject order instead of the subject-verb-object order. Your task is to reconstruct the original sentence in English. You should only use the words in the same form as they appear in the given sentence.\nSentence: sees jacob jim.\nLet's think step by step. Show the original sentence at the end with the prefix 'Original sentence: '.\n	Original sentence: Jim sees Jacob.	False	models/text-bison-001	None	None	None	0	1
You are an expert in linguistics. Imagine a language that is the same as English only except that it uses the verb-object-subject order instead of the subject-verb-object order. Your task is to reconstruct the original sentence in English. You should only use the words in the same form as they appear in the given sentence.\nSentence: sees noah tim.\nLet's think step by step. Show the original sentence at the end with the prefix 'Original sentence: '.\n	Tim sees Noah.\nOriginal sentence: Tim sees Noah.	False	models/text-bison-001	None	None	None	0	1
You are an expert in linguistics. Imagine a language that is the same as English only except that it uses the verb-object-subject order instead of the subject-verb-object order. Your task is to reconstruct the original sentence in English. You should only use the words in the same form as they appear in the given sentence.\nSentence: loves mia tim.\nLet's think step by step. Show the original sentence at the end with the prefix 'Original sentence: '.\n	Tim loves Mia.\nOriginal sentence: Tim loves Mia.	False	models/text-bison-001	None	None	None	0	1
You are an expert in linguistics. Imagine a language that is the same as English only except that it uses the verb-object-subject order instead of the subject-verb-object order. Your task is to reconstruct the original sentence in English. You should only use the words in the same form as they appear in the given sentence.\nSentence: sees olivia alice.\nLet's think step by step. Show the original sentence at the end with the prefix 'Original sentence: '.\n	Alice sees Olivia.\nOriginal sentence: Alice sees Olivia.	False	models/text-bison-001	None	None	None	0	1
You are an expert in linguistics. Imagine a language that is the same as English only except that it uses the verb-object-subject order instead of the subject-verb-object order. Your task is to reconstruct the original sentence in English. You should only use the words in the same form as they appear in the given sentence.\nSentence: loves mia bob.\nLet's think step by step. Show the original sentence at the end with the prefix 'Original sentence: '.\n	Bob loves Mia.\nOriginal sentence: Bob loves Mia.	False	models/text-bison-001	None	None	None	0	1
You are an expert in linguistics. Imagine a language that is the same as English only except that it uses the verb-object-subject order instead of the subject-verb-object order. Your task is to reconstruct the original sentence in English. You should only use the words in the same form as they appear in the given sentence.\nSentence: sees olivia john.\nLet's think step by step. Show the original sentence at the end with the prefix 'Original sentence: '.\n	John sees Olivia.\nOriginal sentence: John sees Olivia.	False	models/text-bison-001	None	None	None	0	1
You are an expert in linguistics. Imagine a language that is the same as English only except that it uses the verb-object-subject order instead of the subject-verb-object order. Your task is to reconstruct the original sentence in English. You should only use the words in the same form as they appear in the given sentence.\nSentence: loves emily sophie.\nLet's think step by step. Show the original sentence at the end with the prefix 'Original sentence: '.\n	Original sentence: Emily loves Sophie.	False	models/text-bison-001	None	None	None	0	1
You are an expert in linguistics. Imagine a language that is the same as English only except that it uses the verb-object-subject order instead of the subject-verb-object order. Your task is to reconstruct the original sentence in English. You should only use the words in the same form as they appear in the given sentence.\nSentence: loves olivia sue.\nLet's think step by step. Show the original sentence at the end with the prefix 'Original sentence: '.\n	Original sentence: Sue loves Olivia.	False	models/text-bison-001	None	None	None	0	1
You are an expert in linguistics. Imagine a language that is the same as English only except that it uses the verb-object-subject order instead of the subject-verb-object order. Your task is to reconstruct the original sentence in English. You should only use the words in the same form as they appear in the given sentence.\nSentence: sees mia alice.\nLet's think step by step. Show the original sentence at the end with the prefix 'Original sentence: '.\n	Alice sees Mia.\nOriginal sentence: Alice sees Mia.	False	models/text-bison-001	None	None	None	0	1
You are an expert in linguistics. Imagine a language that is the same as English only except that it uses the verb-object-subject order instead of the subject-verb-object order. Your task is to reconstruct the original sentence in English. You should only use the words in the same form as they appear in the given sentence.\nSentence: saw lucas john.\nLet's think step by step. Show the original sentence at the end with the prefix 'Original sentence: '.\n	John saw Lucas.\nOriginal sentence: John saw Lucas.	False	models/text-bison-001	None	None	None	0	1
You are an expert in linguistics. Imagine a language that is the same as English only except that it uses the verb-object-subject order instead of the subject-verb-object order. Your task is to reconstruct the original sentence in English. You should only use the words in the same form as they appear in the given sentence.\nSentence: calls ethan anna.\nLet's think step by step. Show the original sentence at the end with the prefix 'Original sentence: '.\n	Ethan calls Anna.\nOriginal sentence: Ethan calls Anna.	False	models/text-bison-001	None	None	None	0	1
You are an expert in linguistics. Imagine a language that is the same as English only except that it uses the verb-object-subject order instead of the subject-verb-object order. Your task is to reconstruct the original sentence in English. You should only use the words in the same form as they appear in the given sentence.\nSentence: sees lucas tom.\nLet's think step by step. Show the original sentence at the end with the prefix 'Original sentence: '.\n	Tom sees Lucas.\nOriginal sentence: Tom sees Lucas.	False	models/text-bison-001	None	None	None	0	1
You are an expert in linguistics. Imagine a language that is the same as English only except that it uses the verb-object-subject order instead of the subject-verb-object order. Your task is to reconstruct the original sentence in English. You should only use the words in the same form as they appear in the given sentence.\nSentence: saw ava bob.\nLet's think step by step. Show the original sentence at the end with the prefix 'Original sentence: '.\n	Ava saw Bob.\nOriginal sentence: Bob saw Ava.	False	models/text-bison-001	None	None	None	0	1
You are an expert in linguistics. Imagine a language that is the same as English only except that it uses the verb-object-subject order instead of the subject-verb-object order. Your task is to reconstruct the original sentence in English. You should only use the words in the same form as they appear in the given sentence.\nSentence: saw mia tom.\nLet's think step by step. Show the original sentence at the end with the prefix 'Original sentence: '.\n	Tom saw Mia.\nOriginal sentence: Tom saw Mia.	False	models/text-bison-001	None	None	None	0	1
You are an expert in linguistics. Imagine a language that is the same as English only except that it uses the verb-object-subject order instead of the subject-verb-object order. Your task is to reconstruct the original sentence in English. You should only use the words in the same form as they appear in the given sentence.\nSentence: calls olivia anna.\nLet's think step by step. Show the original sentence at the end with the prefix 'Original sentence: '.\n	Olivia calls Anna. Original sentence: Olivia calls Anna.	False	models/text-bison-001	None	None	None	0	1
You are an expert in linguistics. Imagine a language that is the same as English only except that it uses the verb-object-subject order instead of the subject-verb-object order. Your task is to reconstruct the original sentence in English. You should only use the words in the same form as they appear in the given sentence.\nSentence: knows lucas tim.\nLet's think step by step. Show the original sentence at the end with the prefix 'Original sentence: '.\n	Tim knows Lucas.\nOriginal sentence: Tim knows Lucas.	False	models/text-bison-001	None	None	None	0	1
You are an expert in linguistics. Imagine a language that is the same as English only except that it uses the verb-object-subject order instead of the subject-verb-object order. Your task is to reconstruct the original sentence in English. You should only use the words in the same form as they appear in the given sentence.\nSentence: knows jacob anna.\nLet's think step by step. Show the original sentence at the end with the prefix 'Original sentence: '.\n	Anna knows Jacob. Original sentence: Anna knows Jacob.	False	models/text-bison-001	None	None	None	0	1
You are an expert in linguistics. Imagine a language that is the same as English only except that it uses the verb-object-subject order instead of the subject-verb-object order. Your task is to reconstruct the original sentence in English. You should only use the words in the same form as they appear in the given sentence.\nSentence: loves lucas tim.\nLet's think step by step. Show the original sentence at the end with the prefix 'Original sentence: '.\n	Tim loves Lucas.\nOriginal sentence: Tim loves Lucas.	False	models/text-bison-001	None	None	None	0	1
You are an expert in linguistics. Imagine a language that is the same as English only except that it uses the verb-object-subject order instead of the subject-verb-object order. Your task is to reconstruct the original sentence in English. You should only use the words in the same form as they appear in the given sentence.\nSentence: saw emma sophie.\nLet's think step by step. Show the original sentence at the end with the prefix 'Original sentence: '.\n	Emma saw Sophie.\nOriginal sentence: Emma saw Sophie.	False	models/text-bison-001	None	None	None	0	1
You are an expert in linguistics. Imagine a language that is the same as English only except that it uses the verb-object-subject order instead of the subject-verb-object order. Your task is to reconstruct the original sentence in English. You should only use the words in the same form as they appear in the given sentence.\nSentence: knows olivia john.\nLet's think step by step. Show the original sentence at the end with the prefix 'Original sentence: '.\n	John knows Olivia.\nOriginal sentence: John knows Olivia.	False	models/text-bison-001	None	None	None	0	1
You are an expert in linguistics. Imagine a language that is the same as English only except that it uses the verb-object-subject order instead of the subject-verb-object order. Your task is to reconstruct the original sentence in English. You should only use the words in the same form as they appear in the given sentence.\nSentence: saw mia mary.\nLet's think step by step. Show the original sentence at the end with the prefix 'Original sentence: '.\n	Mary saw Mia.\nOriginal sentence: Mary saw Mia.	False	models/text-bison-001	None	None	None	0	1
You are an expert in linguistics. Imagine a language that is the same as English only except that it uses the verb-object-subject order instead of the subject-verb-object order. Your task is to reconstruct the original sentence in English. You should only use the words in the same form as they appear in the given sentence.\nSentence: calls lucas tim.\nLet's think step by step. Show the original sentence at the end with the prefix 'Original sentence: '.\n	Original sentence: Tim calls Lucas.	False	models/text-bison-001	None	None	None	0	1
You are an expert in linguistics. Imagine a language that is the same as English only except that it uses the verb-object-subject order instead of the subject-verb-object order. Your task is to reconstruct the original sentence in English. You should only use the words in the same form as they appear in the given sentence.\nSentence: calls emily jim.\nLet's think step by step. Show the original sentence at the end with the prefix 'Original sentence: '.\n	Original sentence: Jim calls Emily.	False	models/text-bison-001	None	None	None	0	1
You are an expert in linguistics. Imagine a language that is the same as English only except that it uses the verb-object-subject order instead of the subject-verb-object order. Your task is to reconstruct the original sentence in English. You should only use the words in the same form as they appear in the given sentence.\nSentence: loves mia bob.\nLet's think step by step. Show the original sentence at the end with the prefix 'Original sentence: '.\n	Bob loves Mia.\nOriginal sentence: Bob loves Mia.	False	models/text-bison-001	None	None	None	0	1
You are an expert in linguistics. Imagine a language that is the same as English only except that it uses the verb-object-subject order instead of the subject-verb-object order. Your task is to reconstruct the original sentence in English. You should only use the words in the same form as they appear in the given sentence.\nSentence: saw mia jim.\nLet's think step by step. Show the original sentence at the end with the prefix 'Original sentence: '.\n	Original sentence: Jim saw Mia.	False	models/text-bison-001	None	None	None	0	1
You are an expert in linguistics. Imagine a language that is the same as English only except that it uses the verb-object-subject order instead of the subject-verb-object order. Your task is to reconstruct the original sentence in English. You should only use the words in the same form as they appear in the given sentence.\nSentence: saw ethan sue.\nLet's think step by step. Show the original sentence at the end with the prefix 'Original sentence: '.\n	Original sentence: Sue saw Ethan.	False	models/text-bison-001	None	None	None	0	1
You are an expert in linguistics. Imagine a language that is the same as English only except that it uses the verb-object-subject order instead of the subject-verb-object order. Your task is to reconstruct the original sentence in English. You should only use the words in the same form as they appear in the given sentence.\nSentence: saw emma mary.\nLet's think step by step. Show the original sentence at the end with the prefix 'Original sentence: '.\n	Original sentence: Mary saw Emma.	False	models/text-bison-001	None	None	None	0	1
You are an expert in linguistics. Imagine a language that is the same as English only except that it uses the verb-object-subject order instead of the subject-verb-object order. Your task is to reconstruct the original sentence in English. You should only use the words in the same form as they appear in the given sentence.\nSentence: loves emily sue.\nLet's think step by step. Show the original sentence at the end with the prefix 'Original sentence: '.\n	Original sentence: Sue loves Emily.	False	models/text-bison-001	None	None	None	0	1
You are an expert in linguistics. Imagine a language that is the same as English only except that it uses the verb-object-subject order instead of the subject-verb-object order. Your task is to reconstruct the original sentence in English. You should only use the words in the same form as they appear in the given sentence.\nSentence: knows ava mary.\nLet's think step by step. Show the original sentence at the end with the prefix 'Original sentence: '.\n	Mary knows Ava.\nOriginal sentence: Mary knows Ava.	False	models/text-bison-001	None	None	None	0	1
You are an expert in linguistics. Imagine a language that is the same as English only except that it uses the verb-object-subject order instead of the subject-verb-object order. Your task is to reconstruct the original sentence in English. You should only use the words in the same form as they appear in the given sentence.\nSentence: knows mia tim.\nLet's think step by step. Show the original sentence at the end with the prefix 'Original sentence: '.\n	Original sentence: Tim knows Mia.	False	models/text-bison-001	None	None	None	0	1
You are an expert in linguistics. Imagine a language that is the same as English only except that it uses the verb-object-subject order instead of the subject-verb-object order. Your task is to reconstruct the original sentence in English. You should only use the words in the same form as they appear in the given sentence.\nSentence: sees emily sophie.\nLet's think step by step. Show the original sentence at the end with the prefix 'Original sentence: '.\n	Original sentence: Sophie sees Emily.	False	models/text-bison-001	None	None	None	0	1
You are an expert in linguistics. Imagine a language that is the same as English only except that it uses the verb-object-subject order instead of the subject-verb-object order. Your task is to reconstruct the original sentence in English. You should only use the words in the same form as they appear in the given sentence.\nSentence: knows ethan tom.\nLet's think step by step. Show the original sentence at the end with the prefix 'Original sentence: '.\n	Tom knows Ethan.\nOriginal sentence: Tom knows Ethan.	False	models/text-bison-001	None	None	None	0	1
You are an expert in linguistics. Imagine a language that is the same as English only except that it uses the verb-object-subject order instead of the subject-verb-object order. Your task is to reconstruct the original sentence in English. You should only use the words in the same form as they appear in the given sentence.\nSentence: sees liam alice.\nLet's think step by step. Show the original sentence at the end with the prefix 'Original sentence: '.\n	Alice sees Liam.\nOriginal sentence: Alice sees Liam.	False	models/text-bison-001	None	None	None	0	1
You are an expert in linguistics. Imagine a language that is the same as English only except that it uses the verb-object-subject order instead of the subject-verb-object order. Your task is to reconstruct the original sentence in English. You should only use the words in the same form as they appear in the given sentence.\nSentence: calls ethan sophie.\nLet's think step by step. Show the original sentence at the end with the prefix 'Original sentence: '.\n	Ethan calls Sophie.\nOriginal sentence: Ethan calls Sophie.	False	models/text-bison-001	None	None	None	0	1
You are an expert in linguistics. Imagine a language that is the same as English only except that it uses the verb-object-subject order instead of the subject-verb-object order. Your task is to reconstruct the original sentence in English. You should only use the words in the same form as they appear in the given sentence.\nSentence: knows mia anna.\nLet's think step by step. Show the original sentence at the end with the prefix 'Original sentence: '.\n	Anna knows Mia.\nOriginal sentence: Anna knows Mia.	False	models/text-bison-001	None	None	None	0	1
You are an expert in linguistics. Imagine a language that is the same as English only except that it uses the verb-object-subject order instead of the subject-verb-object order. Your task is to reconstruct the original sentence in English. You should only use the words in the same form as they appear in the given sentence.\nSentence: saw mia tim.\nLet's think step by step. Show the original sentence at the end with the prefix 'Original sentence: '.\n	Step 1: The verb is 'saw'.\nStep 2: The object is 'mia'.\nStep 3: The subject is 'tim'.\nOriginal sentence: Tim saw mia.	False	models/text-bison-001	None	None	None	0	1
You are an expert in linguistics. Imagine a language that is the same as English only except that it uses the verb-object-subject order instead of the subject-verb-object order. Your task is to reconstruct the original sentence in English. You should only use the words in the same form as they appear in the given sentence.\nSentence: knows emma sophie.\nLet's think step by step. Show the original sentence at the end with the prefix 'Original sentence: '.\n	Original sentence: Sophie knows Emma.	False	models/text-bison-001	None	None	None	0	1
You are an expert in linguistics. Imagine a language that is the same as English only except that it uses the verb-object-subject order instead of the subject-verb-object order. Your task is to reconstruct the original sentence in English. You should only use the words in the same form as they appear in the given sentence.\nSentence: loves noah sophie.\nLet's think step by step. Show the original sentence at the end with the prefix 'Original sentence: '.\n	Sophie loves Noah.\nOriginal sentence: Sophie loves Noah.	False	models/text-bison-001	None	None	None	0	1
You are an expert in linguistics. Imagine a language that is the same as English only except that it uses the verb-object-subject order instead of the subject-verb-object order. Your task is to reconstruct the original sentence in English. You should only use the words in the same form as they appear in the given sentence.\nSentence: loves ethan sophie.\nLet's think step by step. Show the original sentence at the end with the prefix 'Original sentence: '.\n	Sophie loves Ethan.\nOriginal sentence: Sophie loves Ethan.	False	models/text-bison-001	None	None	None	0	1
You are an expert in linguistics. Imagine a language that is the same as English only except that it uses the verb-object-subject order instead of the subject-verb-object order. Your task is to reconstruct the original sentence in English. You should only use the words in the same form as they appear in the given sentence.\nSentence: calls ethan tom.\nLet's think step by step. Show the original sentence at the end with the prefix 'Original sentence: '.\n	Tom calls Ethan.\nOriginal sentence: Tom calls Ethan.	False	models/text-bison-001	None	None	None	0	1
You are an expert in linguistics. Imagine a language that is the same as English only except that it uses the verb-object-subject order instead of the subject-verb-object order. Your task is to reconstruct the original sentence in English. You should only use the words in the same form as they appear in the given sentence.\nSentence: loves ethan sophie.\nLet's think step by step. Show the original sentence at the end with the prefix 'Original sentence: '.\n	Sophie loves Ethan.\nOriginal sentence: Sophie loves Ethan.	False	models/text-bison-001	None	None	None	0	1
You are an expert in linguistics. Imagine a language that is the same as English only except that it uses the verb-object-subject order instead of the subject-verb-object order. Your task is to reconstruct the original sentence in English. You should only use the words in the same form as they appear in the given sentence.\nSentence: knows ethan sophie.\nLet's think step by step. Show the original sentence at the end with the prefix 'Original sentence: '.\n	Sophie knows Ethan. Original sentence: Sophie knows Ethan.	False	models/text-bison-001	None	None	None	0	1
You are an expert in linguistics. Imagine a language that is the same as English only except that it uses the verb-object-subject order instead of the subject-verb-object order. Your task is to reconstruct the original sentence in English. You should only use the words in the same form as they appear in the given sentence.\nSentence: knows lucas alice.\nLet's think step by step. Show the original sentence at the end with the prefix 'Original sentence: '.\n	Alice knows Lucas.\nOriginal sentence: Alice knows Lucas.	False	models/text-bison-001	None	None	None	0	1
You are an expert in linguistics. Imagine a language that is the same as English only except that it uses the verb-object-subject order instead of the subject-verb-object order. Your task is to reconstruct the original sentence in English. You should only use the words in the same form as they appear in the given sentence.\nSentence: knows liam anna.\nLet's think step by step. Show the original sentence at the end with the prefix 'Original sentence: '.\n	Anna knows Liam. Original sentence: Anna knows Liam.	False	models/text-bison-001	None	None	None	0	1
You are an expert in linguistics. Imagine a language that is the same as English only except that it uses the verb-object-subject order instead of the subject-verb-object order. Your task is to reconstruct the original sentence in English. You should only use the words in the same form as they appear in the given sentence.\nSentence: knows noah alice.\nLet's think step by step. Show the original sentence at the end with the prefix 'Original sentence: '.\n	Alice knows Noah.\nOriginal sentence: Alice knows Noah.	False	models/text-bison-001	None	None	None	0	1
You are an expert in linguistics. Imagine a language that is the same as English only except that it uses the verb-object-subject order instead of the subject-verb-object order. Your task is to reconstruct the original sentence in English. You should only use the words in the same form as they appear in the given sentence.\nSentence: loves ethan alice.\nLet's think step by step. Show the original sentence at the end with the prefix 'Original sentence: '.\n	Alice loves Ethan.\nOriginal sentence: Alice loves Ethan.	False	models/text-bison-001	None	None	None	0	1
You are an expert in linguistics. Imagine a language that is the same as English only except that it uses the verb-object-subject order instead of the subject-verb-object order. Your task is to reconstruct the original sentence in English. You should only use the words in the same form as they appear in the given sentence.\nSentence: sees mia alice.\nLet's think step by step. Show the original sentence at the end with the prefix 'Original sentence: '.\n	Alice sees Mia.\nOriginal sentence: Alice sees Mia.	False	models/text-bison-001	None	None	None	0	1
You are an expert in linguistics. Imagine a language that is the same as English only except that it uses the verb-object-subject order instead of the subject-verb-object order. Your task is to reconstruct the original sentence in English. You should only use the words in the same form as they appear in the given sentence.\nSentence: knows emma tom.\nLet's think step by step. Show the original sentence at the end with the prefix 'Original sentence: '.\n	Original sentence: Tom knows Emma.	False	models/text-bison-001	None	None	None	0	1
You are an expert in linguistics. Imagine a language that is the same as English only except that it uses the verb-object-subject order instead of the subject-verb-object order. Your task is to reconstruct the original sentence in English. You should only use the words in the same form as they appear in the given sentence.\nSentence: saw emma tom.\nLet's think step by step. Show the original sentence at the end with the prefix 'Original sentence: '.\n	Tom saw Emma.\nOriginal sentence: Tom saw Emma.	False	models/text-bison-001	None	None	None	0	1
You are an expert in linguistics. Imagine a language that is the same as English only except that it uses the verb-object-subject order instead of the subject-verb-object order. Your task is to reconstruct the original sentence in English. You should only use the words in the same form as they appear in the given sentence.\nSentence: knows jacob tom.\nLet's think step by step. Show the original sentence at the end with the prefix 'Original sentence: '.\n	Tom knows Jacob.\nOriginal sentence: Tom knows Jacob.	False	models/text-bison-001	None	None	None	0	1
You are an expert in linguistics. Imagine a language that is the same as English only except that it uses the verb-object-subject order instead of the subject-verb-object order. Your task is to reconstruct the original sentence in English. You should only use the words in the same form as they appear in the given sentence.\nSentence: sees emily alice.\nLet's think step by step. Show the original sentence at the end with the prefix 'Original sentence: '.\n	Alice sees Emily.\nOriginal sentence: Alice sees Emily.	False	models/text-bison-001	None	None	None	0	1
You are an expert in linguistics. Imagine a language that is the same as English only except that it uses the verb-object-subject order instead of the subject-verb-object order. Your task is to reconstruct the original sentence in English. You should only use the words in the same form as they appear in the given sentence.\nSentence: knows liam anna.\nLet's think step by step. Show the original sentence at the end with the prefix 'Original sentence: '.\n	Anna knows Liam. Original sentence: Anna knows Liam.	False	models/text-bison-001	None	None	None	0	1
You are an expert in linguistics. Imagine a language that is the same as English only except that it uses the verb-object-subject order instead of the subject-verb-object order. Your task is to reconstruct the original sentence in English. You should only use the words in the same form as they appear in the given sentence.\nSentence: saw liam tom.\nLet's think step by step. Show the original sentence at the end with the prefix 'Original sentence: '.\n	Tom saw Liam.\nOriginal sentence: Tom saw Liam.	False	models/text-bison-001	None	None	None	0	1
You are an expert in linguistics. Imagine a language that is the same as English only except that it uses the verb-object-subject order instead of the subject-verb-object order. Your task is to reconstruct the original sentence in English. You should only use the words in the same form as they appear in the given sentence.\nSentence: sees noah john.\nLet's think step by step. Show the original sentence at the end with the prefix 'Original sentence: '.\n	John sees Noah.\nOriginal sentence: John sees Noah.	False	models/text-bison-001	None	None	None	0	1
You are an expert in linguistics. Imagine a language that is the same as English only except that it uses the verb-object-subject order instead of the subject-verb-object order. Your task is to reconstruct the original sentence in English. You should only use the words in the same form as they appear in the given sentence.\nSentence: calls jacob sue.\nLet's think step by step. Show the original sentence at the end with the prefix 'Original sentence: '.\n	Original sentence: Sue calls Jacob.	False	models/text-bison-001	None	None	None	0	1
You are an expert in linguistics. Imagine a language that is the same as English only except that it uses the verb-object-subject order instead of the subject-verb-object order. Your task is to reconstruct the original sentence in English. You should only use the words in the same form as they appear in the given sentence.\nSentence: loves ava jim.\nLet's think step by step. Show the original sentence at the end with the prefix 'Original sentence: '.\n	Original sentence: Jim loves Ava.	False	models/text-bison-001	None	None	None	0	1
You are an expert in linguistics. Imagine a language that is the same as English only except that it uses the verb-object-subject order instead of the subject-verb-object order. Your task is to reconstruct the original sentence in English. You should only use the words in the same form as they appear in the given sentence.\nSentence: sees emma anna.\nLet's think step by step. Show the original sentence at the end with the prefix 'Original sentence: '.\n	Original sentence: Anna sees Emma.	False	models/text-bison-001	None	None	None	0	1
You are an expert in linguistics. Imagine a language that is the same as English only except that it uses the verb-object-subject order instead of the subject-verb-object order. Your task is to reconstruct the original sentence in English. You should only use the words in the same form as they appear in the given sentence.\nSentence: loves olivia mary.\nLet's think step by step. Show the original sentence at the end with the prefix 'Original sentence: '.\n	Mary loves Olivia.\nOriginal sentence: Mary loves Olivia.	False	models/text-bison-001	None	None	None	0	1
You are an expert in linguistics. Imagine a language that is the same as English only except that it uses the verb-object-subject order instead of the subject-verb-object order. Your task is to reconstruct the original sentence in English. You should only use the words in the same form as they appear in the given sentence.\nSentence: sees emily mary.\nLet's think step by step. Show the original sentence at the end with the prefix 'Original sentence: '.\n	Original sentence: Mary sees Emily.	False	models/text-bison-001	None	None	None	0	1
You are an expert in linguistics. Imagine a language that is the same as English only except that it uses the verb-object-subject order instead of the subject-verb-object order. Your task is to reconstruct the original sentence in English. You should only use the words in the same form as they appear in the given sentence.\nSentence: loves mia tim.\nLet's think step by step. Show the original sentence at the end with the prefix 'Original sentence: '.\n	Tim loves Mia.\nOriginal sentence: Tim loves Mia.	False	models/text-bison-001	None	None	None	0	1
You are an expert in linguistics. Imagine a language that is the same as English only except that it uses the verb-object-subject order instead of the subject-verb-object order. Your task is to reconstruct the original sentence in English. You should only use the words in the same form as they appear in the given sentence.\nSentence: sees olivia tom.\nLet's think step by step. Show the original sentence at the end with the prefix 'Original sentence: '.\n	Tom sees Olivia.\nOriginal sentence: Tom sees Olivia.	False	models/text-bison-001	None	None	None	0	1
You are an expert in linguistics. Imagine a language that is the same as English only except that it uses the verb-object-subject order instead of the subject-verb-object order. Your task is to reconstruct the original sentence in English. You should only use the words in the same form as they appear in the given sentence.\nSentence: sees ava tim.\nLet's think step by step. Show the original sentence at the end with the prefix 'Original sentence: '.\n	Tim sees Ava.\nOriginal sentence: Tim sees Ava.	False	models/text-bison-001	None	None	None	0	1
