You are a mathematician. Assuming that all numbers are in base-16 where the digits are "0123456789ABCDEF", what is the next number after 0? Do this by counting the few preceding numbers and completing the sequence. End the response with the result.	1	False	claude-v1.3	None	None	None	0	1
You are a mathematician. Assuming that all numbers are in base-16 where the digits are "0123456789ABCDEF", what is the next number after F? Do this by counting the few preceding numbers and completing the sequence. End the response with the result.	C	False	claude-v1.3	None	None	None	0	1
You are a mathematician. Assuming that all numbers are in base-16 where the digits are "0123456789ABCDEF", what is the next number after 10? Do this by counting the few preceding numbers and completing the sequence. End the response with the result.	11	False	claude-v1.3	None	None	None	0	1
You are a mathematician. Assuming that all numbers are in base-16 where the digits are "0123456789ABCDEF", what is the next number after 1F? Do this by counting the few preceding numbers and completing the sequence. End the response with the result.	1C, 1D, 1E, 1F, 20.	False	claude-v1.3	None	None	None	0	1
You are a mathematician. Assuming that all numbers are in base-16 where the digits are "0123456789ABCDEF", what is the next number after 20? Do this by counting the few preceding numbers and completing the sequence. End the response with the result.	1, 2, 3, 4, 5, 6, 7, 8, 9, A, B, C, D, E, F, 10, 11, 12, 13, 14, 15, 16, 17, 18, 19, 1A, 1B, 1C, 1D, 1E, 1F, 20, 21.	False	claude-v1.3	None	None	None	0	1
You are a mathematician. Assuming that all numbers are in base-16 where the digits are "0123456789ABCDEF", what is the next number after 2F? Do this by counting the few preceding numbers and completing the sequence. End the response with the result.	2C	False	claude-v1.3	None	None	None	0	1
You are a mathematician. Assuming that all numbers are in base-16 where the digits are "0123456789ABCDEF", what is the next number after 30? Do this by counting the few preceding numbers and completing the sequence. End the response with the result.	2E	False	claude-v1.3	None	None	None	0	1
You are a mathematician. Assuming that all numbers are in base-16 where the digits are "0123456789ABCDEF", what is the next number after 3F? Do this by counting the few preceding numbers and completing the sequence. End the response with the result.	3C\n3D \n3E\n3F\n40	False	claude-v1.3	None	None	None	0	1
You are a mathematician. Assuming that all numbers are in base-16 where the digits are "0123456789ABCDEF", what is the next number after 40? Do this by counting the few preceding numbers and completing the sequence. End the response with the result.	3C	False	claude-v1.3	None	None	None	0	1
You are a mathematician. Assuming that all numbers are in base-16 where the digits are "0123456789ABCDEF", what is the next number after 4F? Do this by counting the few preceding numbers and completing the sequence. End the response with the result.	4C, 4D, 4E, 4F, 50.	False	claude-v1.3	None	None	None	0	1
You are a mathematician. Assuming that all numbers are in base-16 where the digits are "0123456789ABCDEF", what is the next number after 50? Do this by counting the few preceding numbers and completing the sequence. End the response with the result.	4E	False	claude-v1.3	None	None	None	0	1
You are a mathematician. Assuming that all numbers are in base-16 where the digits are "0123456789ABCDEF", what is the next number after 5F? Do this by counting the few preceding numbers and completing the sequence. End the response with the result.	5C, 5D, 5E, 5F, 60.	False	claude-v1.3	None	None	None	0	1
You are a mathematician. Assuming that all numbers are in base-16 where the digits are "0123456789ABCDEF", what is the next number after 60? Do this by counting the few preceding numbers and completing the sequence. End the response with the result.	5E	False	claude-v1.3	None	None	None	0	1
You are a mathematician. Assuming that all numbers are in base-16 where the digits are "0123456789ABCDEF", what is the next number after 6F? Do this by counting the few preceding numbers and completing the sequence. End the response with the result.	6C	False	claude-v1.3	None	None	None	0	1
You are a mathematician. Assuming that all numbers are in base-16 where the digits are "0123456789ABCDEF", what is the next number after 70? Do this by counting the few preceding numbers and completing the sequence. End the response with the result.	6F	False	claude-v1.3	None	None	None	0	1
You are a mathematician. Assuming that all numbers are in base-16 where the digits are "0123456789ABCDEF", what is the next number after 7F? Do this by counting the few preceding numbers and completing the sequence. End the response with the result.	7C	False	claude-v1.3	None	None	None	0	1
You are a mathematician. Assuming that all numbers are in base-16 where the digits are "0123456789ABCDEF", what is the next number after 80? Do this by counting the few preceding numbers and completing the sequence. End the response with the result.	7E	False	claude-v1.3	None	None	None	0	1
You are a mathematician. Assuming that all numbers are in base-16 where the digits are "0123456789ABCDEF", what is the next number after 8F? Do this by counting the few preceding numbers and completing the sequence. End the response with the result.	90	False	claude-v1.3	None	None	None	0	1
You are a mathematician. Assuming that all numbers are in base-16 where the digits are "0123456789ABCDEF", what is the next number after 90? Do this by counting the few preceding numbers and completing the sequence. End the response with the result.	8D	False	claude-v1.3	None	None	None	0	1
You are a mathematician. Assuming that all numbers are in base-16 where the digits are "0123456789ABCDEF", what is the next number after 9F? Do this by counting the few preceding numbers and completing the sequence. End the response with the result.	9C	False	claude-v1.3	None	None	None	0	1
You are a mathematician. Assuming that all numbers are in base-16 where the digits are "0123456789ABCDEF", what is the next number after A0? Do this by counting the few preceding numbers and completing the sequence. End the response with the result.	9F, A0, A1	False	claude-v1.3	None	None	None	0	1
You are a mathematician. Assuming that all numbers are in base-16 where the digits are "0123456789ABCDEF", what is the next number after AF? Do this by counting the few preceding numbers and completing the sequence. End the response with the result.	A8, A9, AA, AB, AC, AD, AE, AF, B0.	False	claude-v1.3	None	None	None	0	1
You are a mathematician. Assuming that all numbers are in base-16 where the digits are "0123456789ABCDEF", what is the next number after B0? Do this by counting the few preceding numbers and completing the sequence. End the response with the result.	B1	False	claude-v1.3	None	None	None	0	1
You are a mathematician. Assuming that all numbers are in base-16 where the digits are "0123456789ABCDEF", what is the next number after BF? Do this by counting the few preceding numbers and completing the sequence. End the response with the result.	B8, B9, BA, BB, BC, BD, BE, BF, C0.	False	claude-v1.3	None	None	None	0	1
You are a mathematician. Assuming that all numbers are in base-16 where the digits are "0123456789ABCDEF", what is the next number after C0? Do this by counting the few preceding numbers and completing the sequence. End the response with the result.	C1	False	claude-v1.3	None	None	None	0	1
You are a mathematician. Assuming that all numbers are in base-16 where the digits are "0123456789ABCDEF", what is the next number after CF? Do this by counting the few preceding numbers and completing the sequence. End the response with the result.	C8, C9, CA, CB, CC, CD, CE, CF, D0.	False	claude-v1.3	None	None	None	0	1
You are a mathematician. Assuming that all numbers are in base-16 where the digits are "0123456789ABCDEF", what is the next number after D0? Do this by counting the few preceding numbers and completing the sequence. End the response with the result.	C9, CA, CB, CC, CD, CE, CF, D0, D1	False	claude-v1.3	None	None	None	0	1
You are a mathematician. Assuming that all numbers are in base-16 where the digits are "0123456789ABCDEF", what is the next number after DF? Do this by counting the few preceding numbers and completing the sequence. End the response with the result.	D8, D9, DA, DB, DC, DD, DE, DF, E0.	False	claude-v1.3	None	None	None	0	1
You are a mathematician. Assuming that all numbers are in base-16 where the digits are "0123456789ABCDEF", what is the next number after E0? Do this by counting the few preceding numbers and completing the sequence. End the response with the result.	E1	False	claude-v1.3	None	None	None	0	1
You are a mathematician. Assuming that all numbers are in base-16 where the digits are "0123456789ABCDEF", what is the next number after EF? Do this by counting the few preceding numbers and completing the sequence. End the response with the result.	E0, E1, E2, E3, E4, E5, E6, E7, E8, E9, EA, EB, EC, ED, EE, EF, 100.	False	claude-v1.3	None	None	None	0	1
You are a mathematician. Assuming that all numbers are in base-16 where the digits are "0123456789ABCDEF", what is the next number after F0? Do this by counting the few preceding numbers and completing the sequence. End the response with the result.	E1	False	claude-v1.3	None	None	None	0	1
You are a mathematician. Assuming that all numbers are in base-16 where the digits are "0123456789ABCDEF", what is the next number after FF? Do this by counting the few preceding numbers and completing the sequence. End the response with the result.	F0, F1, F2, F3, F4, F5, F6, F7, F8, F9, FA, FB, FC, FD, FE, FF, 100.	False	claude-v1.3	None	None	None	0	1
You are a mathematician. Assuming that all numbers are in base-16 where the digits are "0123456789ABCDEF", what is the next number after 100? Do this by counting the few preceding numbers and completing the sequence. End the response with the result.	101	False	claude-v1.3	None	None	None	0	1
You are a mathematician. Assuming that all numbers are in base-16 where the digits are "0123456789ABCDEF", what is the next number after 10F? Do this by counting the few preceding numbers and completing the sequence. End the response with the result.	110	False	claude-v1.3	None	None	None	0	1
You are a mathematician. Assuming that all numbers are in base-16 where the digits are "0123456789ABCDEF", what is the next number after 110? Do this by counting the few preceding numbers and completing the sequence. End the response with the result.	111	False	claude-v1.3	None	None	None	0	1
You are a mathematician. Assuming that all numbers are in base-16 where the digits are "0123456789ABCDEF", what is the next number after 11F? Do this by counting the few preceding numbers and completing the sequence. End the response with the result.	120	False	claude-v1.3	None	None	None	0	1
You are a mathematician. Assuming that all numbers are in base-16 where the digits are "0123456789ABCDEF", what is the next number after 120? Do this by counting the few preceding numbers and completing the sequence. End the response with the result.	121	False	claude-v1.3	None	None	None	0	1
You are a mathematician. Assuming that all numbers are in base-16 where the digits are "0123456789ABCDEF", what is the next number after 12F? Do this by counting the few preceding numbers and completing the sequence. End the response with the result.	130	False	claude-v1.3	None	None	None	0	1
You are a mathematician. Assuming that all numbers are in base-16 where the digits are "0123456789ABCDEF", what is the next number after 130? Do this by counting the few preceding numbers and completing the sequence. End the response with the result.	131	False	claude-v1.3	None	None	None	0	1
You are a mathematician. Assuming that all numbers are in base-16 where the digits are "0123456789ABCDEF", what is the next number after 13F? Do this by counting the few preceding numbers and completing the sequence. End the response with the result.	13C, 13D, 13E, 13F, 140.	False	claude-v1.3	None	None	None	0	1
You are a mathematician. Assuming that all numbers are in base-16 where the digits are "0123456789ABCDEF", what is the next number after 140? Do this by counting the few preceding numbers and completing the sequence. End the response with the result.	141	False	claude-v1.3	None	None	None	0	1
You are a mathematician. Assuming that all numbers are in base-16 where the digits are "0123456789ABCDEF", what is the next number after 14F? Do this by counting the few preceding numbers and completing the sequence. End the response with the result.	150	False	claude-v1.3	None	None	None	0	1
You are a mathematician. Assuming that all numbers are in base-16 where the digits are "0123456789ABCDEF", what is the next number after 150? Do this by counting the few preceding numbers and completing the sequence. End the response with the result.	151	False	claude-v1.3	None	None	None	0	1
You are a mathematician. Assuming that all numbers are in base-16 where the digits are "0123456789ABCDEF", what is the next number after 15F? Do this by counting the few preceding numbers and completing the sequence. End the response with the result.	15C\n16\n17\n18\n19\n1A\n1B\n1F\n20	False	claude-v1.3	None	None	None	0	1
You are a mathematician. Assuming that all numbers are in base-16 where the digits are "0123456789ABCDEF", what is the next number after 160? Do this by counting the few preceding numbers and completing the sequence. End the response with the result.	156, 157, 158, 159, 15A, 15B, 15C, 15D, 15E, 15F, 160, 161.	False	claude-v1.3	None	None	None	0	1
You are a mathematician. Assuming that all numbers are in base-16 where the digits are "0123456789ABCDEF", what is the next number after 16F? Do this by counting the few preceding numbers and completing the sequence. End the response with the result.	170	False	claude-v1.3	None	None	None	0	1
You are a mathematician. Assuming that all numbers are in base-16 where the digits are "0123456789ABCDEF", what is the next number after 170? Do this by counting the few preceding numbers and completing the sequence. End the response with the result.	165, 166, 167, 168, 169, 16A, 16B, 16C, 16D, 16E, 16F, 170, 171.	False	claude-v1.3	None	None	None	0	1
You are a mathematician. Assuming that all numbers are in base-16 where the digits are "0123456789ABCDEF", what is the next number after 17F? Do this by counting the few preceding numbers and completing the sequence. End the response with the result.	180	False	claude-v1.3	None	None	None	0	1
You are a mathematician. Assuming that all numbers are in base-16 where the digits are "0123456789ABCDEF", what is the next number after 180? Do this by counting the few preceding numbers and completing the sequence. End the response with the result.	181	False	claude-v1.3	None	None	None	0	1
You are a mathematician. Assuming that all numbers are in base-16 where the digits are "0123456789ABCDEF", what is the next number after 18F? Do this by counting the few preceding numbers and completing the sequence. End the response with the result.	190	False	claude-v1.3	None	None	None	0	1
You are a mathematician. Assuming that all numbers are in base-16 where the digits are "0123456789ABCDEF", what is the next number after 190? Do this by counting the few preceding numbers and completing the sequence. End the response with the result.	191	False	claude-v1.3	None	None	None	0	1
You are a mathematician. Assuming that all numbers are in base-16 where the digits are "0123456789ABCDEF", what is the next number after 19F? Do this by counting the few preceding numbers and completing the sequence. End the response with the result.	1A0	False	claude-v1.3	None	None	None	0	1
You are a mathematician. Assuming that all numbers are in base-16 where the digits are "0123456789ABCDEF", what is the next number after 1A0? Do this by counting the few preceding numbers and completing the sequence. End the response with the result.	1A1	False	claude-v1.3	None	None	None	0	1
You are a mathematician. Assuming that all numbers are in base-16 where the digits are "0123456789ABCDEF", what is the next number after 1AF? Do this by counting the few preceding numbers and completing the sequence. End the response with the result.	1A0\n1A1 \n1A2\n1A3\n1A4\n1A5 \n1A6\n1A7\n1A8\n1A9\n1AA\n1AB\n1AC\n1AD\n1AE\n1AF\n1B0	False	claude-v1.3	None	None	None	0	1
You are a mathematician. Assuming that all numbers are in base-16 where the digits are "0123456789ABCDEF", what is the next number after 1B0? Do this by counting the few preceding numbers and completing the sequence. End the response with the result.	1A0\n1A1\n1A2\n1A3\n1A4\n1A5\n1A6\n1A7\n1A8\n1A9\n1AA\n1AB\n1AC\n1AD\n1AE\n1AF\n1B0\n1B1	False	claude-v1.3	None	None	None	0	1
You are a mathematician. Assuming that all numbers are in base-16 where the digits are "0123456789ABCDEF", what is the next number after 1BF? Do this by counting the few preceding numbers and completing the sequence. End the response with the result.	1B0\n1B1 \n1B2\n1B3\n1B4\n1B5\n1B6\n1B7\n1B8\n1B9\n1BA\n1BB\n1BC\n1BD\n1BE\n1BF\n1C0	False	claude-v1.3	None	None	None	0	1
You are a mathematician. Assuming that all numbers are in base-16 where the digits are "0123456789ABCDEF", what is the next number after 1C0? Do this by counting the few preceding numbers and completing the sequence. End the response with the result.	1B9, 1BA, 1BB, 1BC, 1BD, 1BE, 1BF, 1C0, 1C1	False	claude-v1.3	None	None	None	0	1
You are a mathematician. Assuming that all numbers are in base-16 where the digits are "0123456789ABCDEF", what is the next number after 1CF? Do this by counting the few preceding numbers and completing the sequence. End the response with the result.	1C0\n1C1 \n1C2\n1C3\n1C4\n1C5\n1C6\n1C7\n1C8\n1C9\n1CA\n1CB\n1CC\n1CD\n1CE\n1CF\n1D0	False	claude-v1.3	None	None	None	0	1
You are a mathematician. Assuming that all numbers are in base-16 where the digits are "0123456789ABCDEF", what is the next number after 1D0? Do this by counting the few preceding numbers and completing the sequence. End the response with the result.	1C9, 1CA, 1CB, 1CC, 1CD, 1CE, 1CF, 1D0, 1D1	False	claude-v1.3	None	None	None	0	1
You are a mathematician. Assuming that all numbers are in base-16 where the digits are "0123456789ABCDEF", what is the next number after 1DF? Do this by counting the few preceding numbers and completing the sequence. End the response with the result.	1D8\n1D9 \n1DA\n1DB\n1DC\n1DD\n1DE\n1DF\n1E0	False	claude-v1.3	None	None	None	0	1
You are a mathematician. Assuming that all numbers are in base-16 where the digits are "0123456789ABCDEF", what is the next number after 1E0? Do this by counting the few preceding numbers and completing the sequence. End the response with the result.	1D0\n1E0\n1F0	False	claude-v1.3	None	None	None	0	1
You are a mathematician. Assuming that all numbers are in base-16 where the digits are "0123456789ABCDEF", what is the next number after 1EF? Do this by counting the few preceding numbers and completing the sequence. End the response with the result.	1E0\n1E1\n1E2\n1E3\n1E4\n1E5\n1E6\n1E7\n1E8\n1E9\n1EA\n1EB\n1EC\n1ED\n1EE\n1EF\n1F0	False	claude-v1.3	None	None	None	0	1
You are a mathematician. Assuming that all numbers are in base-16 where the digits are "0123456789ABCDEF", what is the next number after 1F0? Do this by counting the few preceding numbers and completing the sequence. End the response with the result.	1E0\n1F0\n200	False	claude-v1.3	None	None	None	0	1
You are a mathematician. Assuming that all numbers are in base-16 where the digits are "0123456789ABCDEF", what is the next number after 1FF? Do this by counting the few preceding numbers and completing the sequence. End the response with the result.	1F0\n1F1 \n1F2\n1F3\n1F4\n1F5 \n1F6\n1F7\n1F8\n1F9\n1FA\n1FB\n1FC\n1FD\n1FE\n1FF\n200	False	claude-v1.3	None	None	None	0	1
You are a mathematician. Assuming that all numbers are in base-16 where the digits are "0123456789ABCDEF", what is the next number after 200? Do this by counting the few preceding numbers and completing the sequence. End the response with the result.	1F2	False	claude-v1.3	None	None	None	0	1
You are a mathematician. Assuming that all numbers are in base-16 where the digits are "0123456789ABCDEF", what is the next number after 20F? Do this by counting the few preceding numbers and completing the sequence. End the response with the result.	210	False	claude-v1.3	None	None	None	0	1
You are a mathematician. Assuming that all numbers are in base-16 where the digits are "0123456789ABCDEF", what is the next number after 210? Do this by counting the few preceding numbers and completing the sequence. End the response with the result.	20F	False	claude-v1.3	None	None	None	0	1
You are a mathematician. Assuming that all numbers are in base-16 where the digits are "0123456789ABCDEF", what is the next number after 21F? Do this by counting the few preceding numbers and completing the sequence. End the response with the result.	220	False	claude-v1.3	None	None	None	0	1
You are a mathematician. Assuming that all numbers are in base-16 where the digits are "0123456789ABCDEF", what is the next number after 220? Do this by counting the few preceding numbers and completing the sequence. End the response with the result.	21E	False	claude-v1.3	None	None	None	0	1
You are a mathematician. Assuming that all numbers are in base-16 where the digits are "0123456789ABCDEF", what is the next number after 22F? Do this by counting the few preceding numbers and completing the sequence. End the response with the result.	230	False	claude-v1.3	None	None	None	0	1
You are a mathematician. Assuming that all numbers are in base-16 where the digits are "0123456789ABCDEF", what is the next number after 230? Do this by counting the few preceding numbers and completing the sequence. End the response with the result.	225, 226, 227, 228, 229, 230, 231	False	claude-v1.3	None	None	None	0	1
You are a mathematician. Assuming that all numbers are in base-16 where the digits are "0123456789ABCDEF", what is the next number after 23F? Do this by counting the few preceding numbers and completing the sequence. End the response with the result.	23C\n23D \n23E\n23F\n240	False	claude-v1.3	None	None	None	0	1
You are a mathematician. Assuming that all numbers are in base-16 where the digits are "0123456789ABCDEF", what is the next number after 240? Do this by counting the few preceding numbers and completing the sequence. End the response with the result.	235, 236, 237, 238, 239, 240, 241.	False	claude-v1.3	None	None	None	0	1
You are a mathematician. Assuming that all numbers are in base-16 where the digits are "0123456789ABCDEF", what is the next number after 24F? Do this by counting the few preceding numbers and completing the sequence. End the response with the result.	250	False	claude-v1.3	None	None	None	0	1
You are a mathematician. Assuming that all numbers are in base-16 where the digits are "0123456789ABCDEF", what is the next number after 250? Do this by counting the few preceding numbers and completing the sequence. End the response with the result.	251	False	claude-v1.3	None	None	None	0	1
You are a mathematician. Assuming that all numbers are in base-16 where the digits are "0123456789ABCDEF", what is the next number after 25F? Do this by counting the few preceding numbers and completing the sequence. End the response with the result.	260	False	claude-v1.3	None	None	None	0	1
You are a mathematician. Assuming that all numbers are in base-16 where the digits are "0123456789ABCDEF", what is the next number after 260? Do this by counting the few preceding numbers and completing the sequence. End the response with the result.	261	False	claude-v1.3	None	None	None	0	1
You are a mathematician. Assuming that all numbers are in base-16 where the digits are "0123456789ABCDEF", what is the next number after 26F? Do this by counting the few preceding numbers and completing the sequence. End the response with the result.	270	False	claude-v1.3	None	None	None	0	1
You are a mathematician. Assuming that all numbers are in base-16 where the digits are "0123456789ABCDEF", what is the next number after 270? Do this by counting the few preceding numbers and completing the sequence. End the response with the result.	26F	False	claude-v1.3	None	None	None	0	1
You are a mathematician. Assuming that all numbers are in base-16 where the digits are "0123456789ABCDEF", what is the next number after 27F? Do this by counting the few preceding numbers and completing the sequence. End the response with the result.	280	False	claude-v1.3	None	None	None	0	1
You are a mathematician. Assuming that all numbers are in base-16 where the digits are "0123456789ABCDEF", what is the next number after 280? Do this by counting the few preceding numbers and completing the sequence. End the response with the result.	281	False	claude-v1.3	None	None	None	0	1
You are a mathematician. Assuming that all numbers are in base-16 where the digits are "0123456789ABCDEF", what is the next number after 28F? Do this by counting the few preceding numbers and completing the sequence. End the response with the result.	290	False	claude-v1.3	None	None	None	0	1
You are a mathematician. Assuming that all numbers are in base-16 where the digits are "0123456789ABCDEF", what is the next number after 290? Do this by counting the few preceding numbers and completing the sequence. End the response with the result.	291	False	claude-v1.3	None	None	None	0	1
You are a mathematician. Assuming that all numbers are in base-16 where the digits are "0123456789ABCDEF", what is the next number after 29F? Do this by counting the few preceding numbers and completing the sequence. End the response with the result.	2A0	False	claude-v1.3	None	None	None	0	1
You are a mathematician. Assuming that all numbers are in base-16 where the digits are "0123456789ABCDEF", what is the next number after 2A0? Do this by counting the few preceding numbers and completing the sequence. End the response with the result.	2A1	False	claude-v1.3	None	None	None	0	1
You are a mathematician. Assuming that all numbers are in base-16 where the digits are "0123456789ABCDEF", what is the next number after 2AF? Do this by counting the few preceding numbers and completing the sequence. End the response with the result.	2A0\n2A1 \n2A2\n2A3\n2A4\n2A5 \n2A6\n2A7\n2A8\n2A9\n2AA\n2AB\n2AC\n2AD\n2AE\n2AF\n2B0	False	claude-v1.3	None	None	None	0	1
You are a mathematician. Assuming that all numbers are in base-16 where the digits are "0123456789ABCDEF", what is the next number after 2B0? Do this by counting the few preceding numbers and completing the sequence. End the response with the result.	2A0\n2A1\n2A2\n2A3\n2A4\n2A5\n2A6\n2A7\n2A8\n2A9\n2AA\n2AB\n2AC\n2AD\n2AE\n2AF\n2B0\n2B1	False	claude-v1.3	None	None	None	0	1
You are a mathematician. Assuming that all numbers are in base-16 where the digits are "0123456789ABCDEF", what is the next number after 2BF? Do this by counting the few preceding numbers and completing the sequence. End the response with the result.	2B0\n2B1 \n2B2\n2B3\n2B4\n2B5 \n2B6\n2B7\n2B8\n2B9\n2BA\n2BB\n2BC\n2BD\n2BE\n2BF\n2C0	False	claude-v1.3	None	None	None	0	1
You are a mathematician. Assuming that all numbers are in base-16 where the digits are "0123456789ABCDEF", what is the next number after 2C0? Do this by counting the few preceding numbers and completing the sequence. End the response with the result.	2BD	False	claude-v1.3	None	None	None	0	1
You are a mathematician. Assuming that all numbers are in base-16 where the digits are "0123456789ABCDEF", what is the next number after 2CF? Do this by counting the few preceding numbers and completing the sequence. End the response with the result.	2C0\n2C1 \n2C2\n2C3\n2C4\n2C5\n2C6\n2C7\n2C8\n2C9\n2CA\n2CB\n2CC\n2CD\n2CE\n2CF\n2D0	False	claude-v1.3	None	None	None	0	1
You are a mathematician. Assuming that all numbers are in base-16 where the digits are "0123456789ABCDEF", what is the next number after 2D0? Do this by counting the few preceding numbers and completing the sequence. End the response with the result.	2C9, 2CA, 2CB, 2CC, 2CD, 2CE, 2CF, 2D0, 2D1	False	claude-v1.3	None	None	None	0	1
You are a mathematician. Assuming that all numbers are in base-16 where the digits are "0123456789ABCDEF", what is the next number after 2DF? Do this by counting the few preceding numbers and completing the sequence. End the response with the result.	2D0\n2D1 \n2D2\n2D3\n2D4\n2D5\n2D6\n2D7\n2D8\n2D9\n2DA\n2DB\n2DC\n2DD\n2DE\n2DF\n2E0	False	claude-v1.3	None	None	None	0	1
You are a mathematician. Assuming that all numbers are in base-16 where the digits are "0123456789ABCDEF", what is the next number after 2E0? Do this by counting the few preceding numbers and completing the sequence. End the response with the result.	2D0\n2E0\n2F0	False	claude-v1.3	None	None	None	0	1
You are a mathematician. Assuming that all numbers are in base-16 where the digits are "0123456789ABCDEF", what is the next number after 2EF? Do this by counting the few preceding numbers and completing the sequence. End the response with the result.	2E0\n2E1 \n2E2\n2E3\n2E4\n2E5 \n2E6\n2E7\n2E8\n2E9\n2EA\n2EB\n2EC\n2ED\n2EE\n2EF\n300	False	claude-v1.3	None	None	None	0	1
You are a mathematician. Assuming that all numbers are in base-16 where the digits are "0123456789ABCDEF", what is the next number after 2F0? Do this by counting the few preceding numbers and completing the sequence. End the response with the result.	2E0\n2E1\n2E2\n2E3\n2E4\n2E5\n2E6\n2E7\n2E8\n2E9\n2EA\n2EB\n2EC\n2ED\n2EE\n2EF\n300	False	claude-v1.3	None	None	None	0	1
You are a mathematician. Assuming that all numbers are in base-16 where the digits are "0123456789ABCDEF", what is the next number after 2FF? Do this by counting the few preceding numbers and completing the sequence. End the response with the result.	2F0\n2F1 \n2F2\n2F3\n2F4\n2F5 \n2F6\n2F7\n2F8\n2F9\n2FA\n2FB\n2FC\n2FD\n2FE\n2FF\n300	False	claude-v1.3	None	None	None	0	1
You are a mathematician. Assuming that all numbers are in base-16 where the digits are "0123456789ABCDEF", what is the next number after 300? Do this by counting the few preceding numbers and completing the sequence. End the response with the result.	2F1	False	claude-v1.3	None	None	None	0	1
You are a mathematician. Assuming that all numbers are in base-16 where the digits are "0123456789ABCDEF", what is the next number after 30F? Do this by counting the few preceding numbers and completing the sequence. End the response with the result.	310	False	claude-v1.3	None	None	None	0	1
You are a mathematician. Assuming that all numbers are in base-16 where the digits are "0123456789ABCDEF", what is the next number after 310? Do this by counting the few preceding numbers and completing the sequence. End the response with the result.	30F	False	claude-v1.3	None	None	None	0	1
You are a mathematician. Assuming that all numbers are in base-16 where the digits are "0123456789ABCDEF", what is the next number after 31F? Do this by counting the few preceding numbers and completing the sequence. End the response with the result.	320	False	claude-v1.3	None	None	None	0	1
You are a mathematician. Assuming that all numbers are in base-16 where the digits are "0123456789ABCDEF", what is the next number after 320? Do this by counting the few preceding numbers and completing the sequence. End the response with the result.	315, 316, 317, 318, 319, 31A.	False	claude-v1.3	None	None	None	0	1
You are a mathematician. Assuming that all numbers are in base-16 where the digits are "0123456789ABCDEF", what is the next number after 32F? Do this by counting the few preceding numbers and completing the sequence. End the response with the result.	330	False	claude-v1.3	None	None	None	0	1
You are a mathematician. Assuming that all numbers are in base-16 where the digits are "0123456789ABCDEF", what is the next number after 330? Do this by counting the few preceding numbers and completing the sequence. End the response with the result.	331	False	claude-v1.3	None	None	None	0	1
You are a mathematician. Assuming that all numbers are in base-16 where the digits are "0123456789ABCDEF", what is the next number after 33F? Do this by counting the few preceding numbers and completing the sequence. End the response with the result.	33C\n33D \n33E\n33F\n340	False	claude-v1.3	None	None	None	0	1
You are a mathematician. Assuming that all numbers are in base-16 where the digits are "0123456789ABCDEF", what is the next number after 340? Do this by counting the few preceding numbers and completing the sequence. End the response with the result.	341	False	claude-v1.3	None	None	None	0	1
You are a mathematician. Assuming that all numbers are in base-16 where the digits are "0123456789ABCDEF", what is the next number after 34F? Do this by counting the few preceding numbers and completing the sequence. End the response with the result.	340\n341\n342\n343\n344\n345\n346\n347\n348\n349\n34A\n34B\n34C\n34D\n34E\n34F\n350	False	claude-v1.3	None	None	None	0	1
You are a mathematician. Assuming that all numbers are in base-16 where the digits are "0123456789ABCDEF", what is the next number after 350? Do this by counting the few preceding numbers and completing the sequence. End the response with the result.	351	False	claude-v1.3	None	None	None	0	1
You are a mathematician. Assuming that all numbers are in base-16 where the digits are "0123456789ABCDEF", what is the next number after 35F? Do this by counting the few preceding numbers and completing the sequence. End the response with the result.	35C\n35D \n35E\n35F\n360	False	claude-v1.3	None	None	None	0	1
You are a mathematician. Assuming that all numbers are in base-16 where the digits are "0123456789ABCDEF", what is the next number after 360? Do this by counting the few preceding numbers and completing the sequence. End the response with the result.	356, 357, 358, 359, 360, 361.	False	claude-v1.3	None	None	None	0	1
You are a mathematician. Assuming that all numbers are in base-16 where the digits are "0123456789ABCDEF", what is the next number after 36F? Do this by counting the few preceding numbers and completing the sequence. End the response with the result.	370	False	claude-v1.3	None	None	None	0	1
You are a mathematician. Assuming that all numbers are in base-16 where the digits are "0123456789ABCDEF", what is the next number after 370? Do this by counting the few preceding numbers and completing the sequence. End the response with the result.	371	False	claude-v1.3	None	None	None	0	1
You are a mathematician. Assuming that all numbers are in base-16 where the digits are "0123456789ABCDEF", what is the next number after 37F? Do this by counting the few preceding numbers and completing the sequence. End the response with the result.	37C\n37D \n37E\n37F\n380	False	claude-v1.3	None	None	None	0	1
You are a mathematician. Assuming that all numbers are in base-16 where the digits are "0123456789ABCDEF", what is the next number after 380? Do this by counting the few preceding numbers and completing the sequence. End the response with the result.	381	False	claude-v1.3	None	None	None	0	1
You are a mathematician. Assuming that all numbers are in base-16 where the digits are "0123456789ABCDEF", what is the next number after 38F? Do this by counting the few preceding numbers and completing the sequence. End the response with the result.	386	False	claude-v1.3	None	None	None	0	1
You are a mathematician. Assuming that all numbers are in base-16 where the digits are "0123456789ABCDEF", what is the next number after 390? Do this by counting the few preceding numbers and completing the sequence. End the response with the result.	391	False	claude-v1.3	None	None	None	0	1
You are a mathematician. Assuming that all numbers are in base-16 where the digits are "0123456789ABCDEF", what is the next number after 39F? Do this by counting the few preceding numbers and completing the sequence. End the response with the result.	3A0	False	claude-v1.3	None	None	None	0	1
You are a mathematician. Assuming that all numbers are in base-16 where the digits are "0123456789ABCDEF", what is the next number after 3A0? Do this by counting the few preceding numbers and completing the sequence. End the response with the result.	3A1	False	claude-v1.3	None	None	None	0	1
You are a mathematician. Assuming that all numbers are in base-16 where the digits are "0123456789ABCDEF", what is the next number after 3AF? Do this by counting the few preceding numbers and completing the sequence. End the response with the result.	3A0\n3A1 \n3A2\n3A3\n3A4\n3A5 \n3A6\n3A7\n3A8\n3A9\n3AA\n3AB\n3AC\n3AD\n3AE\n3AF\n3B0	False	claude-v1.3	None	None	None	0	1
You are a mathematician. Assuming that all numbers are in base-16 where the digits are "0123456789ABCDEF", what is the next number after 3B0? Do this by counting the few preceding numbers and completing the sequence. End the response with the result.	3A0\n3A1\n3A2\n3A3\n3A4\n3A5\n3A6\n3A7\n3A8\n3A9\n3AA\n3AB\n3AC\n3AD\n3AE\n3AF\n3B0\n3B1	False	claude-v1.3	None	None	None	0	1
You are a mathematician. Assuming that all numbers are in base-16 where the digits are "0123456789ABCDEF", what is the next number after 3BF? Do this by counting the few preceding numbers and completing the sequence. End the response with the result.	3B0\n3B1 \n3B2\n3B3\n3B4\n3B5 \n3B6\n3B7\n3B8\n3B9\n3BA\n3BB\n3BC\n3BD\n3BE\n3BF\n3C0	False	claude-v1.3	None	None	None	0	1
You are a mathematician. Assuming that all numbers are in base-16 where the digits are "0123456789ABCDEF", what is the next number after 3C0? Do this by counting the few preceding numbers and completing the sequence. End the response with the result.	3B0\n3B1\n3B2\n3B3\n3B4\n3B5\n3B6\n3B7\n3B8\n3B9\n3BA\n3BB\n3BC\n3BD\n3BE\n3BF\n3C0\n3C1	False	claude-v1.3	None	None	None	0	1
You are a mathematician. Assuming that all numbers are in base-16 where the digits are "0123456789ABCDEF", what is the next number after 3CF? Do this by counting the few preceding numbers and completing the sequence. End the response with the result.	3C0\n3C1 \n3C2\n3C3\n3C4\n3C5\n3C6\n3C7\n3C8\n3C9\n3CA\n3CB\n3CC\n3CD\n3CE\n3CF\n3D0	False	claude-v1.3	None	None	None	0	1
You are a mathematician. Assuming that all numbers are in base-16 where the digits are "0123456789ABCDEF", what is the next number after 3D0? Do this by counting the few preceding numbers and completing the sequence. End the response with the result.	3C9\n3D0	False	claude-v1.3	None	None	None	0	1
You are a mathematician. Assuming that all numbers are in base-16 where the digits are "0123456789ABCDEF", what is the next number after 3DF? Do this by counting the few preceding numbers and completing the sequence. End the response with the result.	3D8\n3D9 \n3DA\n3DB\n3DC\n3DD\n3DE\n3DF\n3E0	False	claude-v1.3	None	None	None	0	1
You are a mathematician. Assuming that all numbers are in base-16 where the digits are "0123456789ABCDEF", what is the next number after 3E0? Do this by counting the few preceding numbers and completing the sequence. End the response with the result.	3D0\n3E0\n3F0	False	claude-v1.3	None	None	None	0	1
You are a mathematician. Assuming that all numbers are in base-16 where the digits are "0123456789ABCDEF", what is the next number after 3EF? Do this by counting the few preceding numbers and completing the sequence. End the response with the result.	3E0\n3E1 \n3E2\n3E3\n3E4\n3E5\n3E6\n3E7\n3E8\n3E9\n3EA\n3EB\n3EC\n3ED\n3EE\n3EF\n3F0	False	claude-v1.3	None	None	None	0	1
You are a mathematician. Assuming that all numbers are in base-16 where the digits are "0123456789ABCDEF", what is the next number after 3F0? Do this by counting the few preceding numbers and completing the sequence. End the response with the result.	3E0\n3E1 \n3E2\n3E3\n3E4\n3E5\n3E6\n3E7\n3E8\n3E9\n3EA\n3EB\n3EC\n3ED\n3EE\n3EF\n3F0\n3F1	False	claude-v1.3	None	None	None	0	1
You are a mathematician. Assuming that all numbers are in base-16 where the digits are "0123456789ABCDEF", what is the next number after 3FF? Do this by counting the few preceding numbers and completing the sequence. End the response with the result.	3F0\n3F1 \n3F2\n3F3\n3F4\n3F5\n3F6\n3F7\n3F8\n3F9\n3FA\n3FB\n3FC\n3FD\n3FE\n3FF\n400	False	claude-v1.3	None	None	None	0	1
You are a mathematician. Assuming that all numbers are in base-16 where the digits are "0123456789ABCDEF", what is the next number after 400? Do this by counting the few preceding numbers and completing the sequence. End the response with the result.	3F4	False	claude-v1.3	None	None	None	0	1
You are a mathematician. Assuming that all numbers are in base-16 where the digits are "0123456789ABCDEF", what is the next number after 40F? Do this by counting the few preceding numbers and completing the sequence. End the response with the result.	410	False	claude-v1.3	None	None	None	0	1
You are a mathematician. Assuming that all numbers are in base-16 where the digits are "0123456789ABCDEF", what is the next number after 410? Do this by counting the few preceding numbers and completing the sequence. End the response with the result.	40E	False	claude-v1.3	None	None	None	0	1
You are a mathematician. Assuming that all numbers are in base-16 where the digits are "0123456789ABCDEF", what is the next number after 41F? Do this by counting the few preceding numbers and completing the sequence. End the response with the result.	41C\n41D \n41E\n41F\n420	False	claude-v1.3	None	None	None	0	1
You are a mathematician. Assuming that all numbers are in base-16 where the digits are "0123456789ABCDEF", what is the next number after 420? Do this by counting the few preceding numbers and completing the sequence. End the response with the result.	415, 416, 417, 418, 419, 41A.	False	claude-v1.3	None	None	None	0	1
You are a mathematician. Assuming that all numbers are in base-16 where the digits are "0123456789ABCDEF", what is the next number after 42F? Do this by counting the few preceding numbers and completing the sequence. End the response with the result.	42C\n42D \n42E\n42F\n430	False	claude-v1.3	None	None	None	0	1
You are a mathematician. Assuming that all numbers are in base-16 where the digits are "0123456789ABCDEF", what is the next number after 430? Do this by counting the few preceding numbers and completing the sequence. End the response with the result.	425, 42A, 42F, 430, 431	False	claude-v1.3	None	None	None	0	1
You are a mathematician. Assuming that all numbers are in base-16 where the digits are "0123456789ABCDEF", what is the next number after 43F? Do this by counting the few preceding numbers and completing the sequence. End the response with the result.	43C\n43D \n43E\n43F\n440	False	claude-v1.3	None	None	None	0	1
You are a mathematician. Assuming that all numbers are in base-16 where the digits are "0123456789ABCDEF", what is the next number after 440? Do this by counting the few preceding numbers and completing the sequence. End the response with the result.	441	False	claude-v1.3	None	None	None	0	1
You are a mathematician. Assuming that all numbers are in base-16 where the digits are "0123456789ABCDEF", what is the next number after 44F? Do this by counting the few preceding numbers and completing the sequence. End the response with the result.	450	False	claude-v1.3	None	None	None	0	1
You are a mathematician. Assuming that all numbers are in base-16 where the digits are "0123456789ABCDEF", what is the next number after 450? Do this by counting the few preceding numbers and completing the sequence. End the response with the result.	446, 447, 448, 449, 450, 451.	False	claude-v1.3	None	None	None	0	1
You are a mathematician. Assuming that all numbers are in base-16 where the digits are "0123456789ABCDEF", what is the next number after 45F? Do this by counting the few preceding numbers and completing the sequence. End the response with the result.	45C\n45D \n45E\n45F\n460	False	claude-v1.3	None	None	None	0	1
You are a mathematician. Assuming that all numbers are in base-16 where the digits are "0123456789ABCDEF", what is the next number after 460? Do this by counting the few preceding numbers and completing the sequence. End the response with the result.	461	False	claude-v1.3	None	None	None	0	1
You are a mathematician. Assuming that all numbers are in base-16 where the digits are "0123456789ABCDEF", what is the next number after 46F? Do this by counting the few preceding numbers and completing the sequence. End the response with the result.	470	False	claude-v1.3	None	None	None	0	1
You are a mathematician. Assuming that all numbers are in base-16 where the digits are "0123456789ABCDEF", what is the next number after 470? Do this by counting the few preceding numbers and completing the sequence. End the response with the result.	471	False	claude-v1.3	None	None	None	0	1
You are a mathematician. Assuming that all numbers are in base-16 where the digits are "0123456789ABCDEF", what is the next number after 47F? Do this by counting the few preceding numbers and completing the sequence. End the response with the result.	480	False	claude-v1.3	None	None	None	0	1
You are a mathematician. Assuming that all numbers are in base-16 where the digits are "0123456789ABCDEF", what is the next number after 480? Do this by counting the few preceding numbers and completing the sequence. End the response with the result.	481	False	claude-v1.3	None	None	None	0	1
You are a mathematician. Assuming that all numbers are in base-16 where the digits are "0123456789ABCDEF", what is the next number after 48F? Do this by counting the few preceding numbers and completing the sequence. End the response with the result.	490	False	claude-v1.3	None	None	None	0	1
You are a mathematician. Assuming that all numbers are in base-16 where the digits are "0123456789ABCDEF", what is the next number after 490? Do this by counting the few preceding numbers and completing the sequence. End the response with the result.	491	False	claude-v1.3	None	None	None	0	1
You are a mathematician. Assuming that all numbers are in base-16 where the digits are "0123456789ABCDEF", what is the next number after 49F? Do this by counting the few preceding numbers and completing the sequence. End the response with the result.	4A0	False	claude-v1.3	None	None	None	0	1
You are a mathematician. Assuming that all numbers are in base-16 where the digits are "0123456789ABCDEF", what is the next number after 4A0? Do this by counting the few preceding numbers and completing the sequence. End the response with the result.	4A1	False	claude-v1.3	None	None	None	0	1
You are a mathematician. Assuming that all numbers are in base-16 where the digits are "0123456789ABCDEF", what is the next number after 4AF? Do this by counting the few preceding numbers and completing the sequence. End the response with the result.	4A0\n4A1 \n4A2\n4A3\n4A4\n4A5 \n4A6\n4A7\n4A8\n4A9\n4AA\n4AB\n4AC\n4AD\n4AE\n4AF\n4B0	False	claude-v1.3	None	None	None	0	1
You are a mathematician. Assuming that all numbers are in base-16 where the digits are "0123456789ABCDEF", what is the next number after 4B0? Do this by counting the few preceding numbers and completing the sequence. End the response with the result.	4A0\n4A1\n4A2\n4A3\n4A4\n4A5\n4A6\n4A7\n4A8\n4A9\n4AA\n4AB\n4AC\n4AD\n4AE\n4AF\n4B0\n4B1	False	claude-v1.3	None	None	None	0	1
You are a mathematician. Assuming that all numbers are in base-16 where the digits are "0123456789ABCDEF", what is the next number after 4BF? Do this by counting the few preceding numbers and completing the sequence. End the response with the result.	4B0\n4B1 \n4B2\n4B3\n4B4\n4B5 \n4B6\n4B7\n4B8\n4B9\n4BA\n4BB\n4BC\n4BD\n4BE\n4BF\n4C0	False	claude-v1.3	None	None	None	0	1
You are a mathematician. Assuming that all numbers are in base-16 where the digits are "0123456789ABCDEF", what is the next number after 4C0? Do this by counting the few preceding numbers and completing the sequence. End the response with the result.	4B9\n4BA \n4BB\n4BC\n4BD\n4BE\n4BF\n4C0\n4C1	False	claude-v1.3	None	None	None	0	1
You are a mathematician. Assuming that all numbers are in base-16 where the digits are "0123456789ABCDEF", what is the next number after 4CF? Do this by counting the few preceding numbers and completing the sequence. End the response with the result.	4C0\n4C1 \n4C2\n4C3\n4C4\n4C5 \n4C6\n4C7\n4C8\n4C9\n4CA\n4CB\n4CC\n4CD\n4CE\n4CF\n4D0	False	claude-v1.3	None	None	None	0	1
You are a mathematician. Assuming that all numbers are in base-16 where the digits are "0123456789ABCDEF", what is the next number after 4D0? Do this by counting the few preceding numbers and completing the sequence. End the response with the result.	4C9\n4CA\n4CB\n4CC\n4CD\n4CE\n4CF\n4D0\n4D1	False	claude-v1.3	None	None	None	0	1
You are a mathematician. Assuming that all numbers are in base-16 where the digits are "0123456789ABCDEF", what is the next number after 4DF? Do this by counting the few preceding numbers and completing the sequence. End the response with the result.	4D0\n4D1 \n4D2\n4D3\n4D4\n4D5 \n4D6\n4D7\n4D8\n4D9\n4DA\n4DB\n4DC\n4DD\n4DE\n4DF\n4E0	False	claude-v1.3	None	None	None	0	1
You are a mathematician. Assuming that all numbers are in base-16 where the digits are "0123456789ABCDEF", what is the next number after 4E0? Do this by counting the few preceding numbers and completing the sequence. End the response with the result.	4D0\n4E0\n4F0	False	claude-v1.3	None	None	None	0	1
You are a mathematician. Assuming that all numbers are in base-16 where the digits are "0123456789ABCDEF", what is the next number after 4EF? Do this by counting the few preceding numbers and completing the sequence. End the response with the result.	4E0\n4E1 \n4E2\n4E3\n4E4\n4E5 \n4E6\n4E7\n4E8\n4E9\n4EA\n4EB\n4EC\n4ED\n4EE\n4EF\n4F0	False	claude-v1.3	None	None	None	0	1
You are a mathematician. Assuming that all numbers are in base-16 where the digits are "0123456789ABCDEF", what is the next number after 4F0? Do this by counting the few preceding numbers and completing the sequence. End the response with the result.	4E9\n4EA\n4EB \n4EC\n4ED\n4EE\n4EF\n4F0\n4F1	False	claude-v1.3	None	None	None	0	1
You are a mathematician. Assuming that all numbers are in base-16 where the digits are "0123456789ABCDEF", what is the next number after 4FF? Do this by counting the few preceding numbers and completing the sequence. End the response with the result.	4F0\n4F1 \n4F2\n4F3\n4F4\n4F5\n4F6\n4F7\n4F8\n4F9\n4FA\n4FB\n4FC\n4FD\n4FE\n4FF\n500	False	claude-v1.3	None	None	None	0	1
You are a mathematician. Assuming that all numbers are in base-16 where the digits are "0123456789ABCDEF", what is the next number after 500? Do this by counting the few preceding numbers and completing the sequence. End the response with the result.	4F1	False	claude-v1.3	None	None	None	0	1
You are a mathematician. Assuming that all numbers are in base-16 where the digits are "0123456789ABCDEF", what is the next number after 50F? Do this by counting the few preceding numbers and completing the sequence. End the response with the result.	50C	False	claude-v1.3	None	None	None	0	1
You are a mathematician. Assuming that all numbers are in base-16 where the digits are "0123456789ABCDEF", what is the next number after 510? Do this by counting the few preceding numbers and completing the sequence. End the response with the result.	50E	False	claude-v1.3	None	None	None	0	1
You are a mathematician. Assuming that all numbers are in base-16 where the digits are "0123456789ABCDEF", what is the next number after 51F? Do this by counting the few preceding numbers and completing the sequence. End the response with the result.	51C\n51D \n51E\n51F\n520	False	claude-v1.3	None	None	None	0	1
You are a mathematician. Assuming that all numbers are in base-16 where the digits are "0123456789ABCDEF", what is the next number after 520? Do this by counting the few preceding numbers and completing the sequence. End the response with the result.	521	False	claude-v1.3	None	None	None	0	1
You are a mathematician. Assuming that all numbers are in base-16 where the digits are "0123456789ABCDEF", what is the next number after 52F? Do this by counting the few preceding numbers and completing the sequence. End the response with the result.	52C	False	claude-v1.3	None	None	None	0	1
You are a mathematician. Assuming that all numbers are in base-16 where the digits are "0123456789ABCDEF", what is the next number after 530? Do this by counting the few preceding numbers and completing the sequence. End the response with the result.	531	False	claude-v1.3	None	None	None	0	1
You are a mathematician. Assuming that all numbers are in base-16 where the digits are "0123456789ABCDEF", what is the next number after 53F? Do this by counting the few preceding numbers and completing the sequence. End the response with the result.	53C\n53D \n53E\n53F\n540	False	claude-v1.3	None	None	None	0	1
You are a mathematician. Assuming that all numbers are in base-16 where the digits are "0123456789ABCDEF", what is the next number after 540? Do this by counting the few preceding numbers and completing the sequence. End the response with the result.	535, 536, 537, 538, 539, 540, 541	False	claude-v1.3	None	None	None	0	1
You are a mathematician. Assuming that all numbers are in base-16 where the digits are "0123456789ABCDEF", what is the next number after 54F? Do this by counting the few preceding numbers and completing the sequence. End the response with the result.	550	False	claude-v1.3	None	None	None	0	1
You are a mathematician. Assuming that all numbers are in base-16 where the digits are "0123456789ABCDEF", what is the next number after 550? Do this by counting the few preceding numbers and completing the sequence. End the response with the result.	551	False	claude-v1.3	None	None	None	0	1
You are a mathematician. Assuming that all numbers are in base-16 where the digits are "0123456789ABCDEF", what is the next number after 55F? Do this by counting the few preceding numbers and completing the sequence. End the response with the result.	558, 559, 55A, 55B, 55C, 55D, 55E, 55F, 560.	False	claude-v1.3	None	None	None	0	1
You are a mathematician. Assuming that all numbers are in base-16 where the digits are "0123456789ABCDEF", what is the next number after 560? Do this by counting the few preceding numbers and completing the sequence. End the response with the result.	561	False	claude-v1.3	None	None	None	0	1
You are a mathematician. Assuming that all numbers are in base-16 where the digits are "0123456789ABCDEF", what is the next number after 56F? Do this by counting the few preceding numbers and completing the sequence. End the response with the result.	570	False	claude-v1.3	None	None	None	0	1
You are a mathematician. Assuming that all numbers are in base-16 where the digits are "0123456789ABCDEF", what is the next number after 570? Do this by counting the few preceding numbers and completing the sequence. End the response with the result.	571	False	claude-v1.3	None	None	None	0	1
You are a mathematician. Assuming that all numbers are in base-16 where the digits are "0123456789ABCDEF", what is the next number after 57F? Do this by counting the few preceding numbers and completing the sequence. End the response with the result.	580	False	claude-v1.3	None	None	None	0	1
You are a mathematician. Assuming that all numbers are in base-16 where the digits are "0123456789ABCDEF", what is the next number after 580? Do this by counting the few preceding numbers and completing the sequence. End the response with the result.	581	False	claude-v1.3	None	None	None	0	1
You are a mathematician. Assuming that all numbers are in base-16 where the digits are "0123456789ABCDEF", what is the next number after 58F? Do this by counting the few preceding numbers and completing the sequence. End the response with the result.	590	False	claude-v1.3	None	None	None	0	1
You are a mathematician. Assuming that all numbers are in base-16 where the digits are "0123456789ABCDEF", what is the next number after 590? Do this by counting the few preceding numbers and completing the sequence. End the response with the result.	591	False	claude-v1.3	None	None	None	0	1
You are a mathematician. Assuming that all numbers are in base-16 where the digits are "0123456789ABCDEF", what is the next number after 59F? Do this by counting the few preceding numbers and completing the sequence. End the response with the result.	5A0	False	claude-v1.3	None	None	None	0	1
You are a mathematician. Assuming that all numbers are in base-16 where the digits are "0123456789ABCDEF", what is the next number after 5A0? Do this by counting the few preceding numbers and completing the sequence. End the response with the result.	595, 596, 597, 598, 599, 59A, 59B, 59C, 59D, 59E, 59F, 5A0, 5A1	False	claude-v1.3	None	None	None	0	1
You are a mathematician. Assuming that all numbers are in base-16 where the digits are "0123456789ABCDEF", what is the next number after 5AF? Do this by counting the few preceding numbers and completing the sequence. End the response with the result.	5A0\n5A1 \n5A2\n5A3\n5A4\n5A5\n5A6\n5A7\n5A8\n5A9\n5AA\n5AB\n5AC\n5AD\n5AE\n5AF\n5B0	False	claude-v1.3	None	None	None	0	1
You are a mathematician. Assuming that all numbers are in base-16 where the digits are "0123456789ABCDEF", what is the next number after 5B0? Do this by counting the few preceding numbers and completing the sequence. End the response with the result.	5A0\n5B0\n5C0	False	claude-v1.3	None	None	None	0	1
You are a mathematician. Assuming that all numbers are in base-16 where the digits are "0123456789ABCDEF", what is the next number after 5BF? Do this by counting the few preceding numbers and completing the sequence. End the response with the result.	5B0\n5B1 \n5B2\n5B3\n5B4\n5B5\n5B6\n5B7\n5B8\n5B9\n5BA\n5BB\n5BC\n5BD\n5BE\n5BF\n5C0	False	claude-v1.3	None	None	None	0	1
You are a mathematician. Assuming that all numbers are in base-16 where the digits are "0123456789ABCDEF", what is the next number after 5C0? Do this by counting the few preceding numbers and completing the sequence. End the response with the result.	5B0\n5B1\n5B2\n5B3\n5B4\n5B5\n5B6\n5B7\n5B8\n5B9\n5BA\n5BB\n5BC\n5BD\n5BE\n5BF\n5C0\n5C1	False	claude-v1.3	None	None	None	0	1
You are a mathematician. Assuming that all numbers are in base-16 where the digits are "0123456789ABCDEF", what is the next number after 5CF? Do this by counting the few preceding numbers and completing the sequence. End the response with the result.	5C0\n5C1 \n5C2\n5C3\n5C4\n5C5\n5C6\n5C7\n5C8\n5C9\n5CA\n5CB\n5CC\n5CD\n5CE\n5CF\n5D0	False	claude-v1.3	None	None	None	0	1
You are a mathematician. Assuming that all numbers are in base-16 where the digits are "0123456789ABCDEF", what is the next number after 5D0? Do this by counting the few preceding numbers and completing the sequence. End the response with the result.	5C0, 5C1, 5C2, 5C3, 5C4, 5C5, 5C6, 5C7, 5C8, 5C9, 5CA, 5CB, 5CC, 5CD, 5CE, 5CF, 5D0, 5D1	False	claude-v1.3	None	None	None	0	1
You are a mathematician. Assuming that all numbers are in base-16 where the digits are "0123456789ABCDEF", what is the next number after 5DF? Do this by counting the few preceding numbers and completing the sequence. End the response with the result.	5D0\n5D1 \n5D2\n5D3\n5D4\n5D5\n5D6\n5D7\n5D8\n5D9\n5DA\n5DB\n5DC\n5DD\n5DE\n5DF\n5E0	False	claude-v1.3	None	None	None	0	1
You are a mathematician. Assuming that all numbers are in base-16 where the digits are "0123456789ABCDEF", what is the next number after 5E0? Do this by counting the few preceding numbers and completing the sequence. End the response with the result.	5D0\n5E0\n5F0	False	claude-v1.3	None	None	None	0	1
You are a mathematician. Assuming that all numbers are in base-16 where the digits are "0123456789ABCDEF", what is the next number after 5EF? Do this by counting the few preceding numbers and completing the sequence. End the response with the result.	5E0\n5E1 \n5E2\n5E3\n5E4\n5E5\n5E6\n5E7\n5E8\n5E9\n5EA\n5EB\n5EC\n5ED\n5EE\n5EF\n600	False	claude-v1.3	None	None	None	0	1
You are a mathematician. Assuming that all numbers are in base-16 where the digits are "0123456789ABCDEF", what is the next number after 5F0? Do this by counting the few preceding numbers and completing the sequence. End the response with the result.	5E0\n5F0\n600	False	claude-v1.3	None	None	None	0	1
You are a mathematician. Assuming that all numbers are in base-16 where the digits are "0123456789ABCDEF", what is the next number after 5FF? Do this by counting the few preceding numbers and completing the sequence. End the response with the result.	5F0\n5F1 \n5F2\n5F3\n5F4\n5F5\n5F6\n5F7\n5F8\n5F9\n5FA\n5FB\n5FC\n5FD\n5FE\n5FF\n600	False	claude-v1.3	None	None	None	0	1
You are a mathematician. Assuming that all numbers are in base-16 where the digits are "0123456789ABCDEF", what is the next number after 600? Do this by counting the few preceding numbers and completing the sequence. End the response with the result.	5F6	False	claude-v1.3	None	None	None	0	1
You are a mathematician. Assuming that all numbers are in base-16 where the digits are "0123456789ABCDEF", what is the next number after 60F? Do this by counting the few preceding numbers and completing the sequence. End the response with the result.	610	False	claude-v1.3	None	None	None	0	1
You are a mathematician. Assuming that all numbers are in base-16 where the digits are "0123456789ABCDEF", what is the next number after 610? Do this by counting the few preceding numbers and completing the sequence. End the response with the result.	608, 609, 610, 611	False	claude-v1.3	None	None	None	0	1
You are a mathematician. Assuming that all numbers are in base-16 where the digits are "0123456789ABCDEF", what is the next number after 61F? Do this by counting the few preceding numbers and completing the sequence. End the response with the result.	620	False	claude-v1.3	None	None	None	0	1
You are a mathematician. Assuming that all numbers are in base-16 where the digits are "0123456789ABCDEF", what is the next number after 620? Do this by counting the few preceding numbers and completing the sequence. End the response with the result.	615, 616, 617, 618, 619, 61A	False	claude-v1.3	None	None	None	0	1
You are a mathematician. Assuming that all numbers are in base-16 where the digits are "0123456789ABCDEF", what is the next number after 62F? Do this by counting the few preceding numbers and completing the sequence. End the response with the result.	630	False	claude-v1.3	None	None	None	0	1
You are a mathematician. Assuming that all numbers are in base-16 where the digits are "0123456789ABCDEF", what is the next number after 630? Do this by counting the few preceding numbers and completing the sequence. End the response with the result.	631	False	claude-v1.3	None	None	None	0	1
You are a mathematician. Assuming that all numbers are in base-16 where the digits are "0123456789ABCDEF", what is the next number after 63F? Do this by counting the few preceding numbers and completing the sequence. End the response with the result.	63C\n63D \n63E\n63F\n640	False	claude-v1.3	None	None	None	0	1
