You are a mathematician. Assuming that all numbers are in base-11 where the digits are "0123456789A", what is the next number after 0? Do this by counting the few preceding numbers and completing the sequence. End the response with the result.	In base-11, the counting sequence goes as follows: 0, 1, 2, 3, 4, 5, 6, 7, 8, 9, A. So, the next number after 0 is 1.	False	gpt-4-0314	None	None	None	0	1
You are a mathematician. Assuming that all numbers are in base-11 where the digits are "0123456789A", what is the next number after A? Do this by counting the few preceding numbers and completing the sequence. End the response with the result.	In base-11, the counting sequence goes as follows: 8, 9, A, 10. So, the next number after A is 10.	False	gpt-4-0314	None	None	None	0	1
You are a mathematician. Assuming that all numbers are in base-11 where the digits are "0123456789A", what is the next number after 10? Do this by counting the few preceding numbers and completing the sequence. End the response with the result.	8, 9, A, 10, 11	False	gpt-4-0314	None	None	None	0	1
You are a mathematician. Assuming that all numbers are in base-11 where the digits are "0123456789A", what is the next number after 1A? Do this by counting the few preceding numbers and completing the sequence. End the response with the result.	In base-11, the sequence would look like this: ... 16, 17, 18, 19, 1A, 20. So, the next number after 1A is 20.	False	gpt-4-0314	None	None	None	0	1
You are a mathematician. Assuming that all numbers are in base-11 where the digits are "0123456789A", what is the next number after 20? Do this by counting the few preceding numbers and completing the sequence. End the response with the result.	In base-11, counting goes as follows: 18, 19, 1A, 20, 21. So, the next number after 20 is 21.	False	gpt-4-0314	None	None	None	0	1
You are a mathematician. Assuming that all numbers are in base-11 where the digits are "0123456789A", what is the next number after 2A? Do this by counting the few preceding numbers and completing the sequence. End the response with the result.	The sequence in base-11 would look like this: 27, 28, 29, 2A, 2B. So, the next number after 2A is 2B.	False	gpt-4-0314	None	None	None	0	1
You are a mathematician. Assuming that all numbers are in base-11 where the digits are "0123456789A", what is the next number after 30? Do this by counting the few preceding numbers and completing the sequence. End the response with the result.	The sequence in base-11 would look like this: 27, 28, 29, 2A, 30, 31. So, the next number after 30 is 31.	False	gpt-4-0314	None	None	None	0	1
You are a mathematician. Assuming that all numbers are in base-11 where the digits are "0123456789A", what is the next number after 3A? Do this by counting the few preceding numbers and completing the sequence. End the response with the result.	The sequence in base-11 would look like this: 37, 38, 39, 3A, 40. So, the next number after 3A is 40.	False	gpt-4-0314	None	None	None	0	1
You are a mathematician. Assuming that all numbers are in base-11 where the digits are "0123456789A", what is the next number after 40? Do this by counting the few preceding numbers and completing the sequence. End the response with the result.	The sequence in base-11 would look like this: 37, 38, 39, 3A, 40, 41. So, the next number after 40 in base-11 is 41.	False	gpt-4-0314	None	None	None	0	1
You are a mathematician. Assuming that all numbers are in base-11 where the digits are "0123456789A", what is the next number after 4A? Do this by counting the few preceding numbers and completing the sequence. End the response with the result.	In base-11, the sequence would look like this: 46, 47, 48, 49, 4A, 50.	False	gpt-4-0314	None	None	None	0	1
You are a mathematician. Assuming that all numbers are in base-11 where the digits are "0123456789A", what is the next number after 50? Do this by counting the few preceding numbers and completing the sequence. End the response with the result.	48, 49, 4A, 50, 51	False	gpt-4-0314	None	None	None	0	1
You are a mathematician. Assuming that all numbers are in base-11 where the digits are "0123456789A", what is the next number after 5A? Do this by counting the few preceding numbers and completing the sequence. End the response with the result.	The sequence would be: 56, 57, 58, 59, 5A, 60.	False	gpt-4-0314	None	None	None	0	1
You are a mathematician. Assuming that all numbers are in base-11 where the digits are "0123456789A", what is the next number after 60? Do this by counting the few preceding numbers and completing the sequence. End the response with the result.	58, 59, 5A, 60, 61	False	gpt-4-0314	None	None	None	0	1
You are a mathematician. Assuming that all numbers are in base-11 where the digits are "0123456789A", what is the next number after 6A? Do this by counting the few preceding numbers and completing the sequence. End the response with the result.	The sequence in base-11 would be: 67, 68, 69, 6A, 70. So, the next number after 6A is 70.	False	gpt-4-0314	None	None	None	0	1
You are a mathematician. Assuming that all numbers are in base-11 where the digits are "0123456789A", what is the next number after 70? Do this by counting the few preceding numbers and completing the sequence. End the response with the result.	The sequence in base-11 would look like this: 66, 67, 68, 69, 6A, 70, 71. So, the next number after 70 is 71.	False	gpt-4-0314	None	None	None	0	1
You are a mathematician. Assuming that all numbers are in base-11 where the digits are "0123456789A", what is the next number after 7A? Do this by counting the few preceding numbers and completing the sequence. End the response with the result.	In base-11, the sequence would look like this: 76, 77, 78, 79, 7A, 80. So, the next number after 7A is 80.	False	gpt-4-0314	None	None	None	0	1
You are a mathematician. Assuming that all numbers are in base-11 where the digits are "0123456789A", what is the next number after 80? Do this by counting the few preceding numbers and completing the sequence. End the response with the result.	In base-11, counting goes like this: 77, 78, 79, 7A, 80, 81, 82, 83, 84, 85, 86, 87, 88, 89, 8A, 90. So, the next number after 80 is 81.	False	gpt-4-0314	None	None	None	0	1
You are a mathematician. Assuming that all numbers are in base-11 where the digits are "0123456789A", what is the next number after 8A? Do this by counting the few preceding numbers and completing the sequence. End the response with the result.	In base-11, the sequence would look like this: 87, 88, 89, 8A, 90. So, the next number after 8A is 90.	False	gpt-4-0314	None	None	None	0	1
You are a mathematician. Assuming that all numbers are in base-11 where the digits are "0123456789A", what is the next number after 90? Do this by counting the few preceding numbers and completing the sequence. End the response with the result.	In base-11, counting goes as follows: 87, 88, 89, 8A, 90, 91. So, the next number after 90 is 91.	False	gpt-4-0314	None	None	None	0	1
You are a mathematician. Assuming that all numbers are in base-11 where the digits are "0123456789A", what is the next number after 9A? Do this by counting the few preceding numbers and completing the sequence. End the response with the result.	In base-11, the sequence would look like this: 97, 98, 99, 9A, A0. So, the next number after 9A is A0.	False	gpt-4-0314	None	None	None	0	1
You are a mathematician. Assuming that all numbers are in base-11 where the digits are "0123456789A", what is the next number after A0? Do this by counting the few preceding numbers and completing the sequence. End the response with the result.	In base-11, counting goes as follows: 98, 99, 9A, A0, A1. So, the next number after A0 is A1.	False	gpt-4-0314	None	None	None	0	1
You are a mathematician. Assuming that all numbers are in base-11 where the digits are "0123456789A", what is the next number after AA? Do this by counting the few preceding numbers and completing the sequence. End the response with the result.	The sequence would look like this: A7, A8, A9, AA, AB. So, the next number after AA is AB.	False	gpt-4-0314	None	None	None	0	1
You are a mathematician. Assuming that all numbers are in base-11 where the digits are "0123456789A", what is the next number after 100? Do this by counting the few preceding numbers and completing the sequence. End the response with the result.	98, 99, 9A, 100, 101	False	gpt-4-0314	None	None	None	0	1
You are a mathematician. Assuming that all numbers are in base-11 where the digits are "0123456789A", what is the next number after 10A? Do this by counting the few preceding numbers and completing the sequence. End the response with the result.	In base-11, the sequence would look like this: 106, 107, 108, 109, 10A, 110. So the next number after 10A is 110.	False	gpt-4-0314	None	None	None	0	1
You are a mathematician. Assuming that all numbers are in base-11 where the digits are "0123456789A", what is the next number after 110? Do this by counting the few preceding numbers and completing the sequence. End the response with the result.	The sequence in base-11 would look like this: 106, 107, 108, 109, 10A, 110, 111.	False	gpt-4-0314	None	None	None	0	1
You are a mathematician. Assuming that all numbers are in base-11 where the digits are "0123456789A", what is the next number after 11A? Do this by counting the few preceding numbers and completing the sequence. End the response with the result.	The sequence would look like this: 118, 119, 11A, 120. So, the next number after 11A is 120.	False	gpt-4-0314	None	None	None	0	1
You are a mathematician. Assuming that all numbers are in base-11 where the digits are "0123456789A", what is the next number after 120? Do this by counting the few preceding numbers and completing the sequence. End the response with the result.	The sequence in base-11 would look like this: 116, 117, 118, 119, 11A, 120, 121. So, the next number after 120 is 121.	False	gpt-4-0314	None	None	None	0	1
You are a mathematician. Assuming that all numbers are in base-11 where the digits are "0123456789A", what is the next number after 12A? Do this by counting the few preceding numbers and completing the sequence. End the response with the result.	The sequence in base-11 would look like this: 127, 128, 129, 12A, 130. So, the next number after 12A is 130.	False	gpt-4-0314	None	None	None	0	1
You are a mathematician. Assuming that all numbers are in base-11 where the digits are "0123456789A", what is the next number after 130? Do this by counting the few preceding numbers and completing the sequence. End the response with the result.	The sequence in base-11 would be: 126, 127, 128, 129, 12A, 130, 131. So, the next number after 130 is 131.	False	gpt-4-0314	None	None	None	0	1
You are a mathematician. Assuming that all numbers are in base-11 where the digits are "0123456789A", what is the next number after 13A? Do this by counting the few preceding numbers and completing the sequence. End the response with the result.	The sequence in base-11 would look like this: 137, 138, 139, 13A, 140. So, the next number after 13A is 140.	False	gpt-4-0314	None	None	None	0	1
You are a mathematician. Assuming that all numbers are in base-11 where the digits are "0123456789A", what is the next number after 140? Do this by counting the few preceding numbers and completing the sequence. End the response with the result.	The sequence would be: 137, 138, 139, 13A, 140, 141. So, the next number after 140 is 141.	False	gpt-4-0314	None	None	None	0	1
You are a mathematician. Assuming that all numbers are in base-11 where the digits are "0123456789A", what is the next number after 14A? Do this by counting the few preceding numbers and completing the sequence. End the response with the result.	The sequence in base-11 would look like this: 146, 147, 148, 149, 14A, 150. So, the next number after 14A is 150.	False	gpt-4-0314	None	None	None	0	1
You are a mathematician. Assuming that all numbers are in base-11 where the digits are "0123456789A", what is the next number after 150? Do this by counting the few preceding numbers and completing the sequence. End the response with the result.	The sequence in base-11 would be:\n\n147, 148, 149, 14A, 150, 151	False	gpt-4-0314	None	None	None	0	1
You are a mathematician. Assuming that all numbers are in base-11 where the digits are "0123456789A", what is the next number after 15A? Do this by counting the few preceding numbers and completing the sequence. End the response with the result.	The sequence in base-11 would look like this: 157, 158, 159, 15A, 160. So, the next number after 15A is 160.	False	gpt-4-0314	None	None	None	0	1
You are a mathematician. Assuming that all numbers are in base-11 where the digits are "0123456789A", what is the next number after 160? Do this by counting the few preceding numbers and completing the sequence. End the response with the result.	The sequence in base-11 would be:\n\n157, 158, 159, 15A, 160, 161	False	gpt-4-0314	None	None	None	0	1
You are a mathematician. Assuming that all numbers are in base-11 where the digits are "0123456789A", what is the next number after 16A? Do this by counting the few preceding numbers and completing the sequence. End the response with the result.	The sequence in base-11 would look like this: 165, 166, 167, 168, 169, 16A, 170.	False	gpt-4-0314	None	None	None	0	1
You are a mathematician. Assuming that all numbers are in base-11 where the digits are "0123456789A", what is the next number after 170? Do this by counting the few preceding numbers and completing the sequence. End the response with the result.	The sequence in base-11 would be:\n\n167, 168, 169, 16A, 170, 171	False	gpt-4-0314	None	None	None	0	1
You are a mathematician. Assuming that all numbers are in base-11 where the digits are "0123456789A", what is the next number after 17A? Do this by counting the few preceding numbers and completing the sequence. End the response with the result.	The sequence would look like this: 175, 176, 177, 178, 179, 17A, 180.	False	gpt-4-0314	None	None	None	0	1
You are a mathematician. Assuming that all numbers are in base-11 where the digits are "0123456789A", what is the next number after 180? Do this by counting the few preceding numbers and completing the sequence. End the response with the result.	The sequence would be: 177, 178, 179, 17A, 180, 181. So, the next number after 180 is 181.	False	gpt-4-0314	None	None	None	0	1
You are a mathematician. Assuming that all numbers are in base-11 where the digits are "0123456789A", what is the next number after 18A? Do this by counting the few preceding numbers and completing the sequence. End the response with the result.	Let's count the preceding numbers in base-11:\n\n186, 187, 188, 189, 18A, ...\n\nThe next number after 18A in base-11 would be 190.	False	gpt-4-0314	None	None	None	0	1
You are a mathematician. Assuming that all numbers are in base-11 where the digits are "0123456789A", what is the next number after 190? Do this by counting the few preceding numbers and completing the sequence. End the response with the result.	188, 189, 190, 191	False	gpt-4-0314	None	None	None	0	1
You are a mathematician. Assuming that all numbers are in base-11 where the digits are "0123456789A", what is the next number after 19A? Do this by counting the few preceding numbers and completing the sequence. End the response with the result.	The sequence in base-11 would look like this: 196, 197, 198, 199, 19A, 1A0. So, the next number after 19A is 1A0.	False	gpt-4-0314	None	None	None	0	1
You are a mathematician. Assuming that all numbers are in base-11 where the digits are "0123456789A", what is the next number after 1A0? Do this by counting the few preceding numbers and completing the sequence. End the response with the result.	The sequence in base-11 would look like this: 196, 197, 198, 199, 19A, 1A0, 1A1. So, the next number after 1A0 is 1A1.	False	gpt-4-0314	None	None	None	0	1
You are a mathematician. Assuming that all numbers are in base-11 where the digits are "0123456789A", what is the next number after 1AA? Do this by counting the few preceding numbers and completing the sequence. End the response with the result.	The sequence would look like this:\n\n1A7, 1A8, 1A9, 1AA, 1AB\n\nSo, the next number after 1AA is 1AB.	False	gpt-4-0314	None	None	None	0	1
You are a mathematician. Assuming that all numbers are in base-11 where the digits are "0123456789A", what is the next number after 200? Do this by counting the few preceding numbers and completing the sequence. End the response with the result.	198, 199, 19A, 1A0, 1A1, 1A2, 201	False	gpt-4-0314	None	None	None	0	1
You are a mathematician. Assuming that all numbers are in base-11 where the digits are "0123456789A", what is the next number after 20A? Do this by counting the few preceding numbers and completing the sequence. End the response with the result.	The sequence in base-11 would look like this: 207, 208, 209, 20A, 210. So the next number after 20A is 210.	False	gpt-4-0314	None	None	None	0	1
You are a mathematician. Assuming that all numbers are in base-11 where the digits are "0123456789A", what is the next number after 210? Do this by counting the few preceding numbers and completing the sequence. End the response with the result.	The sequence in base-11 would look like this: 206, 207, 208, 209, 20A, 210, 211. So, the next number after 210 is 211.	False	gpt-4-0314	None	None	None	0	1
You are a mathematician. Assuming that all numbers are in base-11 where the digits are "0123456789A", what is the next number after 21A? Do this by counting the few preceding numbers and completing the sequence. End the response with the result.	The sequence in base-11 would look like this: 217, 218, 219, 21A, 220.	False	gpt-4-0314	None	None	None	0	1
You are a mathematician. Assuming that all numbers are in base-11 where the digits are "0123456789A", what is the next number after 220? Do this by counting the few preceding numbers and completing the sequence. End the response with the result.	The sequence in base-11 would look like this: 216, 217, 218, 219, 21A, 220, 221. So, the next number after 220 is 221.	False	gpt-4-0314	None	None	None	0	1
You are a mathematician. Assuming that all numbers are in base-11 where the digits are "0123456789A", what is the next number after 22A? Do this by counting the few preceding numbers and completing the sequence. End the response with the result.	The sequence in base-11 would look like this: 226, 227, 228, 229, 22A, 230. So, the next number after 22A is 230.	False	gpt-4-0314	None	None	None	0	1
You are a mathematician. Assuming that all numbers are in base-11 where the digits are "0123456789A", what is the next number after 230? Do this by counting the few preceding numbers and completing the sequence. End the response with the result.	The sequence in base-11 would look like this: 226, 227, 228, 229, 22A, 230, 231. So, the next number after 230 is 231.	False	gpt-4-0314	None	None	None	0	1
You are a mathematician. Assuming that all numbers are in base-11 where the digits are "0123456789A", what is the next number after 23A? Do this by counting the few preceding numbers and completing the sequence. End the response with the result.	The sequence in base-11 would look like this: 237, 238, 239, 23A, 240. So, the next number after 23A is 240.	False	gpt-4-0314	None	None	None	0	1
You are a mathematician. Assuming that all numbers are in base-11 where the digits are "0123456789A", what is the next number after 240? Do this by counting the few preceding numbers and completing the sequence. End the response with the result.	The sequence in base-11 would look like this: 236, 237, 238, 239, 23A, 240, 241. So, the next number after 240 is 241.	False	gpt-4-0314	None	None	None	0	1
You are a mathematician. Assuming that all numbers are in base-11 where the digits are "0123456789A", what is the next number after 24A? Do this by counting the few preceding numbers and completing the sequence. End the response with the result.	The sequence in base-11 would look like this: 245, 246, 247, 248, 249, 24A, 250.	False	gpt-4-0314	None	None	None	0	1
You are a mathematician. Assuming that all numbers are in base-11 where the digits are "0123456789A", what is the next number after 250? Do this by counting the few preceding numbers and completing the sequence. End the response with the result.	The sequence in base-11 would look like this: 245, 246, 247, 248, 249, 24A, 250, 251. So, the next number after 250 is 251.	False	gpt-4-0314	None	None	None	0	1
You are a mathematician. Assuming that all numbers are in base-11 where the digits are "0123456789A", what is the next number after 25A? Do this by counting the few preceding numbers and completing the sequence. End the response with the result.	The sequence in base-11 would look like this: 256, 257, 258, 259, 25A, 260. So, the next number after 25A is 260.	False	gpt-4-0314	None	None	None	0	1
You are a mathematician. Assuming that all numbers are in base-11 where the digits are "0123456789A", what is the next number after 260? Do this by counting the few preceding numbers and completing the sequence. End the response with the result.	The sequence in base-11 would look like this: 256, 257, 258, 259, 25A, 260, 261. So, the next number after 260 is 261.	False	gpt-4-0314	None	None	None	0	1
You are a mathematician. Assuming that all numbers are in base-11 where the digits are "0123456789A", what is the next number after 26A? Do this by counting the few preceding numbers and completing the sequence. End the response with the result.	The sequence in base-11 would look like this: 267, 268, 269, 26A, 270. So, the next number after 26A is 270.	False	gpt-4-0314	None	None	None	0	1
You are a mathematician. Assuming that all numbers are in base-11 where the digits are "0123456789A", what is the next number after 270? Do this by counting the few preceding numbers and completing the sequence. End the response with the result.	The sequence in base-11 would look like this: 267, 268, 269, 26A, 270, 271. So the next number after 270 is 271.	False	gpt-4-0314	None	None	None	0	1
You are a mathematician. Assuming that all numbers are in base-11 where the digits are "0123456789A", what is the next number after 27A? Do this by counting the few preceding numbers and completing the sequence. End the response with the result.	The sequence in base-11 would look like this: 275, 276, 277, 278, 279, 27A, 280. So, the next number after 27A is 280.	False	gpt-4-0314	None	None	None	0	1
You are a mathematician. Assuming that all numbers are in base-11 where the digits are "0123456789A", what is the next number after 280? Do this by counting the few preceding numbers and completing the sequence. End the response with the result.	The sequence in base-11 would look like this: 277, 278, 279, 27A, 280, 281. So, the next number after 280 is 281.	False	gpt-4-0314	None	None	None	0	1
You are a mathematician. Assuming that all numbers are in base-11 where the digits are "0123456789A", what is the next number after 28A? Do this by counting the few preceding numbers and completing the sequence. End the response with the result.	The sequence in base-11 would look like this: 287, 288, 289, 28A, 28B. So the next number after 28A is 28B.	False	gpt-4-0314	None	None	None	0	1
You are a mathematician. Assuming that all numbers are in base-11 where the digits are "0123456789A", what is the next number after 290? Do this by counting the few preceding numbers and completing the sequence. End the response with the result.	The sequence in base-11 would look like this: 287, 288, 289, 290, 291. So, the next number after 290 in base-11 is 291.	False	gpt-4-0314	None	None	None	0	1
You are a mathematician. Assuming that all numbers are in base-11 where the digits are "0123456789A", what is the next number after 29A? Do this by counting the few preceding numbers and completing the sequence. End the response with the result.	The sequence in base-11 would look like this: 297, 298, 299, 29A, 2A0. So, the next number after 29A is 2A0.	False	gpt-4-0314	None	None	None	0	1
You are a mathematician. Assuming that all numbers are in base-11 where the digits are "0123456789A", what is the next number after 2A0? Do this by counting the few preceding numbers and completing the sequence. End the response with the result.	The sequence in base-11 would look like this: 297, 298, 299, 29A, 2A0, 2A1. So, the next number after 2A0 is 2A1.	False	gpt-4-0314	None	None	None	0	1
You are a mathematician. Assuming that all numbers are in base-11 where the digits are "0123456789A", what is the next number after 2AA? Do this by counting the few preceding numbers and completing the sequence. End the response with the result.	The sequence would look like this:\n\n2A7, 2A8, 2A9, 2AA, 2AB\n\nSo, the next number after 2AA is 2AB.	False	gpt-4-0314	None	None	None	0	1
You are a mathematician. Assuming that all numbers are in base-11 where the digits are "0123456789A", what is the next number after 300? Do this by counting the few preceding numbers and completing the sequence. End the response with the result.	The sequence in base-11 would look like this: 297, 298, 299, 29A, 300, 301. So the next number after 300 is 301.	False	gpt-4-0314	None	None	None	0	1
You are a mathematician. Assuming that all numbers are in base-11 where the digits are "0123456789A", what is the next number after 30A? Do this by counting the few preceding numbers and completing the sequence. End the response with the result.	The sequence in base-11 would look like this: 307, 308, 309, 30A, 310. So, the next number after 30A is 310.	False	gpt-4-0314	None	None	None	0	1
You are a mathematician. Assuming that all numbers are in base-11 where the digits are "0123456789A", what is the next number after 310? Do this by counting the few preceding numbers and completing the sequence. End the response with the result.	The sequence in base-11 would look like this: 307, 308, 309, 30A, 310, 311. So the next number after 310 is 311.	False	gpt-4-0314	None	None	None	0	1
You are a mathematician. Assuming that all numbers are in base-11 where the digits are "0123456789A", what is the next number after 31A? Do this by counting the few preceding numbers and completing the sequence. End the response with the result.	The sequence in base-11 would look like this: 317, 318, 319, 31A, 320. So, the next number after 31A is 320.	False	gpt-4-0314	None	None	None	0	1
You are a mathematician. Assuming that all numbers are in base-11 where the digits are "0123456789A", what is the next number after 320? Do this by counting the few preceding numbers and completing the sequence. End the response with the result.	The sequence in base-11 would look like this: 317, 318, 319, 31A, 320, 321. So the next number after 320 is 321.	False	gpt-4-0314	None	None	None	0	1
You are a mathematician. Assuming that all numbers are in base-11 where the digits are "0123456789A", what is the next number after 32A? Do this by counting the few preceding numbers and completing the sequence. End the response with the result.	The sequence in base-11 would look like this: 325, 326, 327, 328, 329, 32A, 330.	False	gpt-4-0314	None	None	None	0	1
You are a mathematician. Assuming that all numbers are in base-11 where the digits are "0123456789A", what is the next number after 330? Do this by counting the few preceding numbers and completing the sequence. End the response with the result.	The sequence in base-11 would look like this: 327, 328, 329, 32A, 330, 331. So, the next number after 330 is 331.	False	gpt-4-0314	None	None	None	0	1
You are a mathematician. Assuming that all numbers are in base-11 where the digits are "0123456789A", what is the next number after 33A? Do this by counting the few preceding numbers and completing the sequence. End the response with the result.	The sequence in base-11 would look like this: 337, 338, 339, 33A, 340. So the next number after 33A is 340.	False	gpt-4-0314	None	None	None	0	1
You are a mathematician. Assuming that all numbers are in base-11 where the digits are "0123456789A", what is the next number after 340? Do this by counting the few preceding numbers and completing the sequence. End the response with the result.	The sequence in base-11 would look like this: 336, 337, 338, 339, 33A, 340, 341. So, the next number after 340 is 341.	False	gpt-4-0314	None	None	None	0	1
You are a mathematician. Assuming that all numbers are in base-11 where the digits are "0123456789A", what is the next number after 34A? Do this by counting the few preceding numbers and completing the sequence. End the response with the result.	The sequence in base-11 would look like this: 345, 346, 347, 348, 349, 34A, 34B.	False	gpt-4-0314	None	None	None	0	1
You are a mathematician. Assuming that all numbers are in base-11 where the digits are "0123456789A", what is the next number after 350? Do this by counting the few preceding numbers and completing the sequence. End the response with the result.	The sequence in base-11 would look like this: 345, 346, 347, 348, 349, 34A, 350, 351. So, the next number after 350 is 351.	False	gpt-4-0314	None	None	None	0	1
You are a mathematician. Assuming that all numbers are in base-11 where the digits are "0123456789A", what is the next number after 35A? Do this by counting the few preceding numbers and completing the sequence. End the response with the result.	The sequence in base-11 would look like this: 356, 357, 358, 359, 35A, 360.	False	gpt-4-0314	None	None	None	0	1
You are a mathematician. Assuming that all numbers are in base-11 where the digits are "0123456789A", what is the next number after 360? Do this by counting the few preceding numbers and completing the sequence. End the response with the result.	The sequence would look like this: 356, 357, 358, 359, 35A, 360, 361. So, the next number after 360 is 361.	False	gpt-4-0314	None	None	None	0	1
You are a mathematician. Assuming that all numbers are in base-11 where the digits are "0123456789A", what is the next number after 36A? Do this by counting the few preceding numbers and completing the sequence. End the response with the result.	The sequence in base-11 would look like this: 367, 368, 369, 36A, 370. So the next number after 36A is 370.	False	gpt-4-0314	None	None	None	0	1
You are a mathematician. Assuming that all numbers are in base-11 where the digits are "0123456789A", what is the next number after 370? Do this by counting the few preceding numbers and completing the sequence. End the response with the result.	358, 359, 36A, 370, 371	False	gpt-4-0314	None	None	None	0	1
You are a mathematician. Assuming that all numbers are in base-11 where the digits are "0123456789A", what is the next number after 37A? Do this by counting the few preceding numbers and completing the sequence. End the response with the result.	The sequence in base-11 would look like this: 375, 376, 377, 378, 379, 37A, 380. So the next number after 37A is 380.	False	gpt-4-0314	None	None	None	0	1
You are a mathematician. Assuming that all numbers are in base-11 where the digits are "0123456789A", what is the next number after 380? Do this by counting the few preceding numbers and completing the sequence. End the response with the result.	The sequence would be: 377, 378, 379, 380, 381. So, the next number after 380 is 381.	False	gpt-4-0314	None	None	None	0	1
You are a mathematician. Assuming that all numbers are in base-11 where the digits are "0123456789A", what is the next number after 38A? Do this by counting the few preceding numbers and completing the sequence. End the response with the result.	The sequence in base-11 would look like this: 386, 387, 388, 389, 38A, 390. So the next number after 38A is 390.	False	gpt-4-0314	None	None	None	0	1
You are a mathematician. Assuming that all numbers are in base-11 where the digits are "0123456789A", what is the next number after 390? Do this by counting the few preceding numbers and completing the sequence. End the response with the result.	388, 389, 39A, 3A0	False	gpt-4-0314	None	None	None	0	1
You are a mathematician. Assuming that all numbers are in base-11 where the digits are "0123456789A", what is the next number after 39A? Do this by counting the few preceding numbers and completing the sequence. End the response with the result.	The sequence in base-11 would look like this: 397, 398, 399, 39A, 3A0. So, the next number after 39A is 3A0.	False	gpt-4-0314	None	None	None	0	1
You are a mathematician. Assuming that all numbers are in base-11 where the digits are "0123456789A", what is the next number after 3A0? Do this by counting the few preceding numbers and completing the sequence. End the response with the result.	The sequence would look like this: 397, 398, 399, 39A, 3A0, 3A1. So, the next number after 3A0 is 3A1.	False	gpt-4-0314	None	None	None	0	1
You are a mathematician. Assuming that all numbers are in base-11 where the digits are "0123456789A", what is the next number after 3AA? Do this by counting the few preceding numbers and completing the sequence. End the response with the result.	The sequence would look like this:\n\n3A7, 3A8, 3A9, 3AA, 3AB\n\nSo, the next number after 3AA is 3AB.	False	gpt-4-0314	None	None	None	0	1
You are a mathematician. Assuming that all numbers are in base-11 where the digits are "0123456789A", what is the next number after 400? Do this by counting the few preceding numbers and completing the sequence. End the response with the result.	The sequence in base-11 would look like this: 396, 397, 398, 399, 39A, 400, 401. So, the next number after 400 is 401.	False	gpt-4-0314	None	None	None	0	1
You are a mathematician. Assuming that all numbers are in base-11 where the digits are "0123456789A", what is the next number after 40A? Do this by counting the few preceding numbers and completing the sequence. End the response with the result.	The sequence in base-11 would look like this: 407, 408, 409, 40A, 410. So, the next number after 40A is 410.	False	gpt-4-0314	None	None	None	0	1
You are a mathematician. Assuming that all numbers are in base-11 where the digits are "0123456789A", what is the next number after 410? Do this by counting the few preceding numbers and completing the sequence. End the response with the result.	The sequence in base-11 would look like this: 407, 408, 409, 40A, 411. So, the next number after 410 in base-11 is 411.	False	gpt-4-0314	None	None	None	0	1
You are a mathematician. Assuming that all numbers are in base-11 where the digits are "0123456789A", what is the next number after 41A? Do this by counting the few preceding numbers and completing the sequence. End the response with the result.	The sequence would look like this: 416, 417, 418, 419, 41A, 420.	False	gpt-4-0314	None	None	None	0	1
You are a mathematician. Assuming that all numbers are in base-11 where the digits are "0123456789A", what is the next number after 420? Do this by counting the few preceding numbers and completing the sequence. End the response with the result.	The sequence in base-11 would look like this: 417, 418, 419, 420, 421. So, the next number after 420 is 421.	False	gpt-4-0314	None	None	None	0	1
You are a mathematician. Assuming that all numbers are in base-11 where the digits are "0123456789A", what is the next number after 42A? Do this by counting the few preceding numbers and completing the sequence. End the response with the result.	In base-11, counting goes as follows: 40, 41, 42, 43, 44, 45, 46, 47, 48, 49, 4A, 50, 51, 52, 53, 54, 55, 56, 57, 58, 59, 5A, 60, 61, 62, 63, 64, 65, 66, 67, 68, 69, 6A, 70, 71, 72, 73, 74, 75, 76, 77, 78, 79, 7A, 80, 81, 82, 83, 84, 85, 86, 87, 88, 89, 8A, 90, 91, 92, 93, 94, 95, 96, 97, 98, 99, 9A, A0, A1, A2, A3, A4, A5, A6, A7, A8, A9, AA, 100, 101, 102, 103, 104, 105, 106, 107, 108, 109, 10A, 110, 111, 112, 113, 114, 115, 116, 117, 118, 119, 11A, 120, 121, 122, 123, 124, 125, 126, 127, 128, 129, 12A, 130, 131, 132, 133, 134, 135, 136, 137, 138, 139, 13A, 140, 141, 142, 143, 144, 145, 146, 147, 148, 149, 14A, 150, 151, 152, 153, 154, 155, 156, 157, 158, 159, 15A, 160, 161, 162, 163, 164, 165, 166, 167, 168, 169, 16A, 170, 171, 172, 173, 174, 175, 176, 177, 178, 179, 17A, 180, 181, 182, 183, 184, 185, 186, 187, 188, 189, 18A, 190, 191, 192, 193, 194, 195, 196, 197, 198, 199, 19A, 1A0, 1A1, 1A2, 1A3, 1A4, 1A5, 1A6, 1A7, 1A8, 1A9, 1AA, 200, 201, 202, 203, 204, 205, 206, 207, 208, 209, 20A, 210, 211, 212, 213, 214, 215, 216, 217, 218, 219, 21A, 220, 221, 222, 223, 224, 225, 226, 227, 228, 229, 22A, 230, 231, 232, 233, 234, 235, 236, 237, 238, 239, 23A, 240, 241, 242, 243, 244, 245, 246, 247, 248, 249, 24A, 250, 251, 252, 253, 254, 255, 256, 257, 258, 259, 25A, 260, 261, 262, 263, 264, 265, 266, 267, 268, 269, 26A, 270, 271, 272, 273, 274, 275, 276, 277, 278, 279, 27A, 280, 281, 282, 283, 284, 285, 286, 287, 288, 289, 28A, 290, 291, 292, 293, 294, 295, 296, 297, 298, 299, 29A, 2A0, 2A1, 2A2, 2A3, 2A4, 2A5, 2A6, 2A7, 2A8, 2A9, 2AA, 300, 301, 302, 303, 304, 305, 306, 307, 308, 309, 30A, 310, 311, 312, 313, 314, 315, 316, 317, 318, 319, 31A, 320, 321, 322, 323, 324, 325, 326, 327, 328, 329, 32A, 330, 331, 332, 333, 334, 335, 336, 337, 338, 339, 33A, 340, 341, 342, 343, 344, 345, 346, 347, 348, 349, 34A, 350, 351, 352, 353, 354, 355, 356, 357, 358, 359, 35A, 360, 361, 362, 363, 364, 365, 366, 367, 368, 369, 36A, 370, 371, 372, 373, 374, 375, 376, 377, 378, 379, 37A, 380, 381, 382, 383, 384, 385, 386, 387, 388, 389, 38A, 390, 391, 392, 393, 394, 395, 396, 397, 398, 399, 39A, 3A0, 3A1, 3A2, 3A3, 3A4, 3A5, 3A6, 3A7, 3A8, 3A9, 3AA, 400, 401, 402, 403, 404, 405, 406, 407, 408, 409, 40A, 410, 411, 412, 413, 414, 415, 416, 417, 418, 419, 41A, 420, 421, 422, 423, 424, 425, 426, 427, 428, 429, 42A, 430.\n\nSo, the next number after 42A is 430.	False	gpt-4-0314	None	None	None	0	1
You are a mathematician. Assuming that all numbers are in base-11 where the digits are "0123456789A", what is the next number after 430? Do this by counting the few preceding numbers and completing the sequence. End the response with the result.	The sequence in base-11 would look like this: 427, 428, 429, 430, 431. So, the next number after 430 is 431.	False	gpt-4-0314	None	None	None	0	1
You are a mathematician. Assuming that all numbers are in base-11 where the digits are "0123456789A", what is the next number after 43A? Do this by counting the few preceding numbers and completing the sequence. End the response with the result.	The sequence would look like this: 437, 438, 439, 43A, 440. So, the next number after 43A is 440.	False	gpt-4-0314	None	None	None	0	1
You are a mathematician. Assuming that all numbers are in base-11 where the digits are "0123456789A", what is the next number after 440? Do this by counting the few preceding numbers and completing the sequence. End the response with the result.	The sequence in base-11 would look like this: 437, 438, 439, 440, 441. So, the next number after 440 is 441.	False	gpt-4-0314	None	None	None	0	1
You are a mathematician. Assuming that all numbers are in base-11 where the digits are "0123456789A", what is the next number after 44A? Do this by counting the few preceding numbers and completing the sequence. End the response with the result.	The sequence in base-11 would look like this: 446, 447, 448, 449, 44A, 450.	False	gpt-4-0314	None	None	None	0	1
You are a mathematician. Assuming that all numbers are in base-11 where the digits are "0123456789A", what is the next number after 450? Do this by counting the few preceding numbers and completing the sequence. End the response with the result.	The sequence in base-11 would look like this: 446, 447, 448, 449, 450, 451. So, the next number after 450 is 451.	False	gpt-4-0314	None	None	None	0	1
You are a mathematician. Assuming that all numbers are in base-11 where the digits are "0123456789A", what is the next number after 45A? Do this by counting the few preceding numbers and completing the sequence. End the response with the result.	The sequence in base-11 would look like this: 455, 456, 457, 458, 459, 45A, 460.	False	gpt-4-0314	None	None	None	0	1
You are a mathematician. Assuming that all numbers are in base-11 where the digits are "0123456789A", what is the next number after 460? Do this by counting the few preceding numbers and completing the sequence. End the response with the result.	458, 459, 46A, 470	False	gpt-4-0314	None	None	None	0	1
You are a mathematician. Assuming that all numbers are in base-11 where the digits are "0123456789A", what is the next number after 46A? Do this by counting the few preceding numbers and completing the sequence. End the response with the result.	The sequence in base-11 would look like this: 467, 468, 469, 46A, 470. So the next number after 46A is 470.	False	gpt-4-0314	None	None	None	0	1
You are a mathematician. Assuming that all numbers are in base-11 where the digits are "0123456789A", what is the next number after 470? Do this by counting the few preceding numbers and completing the sequence. End the response with the result.	The sequence in base-11 would look like this: 466, 467, 468, 469, 46A, 470, 471. So, the next number after 470 is 471.	False	gpt-4-0314	None	None	None	0	1
You are a mathematician. Assuming that all numbers are in base-11 where the digits are "0123456789A", what is the next number after 47A? Do this by counting the few preceding numbers and completing the sequence. End the response with the result.	The sequence in base-11 would look like this: 476, 477, 478, 479, 47A, 480.	False	gpt-4-0314	None	None	None	0	1
You are a mathematician. Assuming that all numbers are in base-11 where the digits are "0123456789A", what is the next number after 480? Do this by counting the few preceding numbers and completing the sequence. End the response with the result.	The sequence would look like this: 477, 478, 479, 480, 481. So, the next number after 480 is 481.	False	gpt-4-0314	None	None	None	0	1
You are a mathematician. Assuming that all numbers are in base-11 where the digits are "0123456789A", what is the next number after 48A? Do this by counting the few preceding numbers and completing the sequence. End the response with the result.	The sequence in base-11 would look like this: 486, 487, 488, 489, 48A, 48B. So, the next number after 48A is 48B.	False	gpt-4-0314	None	None	None	0	1
You are a mathematician. Assuming that all numbers are in base-11 where the digits are "0123456789A", what is the next number after 490? Do this by counting the few preceding numbers and completing the sequence. End the response with the result.	The sequence in base-11 would look like this: 487, 488, 489, 490, 491, 492, 493, 494, 495, 496, 497, 498, 499, 49A, 4A0. So, the next number after 490 in base-11 is 491.	False	gpt-4-0314	None	None	None	0	1
You are a mathematician. Assuming that all numbers are in base-11 where the digits are "0123456789A", what is the next number after 49A? Do this by counting the few preceding numbers and completing the sequence. End the response with the result.	The sequence would look like this: 497, 498, 499, 49A, 4A0. So, the next number after 49A is 4A0.	False	gpt-4-0314	None	None	None	0	1
You are a mathematician. Assuming that all numbers are in base-11 where the digits are "0123456789A", what is the next number after 4A0? Do this by counting the few preceding numbers and completing the sequence. End the response with the result.	The sequence would look like this:\n\n4A0\n4A1\n4A2\n4A3\n4A4\n4A5\n4A6\n4A7\n4A8\n4A9\n4AA\n\nSo, the next number after 4A0 is 4A1.	False	gpt-4-0314	None	None	None	0	1
You are a mathematician. Assuming that all numbers are in base-11 where the digits are "0123456789A", what is the next number after 4AA? Do this by counting the few preceding numbers and completing the sequence. End the response with the result.	The sequence would look like this:\n\n4A7, 4A8, 4A9, 4AA, 4AB\n\nSo, the next number after 4AA is 4AB.	False	gpt-4-0314	None	None	None	0	1
You are a mathematician. Assuming that all numbers are in base-11 where the digits are "0123456789A", what is the next number after 500? Do this by counting the few preceding numbers and completing the sequence. End the response with the result.	498, 499, 4A0, 4A1, 4A2, 501	False	gpt-4-0314	None	None	None	0	1
You are a mathematician. Assuming that all numbers are in base-11 where the digits are "0123456789A", what is the next number after 50A? Do this by counting the few preceding numbers and completing the sequence. End the response with the result.	The sequence would look like this: 507, 508, 509, 50A, 510.	False	gpt-4-0314	None	None	None	0	1
You are a mathematician. Assuming that all numbers are in base-11 where the digits are "0123456789A", what is the next number after 510? Do this by counting the few preceding numbers and completing the sequence. End the response with the result.	The sequence in base-11 would look like this: 507, 508, 509, 50A, 511. So, the next number after 510 in base-11 is 511.	False	gpt-4-0314	None	None	None	0	1
You are a mathematician. Assuming that all numbers are in base-11 where the digits are "0123456789A", what is the next number after 51A? Do this by counting the few preceding numbers and completing the sequence. End the response with the result.	The sequence in base-11 would look like this: 515, 516, 517, 518, 519, 51A, 520.	False	gpt-4-0314	None	None	None	0	1
You are a mathematician. Assuming that all numbers are in base-11 where the digits are "0123456789A", what is the next number after 520? Do this by counting the few preceding numbers and completing the sequence. End the response with the result.	The sequence in base-11 would look like this: 517, 518, 519, 51A, 520, 521. So, the next number after 520 is 521.	False	gpt-4-0314	None	None	None	0	1
You are a mathematician. Assuming that all numbers are in base-11 where the digits are "0123456789A", what is the next number after 52A? Do this by counting the few preceding numbers and completing the sequence. End the response with the result.	The sequence in base-11 would look like this: 527, 528, 529, 52A, 530.	False	gpt-4-0314	None	None	None	0	1
You are a mathematician. Assuming that all numbers are in base-11 where the digits are "0123456789A", what is the next number after 530? Do this by counting the few preceding numbers and completing the sequence. End the response with the result.	The sequence in base-11 would look like this: 527, 528, 529, 52A, 531. So, the next number after 530 in base-11 is 531.	False	gpt-4-0314	None	None	None	0	1
You are a mathematician. Assuming that all numbers are in base-11 where the digits are "0123456789A", what is the next number after 53A? Do this by counting the few preceding numbers and completing the sequence. End the response with the result.	The sequence would be: 537, 538, 539, 53A, 53B.	False	gpt-4-0314	None	None	None	0	1
You are a mathematician. Assuming that all numbers are in base-11 where the digits are "0123456789A", what is the next number after 540? Do this by counting the few preceding numbers and completing the sequence. End the response with the result.	The sequence in base-11 would look like this: 536, 537, 538, 539, 53A, 540, 541. So, the next number after 540 is 541.	False	gpt-4-0314	None	None	None	0	1
You are a mathematician. Assuming that all numbers are in base-11 where the digits are "0123456789A", what is the next number after 54A? Do this by counting the few preceding numbers and completing the sequence. End the response with the result.	The sequence in base-11 would look like this: 545, 546, 547, 548, 549, 54A, 550.	False	gpt-4-0314	None	None	None	0	1
You are a mathematician. Assuming that all numbers are in base-11 where the digits are "0123456789A", what is the next number after 550? Do this by counting the few preceding numbers and completing the sequence. End the response with the result.	The sequence in base-11 would look like this: 545, 546, 547, 548, 549, 54A, 550, 551. So, the next number after 550 is 551.	False	gpt-4-0314	None	None	None	0	1
You are a mathematician. Assuming that all numbers are in base-11 where the digits are "0123456789A", what is the next number after 55A? Do this by counting the few preceding numbers and completing the sequence. End the response with the result.	The sequence in base-11 would look like this:\n\n556, 557, 558, 559, 55A, 560	False	gpt-4-0314	None	None	None	0	1
You are a mathematician. Assuming that all numbers are in base-11 where the digits are "0123456789A", what is the next number after 560? Do this by counting the few preceding numbers and completing the sequence. End the response with the result.	558, 559, 560, 561	False	gpt-4-0314	None	None	None	0	1
You are a mathematician. Assuming that all numbers are in base-11 where the digits are "0123456789A", what is the next number after 56A? Do this by counting the few preceding numbers and completing the sequence. End the response with the result.	The sequence in base-11 would look like this: 556, 557, 558, 559, 55A, 560, 561, 562, 563, 564, 565, 566, 567, 568, 569, 56A, 56B.	False	gpt-4-0314	None	None	None	0	1
You are a mathematician. Assuming that all numbers are in base-11 where the digits are "0123456789A", what is the next number after 570? Do this by counting the few preceding numbers and completing the sequence. End the response with the result.	558, 559, 560, 561, 562, 563, 564, 565, 566, 567, 568, 569, 56A, 570, 571	False	gpt-4-0314	None	None	None	0	1
You are a mathematician. Assuming that all numbers are in base-11 where the digits are "0123456789A", what is the next number after 57A? Do this by counting the few preceding numbers and completing the sequence. End the response with the result.	The sequence would be: 576, 577, 578, 579, 57A, 580.	False	gpt-4-0314	None	None	None	0	1
You are a mathematician. Assuming that all numbers are in base-11 where the digits are "0123456789A", what is the next number after 580? Do this by counting the few preceding numbers and completing the sequence. End the response with the result.	576, 577, 578, 579, 580, 581	False	gpt-4-0314	None	None	None	0	1
You are a mathematician. Assuming that all numbers are in base-11 where the digits are "0123456789A", what is the next number after 58A? Do this by counting the few preceding numbers and completing the sequence. End the response with the result.	The sequence would be: 587, 588, 589, 58A, 58B.	False	gpt-4-0314	None	None	None	0	1
You are a mathematician. Assuming that all numbers are in base-11 where the digits are "0123456789A", what is the next number after 590? Do this by counting the few preceding numbers and completing the sequence. End the response with the result.	The sequence in base-11 would look like this: 587, 588, 589, 590, 591, 592, 593, 594, 595, 596, 597, 598, 599, 59A, 5A0. So, the next number after 590 in base-11 is 591.	False	gpt-4-0314	None	None	None	0	1
You are a mathematician. Assuming that all numbers are in base-11 where the digits are "0123456789A", what is the next number after 59A? Do this by counting the few preceding numbers and completing the sequence. End the response with the result.	The sequence in base-11 would look like this: 597, 598, 599, 59A, 5A0. So, the next number after 59A is 5A0.	False	gpt-4-0314	None	None	None	0	1
You are a mathematician. Assuming that all numbers are in base-11 where the digits are "0123456789A", what is the next number after 5A0? Do this by counting the few preceding numbers and completing the sequence. End the response with the result.	The sequence would look like this: 59A, 59B, 5A0, 5A1. So, the next number after 5A0 is 5A1.	False	gpt-4-0314	None	None	None	0	1
You are a mathematician. Assuming that all numbers are in base-11 where the digits are "0123456789A", what is the next number after 5AA? Do this by counting the few preceding numbers and completing the sequence. End the response with the result.	The sequence would look like this:\n\n5A7, 5A8, 5A9, 5AA, 5AB\n\nSo, the next number after 5AA is 5AB.	False	gpt-4-0314	None	None	None	0	1
You are a mathematician. Assuming that all numbers are in base-11 where the digits are "0123456789A", what is the next number after 600? Do this by counting the few preceding numbers and completing the sequence. End the response with the result.	The sequence in base-11 would look like this: 597, 598, 599, 59A, 600, 601. So the next number after 600 is 601.	False	gpt-4-0314	None	None	None	0	1
You are a mathematician. Assuming that all numbers are in base-11 where the digits are "0123456789A", what is the next number after 60A? Do this by counting the few preceding numbers and completing the sequence. End the response with the result.	In base-11, counting goes as follows: 607, 608, 609, 60A, 610. So, the next number after 60A is 610.	False	gpt-4-0314	None	None	None	0	1
You are a mathematician. Assuming that all numbers are in base-11 where the digits are "0123456789A", what is the next number after 610? Do this by counting the few preceding numbers and completing the sequence. End the response with the result.	The sequence in base-11 would look like this: 606, 607, 608, 609, 60A, 610, 611. So, the next number after 610 is 611.	False	gpt-4-0314	None	None	None	0	1
You are a mathematician. Assuming that all numbers are in base-11 where the digits are "0123456789A", what is the next number after 61A? Do this by counting the few preceding numbers and completing the sequence. End the response with the result.	The sequence in base-11 would look like this: 616, 617, 618, 619, 61A, 620. So, the next number after 61A is 620.	False	gpt-4-0314	None	None	None	0	1
You are a mathematician. Assuming that all numbers are in base-11 where the digits are "0123456789A", what is the next number after 620? Do this by counting the few preceding numbers and completing the sequence. End the response with the result.	The sequence in base-11 would look like this: 616, 617, 618, 619, 61A, 620, 621. So, the next number after 620 is 621.	False	gpt-4-0314	None	None	None	0	1
You are a mathematician. Assuming that all numbers are in base-11 where the digits are "0123456789A", what is the next number after 62A? Do this by counting the few preceding numbers and completing the sequence. End the response with the result.	The sequence in base-11 would look like this: 625, 626, 627, 628, 629, 62A, 630.	False	gpt-4-0314	None	None	None	0	1
You are a mathematician. Assuming that all numbers are in base-11 where the digits are "0123456789A", what is the next number after 630? Do this by counting the few preceding numbers and completing the sequence. End the response with the result.	The sequence in base-11 would look like this: 625, 626, 627, 628, 629, 630, 631. So, the next number after 630 is 631.	False	gpt-4-0314	None	None	None	0	1
You are a mathematician. Assuming that all numbers are in base-11 where the digits are "0123456789A", what is the next number after 63A? Do this by counting the few preceding numbers and completing the sequence. End the response with the result.	The sequence in base-11 would look like this: 636, 637, 638, 639, 63A, 640. So, the next number after 63A is 640.	False	gpt-4-0314	None	None	None	0	1
You are a mathematician. Assuming that all numbers are in base-11 where the digits are "0123456789A", what is the next number after 640? Do this by counting the few preceding numbers and completing the sequence. End the response with the result.	The sequence in base-11 would look like this: 635, 636, 637, 638, 639, 63A, 640, 641. So, the next number after 640 is 641.	False	gpt-4-0314	None	None	None	0	1
You are a mathematician. Assuming that all numbers are in base-11 where the digits are "0123456789A", what is the next number after 64A? Do this by counting the few preceding numbers and completing the sequence. End the response with the result.	The sequence would look like this: 646, 647, 648, 649, 64A, 650.	False	gpt-4-0314	None	None	None	0	1
You are a mathematician. Assuming that all numbers are in base-11 where the digits are "0123456789A", what is the next number after 650? Do this by counting the few preceding numbers and completing the sequence. End the response with the result.	The sequence would be: 646, 647, 648, 649, 650, 651. So, the next number after 650 is 651.	False	gpt-4-0314	None	None	None	0	1
You are a mathematician. Assuming that all numbers are in base-11 where the digits are "0123456789A", what is the next number after 65A? Do this by counting the few preceding numbers and completing the sequence. End the response with the result.	The sequence in base-11 would look like this: 654, 655, 656, 657, 658, 659, 65A, 660.	False	gpt-4-0314	None	None	None	0	1
You are a mathematician. Assuming that all numbers are in base-11 where the digits are "0123456789A", what is the next number after 660? Do this by counting the few preceding numbers and completing the sequence. End the response with the result.	The sequence would be: 657, 658, 659, 660, 661. So, the next number after 660 is 661.	False	gpt-4-0314	None	None	None	0	1
You are a mathematician. Assuming that all numbers are in base-11 where the digits are "0123456789A", what is the next number after 66A? Do this by counting the few preceding numbers and completing the sequence. End the response with the result.	The sequence in base-11 would look like this: 665, 666, 667, 668, 669, 66A, 670. So the next number after 66A is 670.	False	gpt-4-0314	None	None	None	0	1
You are a mathematician. Assuming that all numbers are in base-11 where the digits are "0123456789A", what is the next number after 670? Do this by counting the few preceding numbers and completing the sequence. End the response with the result.	658, 659, 66A, 670, 671	False	gpt-4-0314	None	None	None	0	1
You are a mathematician. Assuming that all numbers are in base-11 where the digits are "0123456789A", what is the next number after 67A? Do this by counting the few preceding numbers and completing the sequence. End the response with the result.	The sequence in base-11 would look like this: 675, 676, 677, 678, 679, 67A, 680.	False	gpt-4-0314	None	None	None	0	1
You are a mathematician. Assuming that all numbers are in base-11 where the digits are "0123456789A", what is the next number after 680? Do this by counting the few preceding numbers and completing the sequence. End the response with the result.	The sequence in base-11 would look like this: 675, 676, 677, 678, 679, 67A, 680, 681. So, the next number after 680 is 681.	False	gpt-4-0314	None	None	None	0	1
You are a mathematician. Assuming that all numbers are in base-11 where the digits are "0123456789A", what is the next number after 68A? Do this by counting the few preceding numbers and completing the sequence. End the response with the result.	The sequence in base-11 would look like this: 686, 687, 688, 689, 68A, 690. So, the next number after 68A is 690.	False	gpt-4-0314	None	None	None	0	1
You are a mathematician. Assuming that all numbers are in base-11 where the digits are "0123456789A", what is the next number after 690? Do this by counting the few preceding numbers and completing the sequence. End the response with the result.	The sequence in base-11 would look like this: 687, 688, 689, 690, 691, 692, 693, 694, 695, 696, 697, 698, 699, 69A, 6A0. So, the next number after 690 is 691.	False	gpt-4-0314	None	None	None	0	1
You are a mathematician. Assuming that all numbers are in base-11 where the digits are "0123456789A", what is the next number after 69A? Do this by counting the few preceding numbers and completing the sequence. End the response with the result.	The sequence would look like this: 697, 698, 699, 69A, 6A0. So, the next number after 69A is 6A0.	False	gpt-4-0314	None	None	None	0	1
You are a mathematician. Assuming that all numbers are in base-11 where the digits are "0123456789A", what is the next number after 6A0? Do this by counting the few preceding numbers and completing the sequence. End the response with the result.	Let's count the few preceding numbers in base-11:\n\n6A0 - 6A1 - 6A2 - 6A3 - 6A4 - 6A5 - 6A6 - 6A7 - 6A8 - 6A9 - 6AA\n\nThe next number after 6A0 in base-11 is 6A1.	False	gpt-4-0314	None	None	None	0	1
You are a mathematician. Assuming that all numbers are in base-11 where the digits are "0123456789A", what is the next number after 6AA? Do this by counting the few preceding numbers and completing the sequence. End the response with the result.	Let's count the preceding numbers in base-11:\n\n6A7, 6A8, 6A9, 6AA, ...\n\nNow, let's find the next number in the sequence:\n\n6AA + 1 = 6AB	False	gpt-4-0314	None	None	None	0	1
You are a mathematician. Assuming that all numbers are in base-11 where the digits are "0123456789A", what is the next number after 700? Do this by counting the few preceding numbers and completing the sequence. End the response with the result.	698, 699, 6AA, 6A1, 6A2, 6A3, 6A4, 6A5, 6A6, 6A7, 6A8, 6A9, 6AA, 701	False	gpt-4-0314	None	None	None	0	1
You are a mathematician. Assuming that all numbers are in base-11 where the digits are "0123456789A", what is the next number after 70A? Do this by counting the few preceding numbers and completing the sequence. End the response with the result.	The sequence would look like this: 707, 708, 709, 70A, 710. So, the next number after 70A is 710.	False	gpt-4-0314	None	None	None	0	1
You are a mathematician. Assuming that all numbers are in base-11 where the digits are "0123456789A", what is the next number after 710? Do this by counting the few preceding numbers and completing the sequence. End the response with the result.	708, 709, 70A, 710, 711	False	gpt-4-0314	None	None	None	0	1
You are a mathematician. Assuming that all numbers are in base-11 where the digits are "0123456789A", what is the next number after 71A? Do this by counting the few preceding numbers and completing the sequence. End the response with the result.	The sequence in base-11 would look like this: 717, 718, 719, 71A, 720.	False	gpt-4-0314	None	None	None	0	1
You are a mathematician. Assuming that all numbers are in base-11 where the digits are "0123456789A", what is the next number after 720? Do this by counting the few preceding numbers and completing the sequence. End the response with the result.	The sequence in base-11 would look like this: 716, 717, 718, 719, 71A, 720, 721. So, the next number after 720 is 721.	False	gpt-4-0314	None	None	None	0	1
You are a mathematician. Assuming that all numbers are in base-11 where the digits are "0123456789A", what is the next number after 72A? Do this by counting the few preceding numbers and completing the sequence. End the response with the result.	The sequence in base-11 would look like this: 725, 726, 727, 728, 729, 72A, 730.	False	gpt-4-0314	None	None	None	0	1
You are a mathematician. Assuming that all numbers are in base-11 where the digits are "0123456789A", what is the next number after 730? Do this by counting the few preceding numbers and completing the sequence. End the response with the result.	The sequence in base-11 would look like this: 726, 727, 728, 729, 72A, 730, 731. So, the next number after 730 is 731.	False	gpt-4-0314	None	None	None	0	1
You are a mathematician. Assuming that all numbers are in base-11 where the digits are "0123456789A", what is the next number after 73A? Do this by counting the few preceding numbers and completing the sequence. End the response with the result.	The sequence in base-11 would look like this: 736, 737, 738, 739, 73A, 740. So the next number after 73A is 740.	False	gpt-4-0314	None	None	None	0	1
You are a mathematician. Assuming that all numbers are in base-11 where the digits are "0123456789A", what is the next number after 740? Do this by counting the few preceding numbers and completing the sequence. End the response with the result.	The sequence in base-11 would look like this: 736, 737, 738, 739, 73A, 740, 741. So, the next number after 740 is 741.	False	gpt-4-0314	None	None	None	0	1
You are a mathematician. Assuming that all numbers are in base-11 where the digits are "0123456789A", what is the next number after 74A? Do this by counting the few preceding numbers and completing the sequence. End the response with the result.	The sequence in base-11 would look like this: 745, 746, 747, 748, 749, 74A, 750.	False	gpt-4-0314	None	None	None	0	1
You are a mathematician. Assuming that all numbers are in base-11 where the digits are "0123456789A", what is the next number after 750? Do this by counting the few preceding numbers and completing the sequence. End the response with the result.	The sequence would look like this: 746, 747, 748, 749, 750, 751. So, the next number after 750 in base-11 is 751.	False	gpt-4-0314	None	None	None	0	1
You are a mathematician. Assuming that all numbers are in base-11 where the digits are "0123456789A", what is the next number after 75A? Do this by counting the few preceding numbers and completing the sequence. End the response with the result.	The sequence would look like this: 756, 757, 758, 759, 75A, 760.	False	gpt-4-0314	None	None	None	0	1
You are a mathematician. Assuming that all numbers are in base-11 where the digits are "0123456789A", what is the next number after 760? Do this by counting the few preceding numbers and completing the sequence. End the response with the result.	The sequence in base-11 would look like this: 756, 757, 758, 759, 75A, 760, 761. So, the next number after 760 is 761.	False	gpt-4-0314	None	None	None	0	1
You are a mathematician. Assuming that all numbers are in base-11 where the digits are "0123456789A", what is the next number after 76A? Do this by counting the few preceding numbers and completing the sequence. End the response with the result.	The sequence in base-11 would look like this: 765, 766, 767, 768, 769, 76A, 770.	False	gpt-4-0314	None	None	None	0	1
You are a mathematician. Assuming that all numbers are in base-11 where the digits are "0123456789A", what is the next number after 770? Do this by counting the few preceding numbers and completing the sequence. End the response with the result.	The sequence in base-11 would be:\n\n767, 768, 769, 770, 771	False	gpt-4-0314	None	None	None	0	1
You are a mathematician. Assuming that all numbers are in base-11 where the digits are "0123456789A", what is the next number after 77A? Do this by counting the few preceding numbers and completing the sequence. End the response with the result.	The sequence would look like this: 776, 777, 778, 779, 77A, 780.	False	gpt-4-0314	None	None	None	0	1
You are a mathematician. Assuming that all numbers are in base-11 where the digits are "0123456789A", what is the next number after 780? Do this by counting the few preceding numbers and completing the sequence. End the response with the result.	The sequence in base-11 would look like this: 776, 777, 778, 779, 77A, 780, 781. So, the next number after 780 is 781.	False	gpt-4-0314	None	None	None	0	1
You are a mathematician. Assuming that all numbers are in base-11 where the digits are "0123456789A", what is the next number after 78A? Do this by counting the few preceding numbers and completing the sequence. End the response with the result.	The sequence would look like this: 787, 788, 789, 78A, 790.	False	gpt-4-0314	None	None	None	0	1
You are a mathematician. Assuming that all numbers are in base-11 where the digits are "0123456789A", what is the next number after 790? Do this by counting the few preceding numbers and completing the sequence. End the response with the result.	The sequence in base-11 would look like this: 787, 788, 789, 78A, 790, 791, 792, 793, 794, 795, 796, 797, 798, 799, 79A, 7A0. So, the next number after 790 is 791.	False	gpt-4-0314	None	None	None	0	1
You are a mathematician. Assuming that all numbers are in base-11 where the digits are "0123456789A", what is the next number after 79A? Do this by counting the few preceding numbers and completing the sequence. End the response with the result.	The sequence would look like this: 795, 796, 797, 798, 799, 79A, 7A0. So, the next number after 79A is 7A0.	False	gpt-4-0314	None	None	None	0	1
You are a mathematician. Assuming that all numbers are in base-11 where the digits are "0123456789A", what is the next number after 7A0? Do this by counting the few preceding numbers and completing the sequence. End the response with the result.	The sequence would look like this: 798, 799, 79A, 7A0, 7A1. So, the next number after 7A0 is 7A1.	False	gpt-4-0314	None	None	None	0	1
You are a mathematician. Assuming that all numbers are in base-11 where the digits are "0123456789A", what is the next number after 7AA? Do this by counting the few preceding numbers and completing the sequence. End the response with the result.	Let's count the preceding numbers in base-11:\n\n7A7\n7A8\n7A9\n7AA\n\nThe next number after 7AA in base-11 would be:\n\n7AB	False	gpt-4-0314	None	None	None	0	1
You are a mathematician. Assuming that all numbers are in base-11 where the digits are "0123456789A", what is the next number after 800? Do this by counting the few preceding numbers and completing the sequence. End the response with the result.	798, 799, 800, 801	False	gpt-4-0314	None	None	None	0	1
You are a mathematician. Assuming that all numbers are in base-11 where the digits are "0123456789A", what is the next number after 80A? Do this by counting the few preceding numbers and completing the sequence. End the response with the result.	The sequence would be: 807, 808, 809, 80A, 810.	False	gpt-4-0314	None	None	None	0	1
You are a mathematician. Assuming that all numbers are in base-11 where the digits are "0123456789A", what is the next number after 810? Do this by counting the few preceding numbers and completing the sequence. End the response with the result.	The sequence in base-11 would look like this: 807, 808, 809, 80A, 810, 811. So the next number after 810 is 811.	False	gpt-4-0314	None	None	None	0	1
You are a mathematician. Assuming that all numbers are in base-11 where the digits are "0123456789A", what is the next number after 81A? Do this by counting the few preceding numbers and completing the sequence. End the response with the result.	The sequence in base-11 would look like this: 817, 818, 819, 81A, 820. So the next number after 81A is 820.	False	gpt-4-0314	None	None	None	0	1
You are a mathematician. Assuming that all numbers are in base-11 where the digits are "0123456789A", what is the next number after 820? Do this by counting the few preceding numbers and completing the sequence. End the response with the result.	The sequence in base-11 would look like this: 816, 817, 818, 819, 81A, 820, 821. So, the next number after 820 is 821.	False	gpt-4-0314	None	None	None	0	1
You are a mathematician. Assuming that all numbers are in base-11 where the digits are "0123456789A", what is the next number after 82A? Do this by counting the few preceding numbers and completing the sequence. End the response with the result.	In base-11, the sequence would look like this: 826, 827, 828, 829, 82A, 830.	False	gpt-4-0314	None	None	None	0	1
You are a mathematician. Assuming that all numbers are in base-11 where the digits are "0123456789A", what is the next number after 830? Do this by counting the few preceding numbers and completing the sequence. End the response with the result.	The sequence in base-11 would look like this: 826, 827, 828, 829, 82A, 831. So, the next number after 830 in base-11 is 831.	False	gpt-4-0314	None	None	None	0	1
You are a mathematician. Assuming that all numbers are in base-11 where the digits are "0123456789A", what is the next number after 83A? Do this by counting the few preceding numbers and completing the sequence. End the response with the result.	The sequence in base-11 would look like this: 836, 837, 838, 839, 83A, 840.	False	gpt-4-0314	None	None	None	0	1
You are a mathematician. Assuming that all numbers are in base-11 where the digits are "0123456789A", what is the next number after 840? Do this by counting the few preceding numbers and completing the sequence. End the response with the result.	The sequence in base-11 would look like this: 837, 838, 839, 840, 841. So the next number after 840 is 841.	False	gpt-4-0314	None	None	None	0	1
You are a mathematician. Assuming that all numbers are in base-11 where the digits are "0123456789A", what is the next number after 84A? Do this by counting the few preceding numbers and completing the sequence. End the response with the result.	The sequence in base-11 would look like this: 846, 847, 848, 849, 84A, 850.	False	gpt-4-0314	None	None	None	0	1
You are a mathematician. Assuming that all numbers are in base-11 where the digits are "0123456789A", what is the next number after 850? Do this by counting the few preceding numbers and completing the sequence. End the response with the result.	The sequence in base-11 would look like this: 846, 847, 848, 849, 84A, 850, 851. So, the next number after 850 is 851.	False	gpt-4-0314	None	None	None	0	1
You are a mathematician. Assuming that all numbers are in base-11 where the digits are "0123456789A", what is the next number after 85A? Do this by counting the few preceding numbers and completing the sequence. End the response with the result.	The sequence in base-11 would look like this: 857, 858, 859, 85A, 860.	False	gpt-4-0314	None	None	None	0	1
You are a mathematician. Assuming that all numbers are in base-11 where the digits are "0123456789A", what is the next number after 860? Do this by counting the few preceding numbers and completing the sequence. End the response with the result.	The sequence in base-11 would be: 857, 858, 859, 860, 861. So, the next number after 860 is 861.	False	gpt-4-0314	None	None	None	0	1
You are a mathematician. Assuming that all numbers are in base-11 where the digits are "0123456789A", what is the next number after 86A? Do this by counting the few preceding numbers and completing the sequence. End the response with the result.	The sequence in base-11 would look like this: 867, 868, 869, 86A, 870. So, the next number after 86A is 870.	False	gpt-4-0314	None	None	None	0	1
You are a mathematician. Assuming that all numbers are in base-11 where the digits are "0123456789A", what is the next number after 870? Do this by counting the few preceding numbers and completing the sequence. End the response with the result.	858, 859, 860, 861, 862, 863, 864, 865, 866, 867, 868, 869, 870, 871	False	gpt-4-0314	None	None	None	0	1
You are a mathematician. Assuming that all numbers are in base-11 where the digits are "0123456789A", what is the next number after 87A? Do this by counting the few preceding numbers and completing the sequence. End the response with the result.	856, 857, 858, 859, 85A, 860, 861, 862, 863, 864, 865, 866, 867, 868, 869, 86A, 870, 871, 872, 873, 874, 875, 876, 877, 878, 879, 87A, 880	False	gpt-4-0314	None	None	None	0	1
You are a mathematician. Assuming that all numbers are in base-11 where the digits are "0123456789A", what is the next number after 880? Do this by counting the few preceding numbers and completing the sequence. End the response with the result.	The sequence in base-11 would look like this: 876, 877, 878, 879, 87A, 880, 881. So, the next number after 880 is 881.	False	gpt-4-0314	None	None	None	0	1
You are a mathematician. Assuming that all numbers are in base-11 where the digits are "0123456789A", what is the next number after 88A? Do this by counting the few preceding numbers and completing the sequence. End the response with the result.	The sequence would look like this: 887, 888, 889, 88A, 890.	False	gpt-4-0314	None	None	None	0	1
You are a mathematician. Assuming that all numbers are in base-11 where the digits are "0123456789A", what is the next number after 890? Do this by counting the few preceding numbers and completing the sequence. End the response with the result.	The sequence in base-11 would look like this: 887, 888, 889, 890, and the next number would be 891.	False	gpt-4-0314	None	None	None	0	1
You are a mathematician. Assuming that all numbers are in base-11 where the digits are "0123456789A", what is the next number after 89A? Do this by counting the few preceding numbers and completing the sequence. End the response with the result.	The sequence would look like this: 898, 899, 89A, 8A0. So, the next number after 89A is 8A0.	False	gpt-4-0314	None	None	None	0	1
You are a mathematician. Assuming that all numbers are in base-11 where the digits are "0123456789A", what is the next number after 8A0? Do this by counting the few preceding numbers and completing the sequence. End the response with the result.	The sequence would look like this: 898, 899, 89A, 8A0, 8A1. So, the next number after 8A0 is 8A1.	False	gpt-4-0314	None	None	None	0	1
You are a mathematician. Assuming that all numbers are in base-11 where the digits are "0123456789A", what is the next number after 8AA? Do this by counting the few preceding numbers and completing the sequence. End the response with the result.	The sequence would look like this:\n\n8A7, 8A8, 8A9, 8AA, 8AB\n\nSo, the next number after 8AA is 8AB.	False	gpt-4-0314	None	None	None	0	1
You are a mathematician. Assuming that all numbers are in base-11 where the digits are "0123456789A", what is the next number after 900? Do this by counting the few preceding numbers and completing the sequence. End the response with the result.	The sequence in base-11 would be: 898, 899, 89A, 900, 901. So, the next number after 900 is 901.	False	gpt-4-0314	None	None	None	0	1
You are a mathematician. Assuming that all numbers are in base-11 where the digits are "0123456789A", what is the next number after 90A? Do this by counting the few preceding numbers and completing the sequence. End the response with the result.	The sequence would look like this: 907, 908, 909, 90A, 910. So, the next number after 90A is 910.	False	gpt-4-0314	None	None	None	0	1
